# --------------------------------------------------------
# Host:                         127.0.0.1
# Server version:               5.1.53-community-log
# Server OS:                    Win64
# HeidiSQL version:             6.0.0.3603
# Date/time:                    2013-01-22 14:55:55
# --------------------------------------------------------

/*!40101 SET @OLD_CHARACTER_SET_CLIENT=@@CHARACTER_SET_CLIENT */;
/*!40101 SET NAMES utf8 */;
/*!40014 SET @OLD_FOREIGN_KEY_CHECKS=@@FOREIGN_KEY_CHECKS, FOREIGN_KEY_CHECKS=0 */;
/*!40101 SET @OLD_SQL_MODE=@@SQL_MODE, SQL_MODE='NO_AUTO_VALUE_ON_ZERO' */;

# Dumping database structure for db_saa
CREATE DATABASE IF NOT EXISTS `db_saa` /*!40100 DEFAULT CHARACTER SET latin1 */;
USE `db_saa`;


# Dumping structure for table db_saa.tbl_attendances
DROP TABLE IF EXISTS `tbl_attendances`;
CREATE TABLE IF NOT EXISTS `tbl_attendances` (
  `att_id` int(11) NOT NULL AUTO_INCREMENT,
  `att_stu_id` int(11) NOT NULL,
  `att_absent` int(11) NOT NULL,
  `att_date` date NOT NULL,
  `att_attended` int(11) NOT NULL,
  `att_description` text NOT NULL,
  `att_ter_id` int(10) DEFAULT NULL,
  PRIMARY KEY (`att_id`)
) ENGINE=InnoDB AUTO_INCREMENT=4170 DEFAULT CHARSET=utf8;

# Dumping data for table db_saa.tbl_attendances: ~4,167 rows (approximately)
DELETE FROM `tbl_attendances`;
/*!40000 ALTER TABLE `tbl_attendances` DISABLE KEYS */;
INSERT INTO `tbl_attendances` (`att_id`, `att_stu_id`, `att_absent`, `att_date`, `att_attended`, `att_description`, `att_ter_id`) VALUES
	(1, 1, 1, '2012-03-30', 0, '', 1),
	(2, 17, 1, '2012-03-30', 0, '', 1),
	(3, 10, 1, '2012-03-30', 0, '', 1),
	(4, 18, 1, '2012-03-30', 0, '', 1),
	(5, 13, 1, '2012-03-30', 0, '', 1),
	(6, 7, 1, '2012-03-30', 0, '', 1),
	(7, 8, 1, '2012-03-30', 0, '', 1),
	(8, 4, 1, '2012-03-30', 0, '', 1),
	(9, 16, 1, '2012-03-30', 0, '', 1),
	(10, 12, 1, '2012-03-30', 0, '', 1),
	(11, 15, 0, '2012-03-30', 1, '', 1),
	(12, 11, 0, '2012-03-30', 1, '', 1),
	(13, 5, 1, '2012-03-30', 0, '', 1),
	(14, 6, 0, '2012-03-30', 1, '', 1),
	(15, 14, 0, '2012-03-30', 1, '', 1),
	(16, 3, 0, '2012-03-30', 1, '', 1),
	(17, 9, 0, '2012-03-30', 1, '', 1),
	(18, 19, 0, '2012-03-30', 1, '', 1),
	(19, 43, 0, '2012-04-02', 1, '', 2),
	(20, 42, 0, '2012-04-02', 1, '', 2),
	(21, 41, 0, '2012-04-02', 1, '', 2),
	(22, 46, 0, '2012-04-02', 1, '', 2),
	(23, 45, 0, '2012-04-02', 1, '', 2),
	(24, 38, 0, '2012-04-02', 1, '', 2),
	(25, 44, 0, '2012-04-02', 1, '', 2),
	(26, 50, 0, '2012-04-02', 1, '', 2),
	(27, 1, 0, '2012-04-02', 1, '', 2),
	(28, 2, 0, '2012-04-02', 1, '', 2),
	(29, 54, 0, '2012-04-02', 1, '', 2),
	(30, 56, 0, '2012-04-02', 1, '', 2),
	(31, 58, 0, '2012-04-02', 1, '', 2),
	(32, 48, 0, '2012-04-02', 1, '', 2),
	(33, 51, 1, '2012-04-02', 0, '', 2),
	(34, 49, 1, '2012-04-02', 0, '', 2),
	(35, 39, 1, '2012-04-02', 0, '', 2),
	(36, 55, 1, '2012-04-02', 0, '', 2),
	(37, 52, 1, '2012-04-02', 0, '', 2),
	(38, 57, 1, '2012-04-02', 0, '', 2),
	(39, 53, 1, '2012-04-02', 0, '', 2),
	(40, 40, 1, '2012-04-02', 0, '', 2),
	(41, 47, 1, '2012-04-02', 0, '', 2),
	(42, 17, 1, '2012-04-24', 0, '', 2),
	(43, 10, 1, '2012-04-24', 0, '', 2),
	(44, 18, 1, '2012-04-24', 0, '', 2),
	(45, 13, 1, '2012-04-24', 0, '', 2),
	(46, 7, 1, '2012-04-24', 0, '', 2),
	(47, 8, 1, '2012-04-24', 0, '', 2),
	(48, 4, 1, '2012-04-24', 0, '', 2),
	(49, 16, 1, '2012-04-24', 0, '', 2),
	(50, 12, 1, '2012-04-24', 0, '', 2),
	(51, 15, 1, '2012-04-24', 0, '', 2),
	(52, 11, 1, '2012-04-24', 0, '', 2),
	(53, 5, 1, '2012-04-24', 0, '', 2),
	(54, 6, 1, '2012-04-24', 0, '', 2),
	(55, 14, 1, '2012-04-24', 0, '', 2),
	(56, 3, 1, '2012-04-24', 0, '', 2),
	(57, 9, 1, '2012-04-24', 0, '', 2),
	(58, 19, 1, '2012-04-24', 0, '', 2),
	(59, 91, 0, '2012-04-24', 1, '', 2),
	(60, 100, 0, '2012-04-24', 1, '', 2),
	(61, 92, 0, '2012-04-24', 1, '', 2),
	(62, 95, 0, '2012-04-24', 1, '', 2),
	(63, 93, 0, '2012-04-24', 1, '', 2),
	(64, 88, 0, '2012-04-24', 1, '', 2),
	(65, 81, 0, '2012-04-24', 1, '', 2),
	(66, 83, 0, '2012-04-24', 1, '', 2),
	(67, 85, 0, '2012-04-24', 1, '', 2),
	(68, 82, 0, '2012-04-24', 1, '', 2),
	(69, 87, 1, '2012-04-24', 0, '', 2),
	(70, 107, 0, '2012-04-24', 1, '', 2),
	(71, 101, 0, '2012-04-24', 1, '', 2),
	(72, 86, 1, '2012-04-24', 0, '', 2),
	(73, 98, 0, '2012-04-24', 1, '', 2),
	(74, 90, 0, '2012-04-24', 1, '', 2),
	(75, 96, 0, '2012-04-24', 1, '', 2),
	(76, 99, 0, '2012-04-24', 1, '', 2),
	(77, 106, 0, '2012-04-24', 1, '', 2),
	(78, 104, 0, '2012-04-24', 1, '', 2),
	(79, 94, 0, '2012-04-24', 1, '', 2),
	(80, 103, 1, '2012-04-24', 0, '', 2),
	(81, 84, 0, '2012-04-24', 1, '', 2),
	(82, 89, 0, '2012-04-24', 1, '', 2),
	(83, 97, 0, '2012-04-24', 1, '', 2),
	(84, 105, 0, '2012-04-24', 1, '', 2),
	(85, 25, 0, '2012-01-18', 1, '', 1),
	(86, 24, 0, '2012-01-18', 1, '', 1),
	(87, 26, 0, '2012-01-18', 1, '', 1),
	(88, 27, 0, '2012-01-18', 1, '', 1),
	(89, 34, 0, '2012-01-18', 1, '', 1),
	(90, 29, 0, '2012-01-18', 1, '', 1),
	(91, 30, 0, '2012-01-18', 1, '', 1),
	(92, 22, 0, '2012-01-18', 1, '', 1),
	(93, 21, 0, '2012-01-18', 1, '', 1),
	(94, 32, 0, '2012-01-18', 1, '', 1),
	(95, 35, 0, '2012-01-18', 1, '', 1),
	(96, 23, 1, '2012-01-18', 0, 'Permission he got sick', 1),
	(97, 28, 0, '2012-01-18', 1, '', 1),
	(98, 37, 0, '2012-01-18', 1, '', 1),
	(99, 31, 0, '2012-01-18', 1, '', 1),
	(100, 20, 0, '2012-01-18', 1, '', 1),
	(101, 36, 0, '2012-01-18', 1, '', 1),
	(102, 33, 0, '2012-01-18', 1, '', 1),
	(103, 25, 0, '2012-01-25', 1, '', 1),
	(104, 24, 0, '2012-01-25', 1, '', 1),
	(105, 26, 0, '2012-01-25', 1, '', 1),
	(106, 27, 0, '2012-01-25', 1, '', 1),
	(107, 34, 0, '2012-01-25', 1, '', 1),
	(108, 29, 0, '2012-01-25', 1, '', 1),
	(109, 30, 0, '2012-01-25', 1, '', 1),
	(110, 22, 0, '2012-01-25', 1, '', 1),
	(111, 21, 0, '2012-01-25', 1, '', 1),
	(112, 32, 0, '2012-01-25', 1, '', 1),
	(113, 35, 0, '2012-01-25', 1, '', 1),
	(114, 23, 1, '2012-01-25', 0, 'Permission he got sick', 1),
	(115, 28, 0, '2012-01-25', 1, '', 1),
	(116, 37, 0, '2012-01-25', 1, '', 1),
	(117, 31, 0, '2012-01-25', 1, '', 1),
	(118, 20, 0, '2012-01-25', 1, '', 1),
	(119, 36, 0, '2012-01-25', 1, '', 1),
	(120, 33, 0, '2012-01-25', 1, '', 1),
	(121, 25, 1, '2012-02-08', 0, '', 1),
	(122, 24, 0, '2012-02-08', 1, '', 1),
	(123, 26, 0, '2012-02-08', 1, '', 1),
	(124, 27, 0, '2012-02-08', 1, '', 1),
	(125, 34, 1, '2012-02-08', 0, '', 1),
	(126, 29, 0, '2012-02-08', 1, '', 1),
	(127, 30, 1, '2012-02-08', 0, '', 1),
	(128, 22, 1, '2012-02-08', 0, '', 1),
	(129, 21, 1, '2012-02-08', 0, '', 1),
	(130, 32, 1, '2012-02-08', 0, '', 1),
	(131, 35, 1, '2012-02-08', 0, '', 1),
	(132, 23, 1, '2012-02-08', 0, '', 1),
	(133, 28, 1, '2012-02-08', 0, '', 1),
	(134, 37, 1, '2012-02-08', 0, '', 1),
	(135, 31, 1, '2012-02-08', 0, '', 1),
	(136, 20, 0, '2012-02-08', 1, '', 1),
	(137, 36, 0, '2012-02-08', 1, '', 1),
	(138, 33, 1, '2012-02-08', 0, '', 1),
	(139, 25, 0, '2012-02-15', 1, '', 1),
	(140, 24, 0, '2012-02-15', 1, '', 1),
	(141, 26, 0, '2012-02-15', 1, '', 1),
	(142, 27, 0, '2012-02-15', 1, '', 1),
	(143, 34, 0, '2012-02-15', 1, '', 1),
	(144, 29, 1, '2012-02-15', 0, 'Many students went home because no class room', 1),
	(145, 30, 1, '2012-02-15', 0, '', 1),
	(146, 22, 1, '2012-02-15', 0, '', 1),
	(147, 21, 1, '2012-02-15', 0, '', 1),
	(148, 32, 1, '2012-02-15', 0, '', 1),
	(149, 35, 1, '2012-02-15', 0, '', 1),
	(150, 23, 1, '2012-02-15', 0, '', 1),
	(151, 28, 1, '2012-02-15', 0, '', 1),
	(152, 37, 0, '2012-02-15', 1, '', 1),
	(153, 31, 1, '2012-02-15', 0, '', 1),
	(154, 20, 0, '2012-02-15', 1, '', 1),
	(155, 36, 1, '2012-02-15', 0, '', 1),
	(156, 33, 1, '2012-02-15', 0, '', 1),
	(157, 25, 1, '2012-02-22', 0, '', 1),
	(158, 24, 1, '2012-02-22', 0, '', 1),
	(159, 26, 0, '2012-02-22', 1, '', 1),
	(160, 27, 0, '2012-02-22', 1, '', 1),
	(161, 34, 1, '2012-02-22', 0, '', 1),
	(162, 29, 0, '2012-02-22', 1, '', 1),
	(163, 30, 0, '2012-02-22', 1, '', 1),
	(164, 22, 1, '2012-02-22', 0, '', 1),
	(165, 21, 1, '2012-02-22', 0, '', 1),
	(166, 32, 0, '2012-02-22', 1, '', 1),
	(167, 35, 1, '2012-02-22', 0, '', 1),
	(168, 23, 1, '2012-02-22', 0, '', 1),
	(169, 28, 1, '2012-02-22', 0, '', 1),
	(170, 37, 1, '2012-02-22', 0, '', 1),
	(171, 31, 0, '2012-02-22', 1, '', 1),
	(172, 20, 0, '2012-02-22', 1, '', 1),
	(173, 36, 0, '2012-02-22', 1, '', 1),
	(174, 33, 0, '2012-02-22', 1, '', 1),
	(175, 25, 0, '2012-02-29', 1, '', 1),
	(176, 24, 0, '2012-02-29', 1, '', 1),
	(177, 26, 0, '2012-02-29', 1, '', 1),
	(178, 27, 0, '2012-02-29', 1, '', 1),
	(179, 34, 1, '2012-02-29', 0, '', 1),
	(180, 29, 0, '2012-02-29', 1, '', 1),
	(181, 30, 1, '2012-02-29', 0, '', 1),
	(182, 22, 1, '2012-02-29', 0, 'Permission he not well today', 1),
	(183, 21, 0, '2012-02-29', 1, '', 1),
	(184, 32, 1, '2012-02-29', 0, '', 1),
	(185, 35, 1, '2012-02-29', 0, '', 1),
	(186, 23, 1, '2012-02-29', 0, '', 1),
	(187, 28, 1, '2012-02-29', 0, '', 1),
	(188, 37, 0, '2012-02-29', 1, '', 1),
	(189, 31, 0, '2012-02-29', 1, '', 1),
	(190, 20, 0, '2012-02-29', 1, '', 1),
	(191, 36, 0, '2012-02-29', 1, '', 1),
	(192, 33, 0, '2012-02-29', 1, '', 1),
	(193, 17, 1, '2012-05-23', 0, 'She leave from school', 2),
	(194, 10, 0, '2012-05-23', 1, '', 2),
	(195, 18, 0, '2012-05-23', 1, '', 2),
	(196, 13, 0, '2012-05-23', 1, '', 2),
	(197, 7, 0, '2012-05-23', 1, '', 2),
	(198, 8, 0, '2012-05-23', 1, '', 2),
	(199, 4, 0, '2012-05-23', 1, '', 2),
	(200, 16, 0, '2012-05-23', 1, '', 2),
	(201, 12, 0, '2012-05-23', 1, '', 2),
	(202, 15, 0, '2012-05-23', 1, '', 2),
	(203, 11, 0, '2012-05-23', 1, '', 2),
	(204, 5, 0, '2012-05-23', 1, '', 2),
	(205, 6, 0, '2012-05-23', 1, '', 2),
	(206, 14, 0, '2012-05-23', 1, '', 2),
	(207, 3, 0, '2012-05-23', 1, '', 2),
	(208, 9, 0, '2012-05-23', 1, '', 2),
	(209, 19, 0, '2012-05-23', 1, '', 2),
	(210, 43, 0, '2012-05-30', 1, '', 2),
	(211, 42, 0, '2012-05-30', 1, '', 2),
	(212, 41, 0, '2012-05-30', 1, '', 2),
	(213, 46, 1, '2012-05-30', 0, '', 2),
	(214, 45, 0, '2012-05-30', 1, '', 2),
	(215, 38, 0, '2012-05-30', 1, '', 2),
	(216, 44, 0, '2012-05-30', 1, '', 2),
	(217, 50, 1, '2012-05-30', 0, '', 2),
	(218, 1, 0, '2012-05-30', 1, '', 2),
	(219, 2, 0, '2012-05-30', 1, '', 2),
	(220, 54, 0, '2012-05-30', 1, '', 2),
	(221, 56, 0, '2012-05-30', 1, '', 2),
	(222, 58, 1, '2012-05-30', 0, '', 2),
	(223, 48, 0, '2012-05-30', 1, '', 2),
	(224, 51, 0, '2012-05-30', 1, '', 2),
	(225, 49, 0, '2012-05-30', 1, '', 2),
	(226, 39, 0, '2012-05-30', 1, '', 2),
	(227, 55, 1, '2012-05-30', 0, '', 2),
	(228, 52, 0, '2012-05-30', 1, '', 2),
	(229, 57, 1, '2012-05-30', 0, '', 2),
	(230, 53, 0, '2012-05-30', 1, '', 2),
	(231, 40, 0, '2012-05-30', 1, '', 2),
	(232, 47, 1, '2012-05-30', 0, '', 2),
	(233, 17, 1, '2012-05-30', 0, '', 2),
	(234, 10, 0, '2012-05-30', 1, '', 2),
	(235, 18, 0, '2012-05-30', 1, '', 2),
	(236, 13, 1, '2012-05-30', 0, '', 2),
	(237, 7, 0, '2012-05-30', 1, '', 2),
	(238, 8, 0, '2012-05-30', 1, '', 2),
	(239, 4, 0, '2012-05-30', 1, '', 2),
	(240, 16, 0, '2012-05-30', 1, '', 2),
	(241, 12, 0, '2012-05-30', 1, '', 2),
	(242, 15, 0, '2012-05-30', 1, '', 2),
	(243, 11, 0, '2012-05-30', 1, '', 2),
	(244, 5, 0, '2012-05-30', 1, '', 2),
	(245, 6, 0, '2012-05-30', 1, '', 2),
	(246, 14, 0, '2012-05-30', 1, '', 2),
	(247, 3, 1, '2012-05-30', 0, '', 2),
	(248, 9, 0, '2012-05-30', 1, '', 2),
	(249, 19, 0, '2012-05-30', 1, '', 2),
	(250, 43, 0, '2012-06-06', 1, '', 2),
	(251, 42, 0, '2012-06-06', 1, '', 2),
	(252, 41, 0, '2012-06-06', 1, '', 2),
	(253, 46, 1, '2012-06-06', 0, '', 2),
	(254, 45, 0, '2012-06-06', 1, '', 2),
	(255, 38, 1, '2012-06-06', 0, '', 2),
	(256, 44, 0, '2012-06-06', 1, '', 2),
	(257, 50, 1, '2012-06-06', 0, '', 2),
	(258, 1, 0, '2012-06-06', 1, '', 2),
	(259, 2, 0, '2012-06-06', 1, '', 2),
	(260, 54, 0, '2012-06-06', 1, '', 2),
	(261, 56, 0, '2012-06-06', 1, '', 2),
	(262, 58, 1, '2012-06-06', 0, '', 2),
	(263, 48, 0, '2012-06-06', 1, '', 2),
	(264, 51, 0, '2012-06-06', 1, '', 2),
	(265, 49, 0, '2012-06-06', 1, '', 2),
	(266, 39, 1, '2012-06-06', 0, '', 2),
	(267, 55, 0, '2012-06-06', 1, '', 2),
	(268, 52, 0, '2012-06-06', 1, '', 2),
	(269, 57, 0, '2012-06-06', 1, '', 2),
	(270, 53, 0, '2012-06-06', 1, '', 2),
	(271, 40, 0, '2012-06-06', 1, '', 2),
	(272, 47, 0, '2012-06-06', 1, '', 2),
	(273, 17, 1, '2012-06-06', 0, '', 2),
	(274, 10, 0, '2012-06-06', 1, '', 2),
	(275, 18, 0, '2012-06-06', 1, '', 2),
	(276, 13, 1, '2012-06-06', 0, '', 2),
	(277, 7, 0, '2012-06-06', 1, '', 2),
	(278, 8, 0, '2012-06-06', 1, '', 2),
	(279, 4, 0, '2012-06-06', 1, '', 2),
	(280, 16, 0, '2012-06-06', 1, '', 2),
	(281, 12, 0, '2012-06-06', 1, '', 2),
	(282, 15, 0, '2012-06-06', 1, '', 2),
	(283, 11, 1, '2012-06-06', 0, '', 2),
	(284, 5, 0, '2012-06-06', 1, '', 2),
	(285, 6, 0, '2012-06-06', 1, '', 2),
	(286, 14, 0, '2012-06-06', 1, '', 2),
	(287, 3, 0, '2012-06-06', 1, '', 2),
	(288, 9, 1, '2012-06-06', 0, '', 2),
	(289, 19, 0, '2012-06-06', 1, '', 2),
	(290, 10, 0, '2012-06-13', 1, '', 2),
	(291, 18, 0, '2012-06-13', 1, '', 2),
	(292, 13, 0, '2012-06-13', 1, '', 2),
	(293, 7, 0, '2012-06-13', 1, '', 2),
	(294, 8, 0, '2012-06-13', 1, '', 2),
	(295, 4, 0, '2012-06-13', 1, '', 2),
	(296, 16, 0, '2012-06-13', 1, '', 2),
	(297, 12, 0, '2012-06-13', 1, '', 2),
	(298, 15, 0, '2012-06-13', 1, '', 2),
	(299, 11, 0, '2012-06-13', 1, '', 2),
	(300, 5, 0, '2012-06-13', 1, '', 2),
	(301, 6, 0, '2012-06-13', 1, '', 2),
	(302, 14, 0, '2012-06-13', 1, '', 2),
	(303, 3, 0, '2012-06-13', 1, '', 2),
	(304, 9, 0, '2012-06-13', 1, '', 2),
	(305, 19, 0, '2012-06-13', 1, '', 2),
	(306, 43, 0, '2012-06-13', 1, '', 2),
	(307, 42, 0, '2012-06-13', 1, '', 2),
	(308, 41, 0, '2012-06-13', 1, '', 2),
	(309, 46, 1, '2012-06-13', 0, '', 2),
	(310, 45, 1, '2012-06-13', 0, '', 2),
	(311, 38, 1, '2012-06-13', 0, '', 2),
	(312, 44, 0, '2012-06-13', 1, '', 2),
	(313, 50, 0, '2012-06-13', 1, '', 2),
	(314, 1, 0, '2012-06-13', 1, '', 2),
	(315, 2, 0, '2012-06-13', 1, '', 2),
	(316, 54, 0, '2012-06-13', 1, '', 2),
	(317, 56, 0, '2012-06-13', 1, '', 2),
	(318, 48, 0, '2012-06-13', 1, '', 2),
	(319, 51, 0, '2012-06-13', 1, '', 2),
	(320, 49, 0, '2012-06-13', 1, '', 2),
	(321, 39, 0, '2012-06-13', 1, '', 2),
	(322, 55, 1, '2012-06-13', 0, '', 2),
	(323, 52, 0, '2012-06-13', 1, '', 2),
	(324, 57, 0, '2012-06-13', 1, '', 2),
	(325, 53, 0, '2012-06-13', 1, '', 2),
	(326, 40, 0, '2012-06-13', 1, '', 2),
	(327, 47, 0, '2012-06-13', 1, '', 2),
	(328, 43, 0, '2012-06-20', 1, '', 2),
	(329, 42, 0, '2012-06-20', 1, '', 2),
	(330, 41, 0, '2012-06-20', 1, '', 2),
	(331, 46, 0, '2012-06-20', 1, '', 2),
	(332, 45, 0, '2012-06-20', 1, '', 2),
	(333, 38, 0, '2012-06-20', 1, '', 2),
	(334, 44, 0, '2012-06-20', 1, '', 2),
	(335, 50, 0, '2012-06-20', 1, '', 2),
	(336, 1, 0, '2012-06-20', 1, '', 2),
	(337, 2, 0, '2012-06-20', 1, '', 2),
	(338, 54, 0, '2012-06-20', 1, '', 2),
	(339, 56, 0, '2012-06-20', 1, '', 2),
	(340, 48, 0, '2012-06-20', 1, '', 2),
	(341, 51, 0, '2012-06-20', 1, '', 2),
	(342, 49, 0, '2012-06-20', 1, '', 2),
	(343, 39, 0, '2012-06-20', 1, '', 2),
	(344, 55, 0, '2012-06-20', 1, '', 2),
	(345, 52, 0, '2012-06-20', 1, '', 2),
	(346, 57, 0, '2012-06-20', 1, '', 2),
	(347, 53, 0, '2012-06-20', 1, '', 2),
	(348, 40, 0, '2012-06-20', 1, '', 2),
	(349, 47, 0, '2012-06-20', 1, '', 2),
	(350, 10, 0, '2012-06-20', 1, '', 2),
	(351, 18, 0, '2012-06-20', 1, '', 2),
	(352, 13, 0, '2012-06-20', 1, '', 2),
	(353, 7, 0, '2012-06-20', 1, '', 2),
	(354, 8, 0, '2012-06-20', 1, '', 2),
	(355, 4, 0, '2012-06-20', 1, '', 2),
	(356, 16, 0, '2012-06-20', 1, '', 2),
	(357, 12, 0, '2012-06-20', 1, '', 2),
	(358, 15, 0, '2012-06-20', 1, '', 2),
	(359, 11, 1, '2012-06-20', 0, '', 2),
	(360, 5, 0, '2012-06-20', 1, '', 2),
	(361, 6, 0, '2012-06-20', 1, '', 2),
	(362, 14, 1, '2012-06-20', 0, '', 2),
	(363, 3, 0, '2012-06-20', 1, '', 2),
	(364, 9, 1, '2012-06-20', 0, '', 2),
	(365, 19, 1, '2012-06-20', 0, '', 2),
	(366, 43, 0, '2012-06-27', 1, '', 2),
	(367, 42, 1, '2012-06-27', 0, '', 2),
	(368, 41, 0, '2012-06-27', 1, '', 2),
	(369, 46, 1, '2012-06-27', 0, '', 2),
	(370, 45, 0, '2012-06-27', 1, '', 2),
	(371, 38, 0, '2012-06-27', 1, '', 2),
	(372, 44, 0, '2012-06-27', 1, '', 2),
	(373, 50, 1, '2012-06-27', 0, '', 2),
	(374, 1, 0, '2012-06-27', 1, '', 2),
	(375, 2, 0, '2012-06-27', 1, '', 2),
	(376, 54, 0, '2012-06-27', 1, '', 2),
	(377, 56, 0, '2012-06-27', 1, '', 2),
	(378, 48, 1, '2012-06-27', 0, '', 2),
	(379, 51, 0, '2012-06-27', 1, '', 2),
	(380, 49, 0, '2012-06-27', 1, '', 2),
	(381, 39, 0, '2012-06-27', 1, '', 2),
	(382, 55, 0, '2012-06-27', 1, '', 2),
	(383, 52, 0, '2012-06-27', 1, '', 2),
	(384, 57, 0, '2012-06-27', 1, '', 2),
	(385, 53, 0, '2012-06-27', 1, '', 2),
	(386, 40, 0, '2012-06-27', 1, '', 2),
	(387, 47, 1, '2012-06-27', 0, '', 2),
	(388, 10, 0, '2012-06-27', 1, '', 2),
	(389, 18, 0, '2012-06-27', 1, '', 2),
	(390, 13, 0, '2012-06-27', 1, '', 2),
	(391, 7, 0, '2012-06-27', 1, '', 2),
	(392, 8, 1, '2012-06-27', 0, '', 2),
	(393, 4, 0, '2012-06-27', 1, '', 2),
	(394, 16, 0, '2012-06-27', 1, '', 2),
	(395, 12, 0, '2012-06-27', 1, '', 2),
	(396, 15, 1, '2012-06-27', 0, '', 2),
	(397, 11, 0, '2012-06-27', 1, '', 2),
	(398, 5, 0, '2012-06-27', 1, '', 2),
	(399, 6, 0, '2012-06-27', 1, '', 2),
	(400, 14, 0, '2012-06-27', 1, '', 2),
	(401, 3, 0, '2012-06-27', 1, '', 2),
	(402, 9, 1, '2012-06-27', 0, '', 2),
	(403, 19, 0, '2012-06-27', 1, '', 2),
	(404, 91, 0, '2012-05-03', 1, '', 2),
	(405, 100, 0, '2012-05-03', 1, '', 2),
	(406, 92, 0, '2012-05-03', 1, '', 2),
	(407, 95, 0, '2012-05-03', 1, '', 2),
	(408, 93, 0, '2012-05-03', 1, '', 2),
	(409, 88, 0, '2012-05-03', 1, '', 2),
	(410, 81, 0, '2012-05-03', 1, '', 2),
	(411, 83, 1, '2012-05-03', 0, 'stop study', 2),
	(412, 85, 0, '2012-05-03', 1, '', 2),
	(413, 82, 0, '2012-05-03', 1, '', 2),
	(414, 87, 0, '2012-05-03', 1, '', 2),
	(415, 107, 0, '2012-05-03', 1, '', 2),
	(416, 101, 0, '2012-05-03', 1, '', 2),
	(417, 86, 0, '2012-05-03', 1, '', 2),
	(418, 98, 0, '2012-05-03', 1, '', 2),
	(419, 102, 0, '2012-05-03', 1, '', 2),
	(420, 90, 0, '2012-05-03', 1, '', 2),
	(421, 96, 0, '2012-05-03', 1, '', 2),
	(422, 99, 0, '2012-05-03', 1, '', 2),
	(423, 106, 0, '2012-05-03', 1, '', 2),
	(424, 104, 0, '2012-05-03', 1, '', 2),
	(425, 94, 0, '2012-05-03', 1, '', 2),
	(426, 103, 0, '2012-05-03', 1, '', 2),
	(427, 84, 0, '2012-05-03', 1, '', 2),
	(428, 89, 1, '2012-05-03', 0, '', 2),
	(429, 97, 0, '2012-05-03', 1, '', 2),
	(430, 111, 0, '2012-05-03', 1, '', 2),
	(431, 105, 0, '2012-05-03', 1, '', 2),
	(432, 112, 0, '2012-05-03', 1, '', 2),
	(433, 91, 0, '2012-06-04', 1, '', 2),
	(434, 100, 0, '2012-06-04', 1, '', 2),
	(435, 92, 0, '2012-06-04', 1, '', 2),
	(436, 95, 0, '2012-06-04', 1, '', 2),
	(437, 93, 0, '2012-06-04', 1, '', 2),
	(438, 88, 0, '2012-06-04', 1, '', 2),
	(439, 81, 0, '2012-06-04', 1, '', 2),
	(440, 83, 0, '2012-06-04', 1, '', 2),
	(441, 85, 0, '2012-06-04', 1, '', 2),
	(442, 82, 0, '2012-06-04', 1, '', 2),
	(443, 87, 0, '2012-06-04', 1, '', 2),
	(444, 107, 0, '2012-06-04', 1, '', 2),
	(445, 101, 0, '2012-06-04', 1, '', 2),
	(446, 86, 0, '2012-06-04', 1, '', 2),
	(447, 98, 0, '2012-06-04', 1, '', 2),
	(448, 102, 1, '2012-06-04', 0, '', 2),
	(449, 90, 0, '2012-06-04', 1, '', 2),
	(450, 96, 0, '2012-06-04', 1, '', 2),
	(451, 99, 0, '2012-06-04', 1, '', 2),
	(452, 106, 0, '2012-06-04', 1, '', 2),
	(453, 104, 0, '2012-06-04', 1, '', 2),
	(454, 94, 0, '2012-06-04', 1, '', 2),
	(455, 103, 0, '2012-06-04', 1, '', 2),
	(456, 84, 0, '2012-06-04', 1, '', 2),
	(457, 89, 0, '2012-06-04', 1, '', 2),
	(458, 97, 0, '2012-06-04', 1, '', 2),
	(459, 111, 0, '2012-06-04', 1, '', 2),
	(460, 105, 0, '2012-06-04', 1, '', 2),
	(461, 112, 0, '2012-06-04', 1, '', 2),
	(462, 91, 0, '2012-06-11', 1, '', 2),
	(463, 100, 0, '2012-06-11', 1, '', 2),
	(464, 92, 0, '2012-06-11', 1, '', 2),
	(465, 95, 0, '2012-06-11', 1, '', 2),
	(466, 93, 0, '2012-06-11', 1, '', 2),
	(467, 88, 0, '2012-06-11', 1, '', 2),
	(468, 81, 0, '2012-06-11', 1, '', 2),
	(469, 83, 0, '2012-06-11', 1, '', 2),
	(470, 85, 0, '2012-06-11', 1, '', 2),
	(471, 82, 0, '2012-06-11', 1, '', 2),
	(472, 87, 0, '2012-06-11', 1, '', 2),
	(473, 107, 0, '2012-06-11', 1, '', 2),
	(474, 101, 0, '2012-06-11', 1, '', 2),
	(475, 86, 0, '2012-06-11', 1, '', 2),
	(476, 98, 0, '2012-06-11', 1, '', 2),
	(477, 102, 1, '2012-06-11', 0, '', 2),
	(478, 90, 0, '2012-06-11', 1, '', 2),
	(479, 96, 0, '2012-06-11', 1, '', 2),
	(480, 99, 0, '2012-06-11', 1, '', 2),
	(481, 106, 0, '2012-06-11', 1, '', 2),
	(482, 104, 0, '2012-06-11', 1, '', 2),
	(483, 94, 0, '2012-06-11', 1, '', 2),
	(484, 103, 0, '2012-06-11', 1, '', 2),
	(485, 84, 0, '2012-06-11', 1, '', 2),
	(486, 89, 0, '2012-06-11', 1, '', 2),
	(487, 97, 0, '2012-06-11', 1, '', 2),
	(488, 111, 0, '2012-06-11', 1, '', 2),
	(489, 105, 0, '2012-06-11', 1, '', 2),
	(490, 112, 0, '2012-06-11', 1, '', 2),
	(491, 91, 1, '2012-06-14', 0, '', 2),
	(492, 100, 1, '2012-06-14', 0, '', 2),
	(493, 92, 1, '2012-06-14', 0, '', 2),
	(494, 95, 1, '2012-06-14', 0, '', 2),
	(495, 93, 0, '2012-06-14', 1, '', 2),
	(496, 88, 0, '2012-06-14', 1, '', 2),
	(497, 81, 0, '2012-06-14', 1, '', 2),
	(498, 83, 0, '2012-06-14', 1, '', 2),
	(499, 85, 1, '2012-06-14', 0, '', 2),
	(500, 82, 0, '2012-06-14', 1, '', 2),
	(501, 87, 0, '2012-06-14', 1, '', 2),
	(502, 107, 1, '2012-06-14', 0, '', 2),
	(503, 101, 0, '2012-06-14', 1, '', 2),
	(504, 86, 0, '2012-06-14', 1, '', 2),
	(505, 98, 1, '2012-06-14', 0, '', 2),
	(506, 102, 0, '2012-06-14', 1, '', 2),
	(507, 90, 0, '2012-06-14', 1, '', 2),
	(508, 96, 0, '2012-06-14', 1, '', 2),
	(509, 99, 0, '2012-06-14', 1, '', 2),
	(510, 106, 0, '2012-06-14', 1, '', 2),
	(511, 104, 0, '2012-06-14', 1, '', 2),
	(512, 94, 0, '2012-06-14', 1, '', 2),
	(513, 103, 0, '2012-06-14', 1, '', 2),
	(514, 84, 0, '2012-06-14', 1, '', 2),
	(515, 89, 1, '2012-06-14', 0, '', 2),
	(516, 97, 1, '2012-06-14', 0, '', 2),
	(517, 111, 0, '2012-06-14', 1, '', 2),
	(518, 105, 0, '2012-06-14', 1, '', 2),
	(519, 112, 0, '2012-06-14', 1, '', 2),
	(520, 59, 0, '2012-06-08', 1, '', 2),
	(521, 61, 0, '2012-06-08', 1, '', 2),
	(522, 65, 0, '2012-06-08', 1, '', 2),
	(523, 72, 0, '2012-06-08', 1, '', 2),
	(524, 69, 0, '2012-06-08', 1, '', 2),
	(525, 62, 0, '2012-06-08', 1, '', 2),
	(526, 60, 0, '2012-06-08', 1, '', 2),
	(527, 67, 1, '2012-06-08', 0, 'stopped study', 2),
	(528, 79, 0, '2012-06-08', 1, '', 2),
	(529, 75, 0, '2012-06-08', 1, '', 2),
	(530, 71, 0, '2012-06-08', 1, '', 2),
	(531, 109, 0, '2012-06-08', 1, '', 2),
	(532, 64, 0, '2012-06-08', 1, '', 2),
	(533, 77, 0, '2012-06-08', 1, '', 2),
	(534, 78, 0, '2012-06-08', 1, '', 2),
	(535, 73, 1, '2012-06-08', 0, '', 2),
	(536, 110, 1, '2012-06-08', 0, '', 2),
	(537, 70, 0, '2012-06-08', 1, '', 2),
	(538, 76, 0, '2012-06-08', 1, '', 2),
	(539, 80, 0, '2012-06-08', 1, '', 2),
	(540, 63, 0, '2012-06-08', 1, '', 2),
	(541, 74, 0, '2012-06-08', 1, '', 2),
	(542, 66, 0, '2012-06-08', 1, '', 2),
	(543, 68, 0, '2012-06-08', 1, '', 2),
	(544, 59, 0, '2012-06-15', 1, '', 2),
	(545, 61, 0, '2012-06-15', 1, '', 2),
	(546, 65, 0, '2012-06-15', 1, '', 2),
	(547, 72, 0, '2012-06-15', 1, '', 2),
	(548, 69, 0, '2012-06-15', 1, '', 2),
	(549, 62, 0, '2012-06-15', 1, '', 2),
	(550, 60, 0, '2012-06-15', 1, '', 2),
	(551, 67, 1, '2012-06-15', 0, 'stopped study', 2),
	(552, 79, 0, '2012-06-15', 1, '', 2),
	(553, 75, 0, '2012-06-15', 1, '', 2),
	(554, 71, 0, '2012-06-15', 1, '', 2),
	(555, 109, 0, '2012-06-15', 1, '', 2),
	(556, 64, 0, '2012-06-15', 1, '', 2),
	(557, 77, 0, '2012-06-15', 1, '', 2),
	(558, 78, 0, '2012-06-15', 1, '', 2),
	(559, 73, 0, '2012-06-15', 1, '', 2),
	(560, 110, 1, '2012-06-15', 0, '', 2),
	(561, 70, 1, '2012-06-15', 0, '', 2),
	(562, 76, 0, '2012-06-15', 1, '', 2),
	(563, 80, 0, '2012-06-15', 1, '', 2),
	(564, 63, 0, '2012-06-15', 1, '', 2),
	(565, 74, 0, '2012-06-15', 1, '', 2),
	(566, 66, 0, '2012-06-15', 1, '', 2),
	(567, 68, 0, '2012-06-15', 1, '', 2),
	(568, 244, 0, '2012-04-02', 1, '', 2),
	(569, 245, 0, '2012-04-02', 1, '', 2),
	(570, 252, 0, '2012-04-02', 1, '', 2),
	(571, 246, 0, '2012-04-02', 1, '', 2),
	(572, 248, 0, '2012-04-02', 1, '', 2),
	(573, 250, 0, '2012-04-02', 1, '', 2),
	(574, 242, 0, '2012-04-02', 1, '', 2),
	(575, 243, 0, '2012-04-02', 1, '', 2),
	(576, 251, 0, '2012-04-02', 1, '', 2),
	(577, 247, 0, '2012-04-02', 1, '', 2),
	(578, 249, 0, '2012-04-02', 1, '', 2),
	(579, 244, 1, '2012-04-30', 0, '', 2),
	(580, 245, 0, '2012-04-30', 1, '', 2),
	(581, 252, 0, '2012-04-30', 1, '', 2),
	(582, 246, 0, '2012-04-30', 1, '', 2),
	(583, 248, 0, '2012-04-30', 1, '', 2),
	(584, 250, 0, '2012-04-30', 1, '', 2),
	(585, 242, 0, '2012-04-30', 1, '', 2),
	(586, 243, 0, '2012-04-30', 1, '', 2),
	(587, 251, 0, '2012-04-30', 1, '', 2),
	(588, 247, 0, '2012-04-30', 1, '', 2),
	(589, 249, 0, '2012-04-30', 1, '', 2),
	(590, 244, 0, '2012-05-30', 1, '', 2),
	(591, 245, 0, '2012-05-30', 1, '', 2),
	(592, 252, 0, '2012-05-30', 1, '', 2),
	(593, 246, 0, '2012-05-30', 1, '', 2),
	(594, 248, 0, '2012-05-30', 1, '', 2),
	(595, 250, 0, '2012-05-30', 1, '', 2),
	(596, 242, 0, '2012-05-30', 1, '', 2),
	(597, 243, 0, '2012-05-30', 1, '', 2),
	(598, 251, 0, '2012-05-30', 1, '', 2),
	(599, 247, 0, '2012-05-30', 1, '', 2),
	(600, 249, 0, '2012-05-30', 1, '', 2),
	(601, 244, 0, '2012-04-01', 1, '', 2),
	(602, 245, 0, '2012-04-01', 1, '', 2),
	(603, 252, 0, '2012-04-01', 1, '', 2),
	(604, 246, 0, '2012-04-01', 1, '', 2),
	(605, 248, 0, '2012-04-01', 1, '', 2),
	(606, 250, 0, '2012-04-01', 1, '', 2),
	(607, 242, 0, '2012-04-01', 1, '', 2),
	(608, 243, 0, '2012-04-01', 1, '', 2),
	(609, 251, 0, '2012-04-01', 1, '', 2),
	(610, 247, 0, '2012-04-01', 1, '', 2),
	(611, 249, 0, '2012-04-01', 1, '', 2),
	(612, 244, 0, '2012-04-29', 1, '', 2),
	(613, 245, 0, '2012-04-29', 1, '', 2),
	(614, 252, 0, '2012-04-29', 1, '', 2),
	(615, 246, 0, '2012-04-29', 1, '', 2),
	(616, 248, 0, '2012-04-29', 1, '', 2),
	(617, 250, 0, '2012-04-29', 1, '', 2),
	(618, 242, 0, '2012-04-29', 1, '', 2),
	(619, 243, 0, '2012-04-29', 1, '', 2),
	(620, 251, 0, '2012-04-29', 1, '', 2),
	(621, 247, 0, '2012-04-29', 1, '', 2),
	(622, 249, 0, '2012-04-29', 1, '', 2),
	(623, 244, 0, '2012-05-06', 1, '', 2),
	(624, 245, 0, '2012-05-06', 1, '', 2),
	(625, 252, 0, '2012-05-06', 1, '', 2),
	(626, 246, 0, '2012-05-06', 1, '', 2),
	(627, 248, 0, '2012-05-06', 1, '', 2),
	(628, 250, 0, '2012-05-06', 1, '', 2),
	(629, 242, 0, '2012-05-06', 1, '', 2),
	(630, 243, 0, '2012-05-06', 1, '', 2),
	(631, 251, 0, '2012-05-06', 1, '', 2),
	(632, 247, 0, '2012-05-06', 1, '', 2),
	(633, 249, 0, '2012-05-06', 1, '', 2),
	(634, 244, 0, '2012-05-13', 1, '', 2),
	(635, 245, 0, '2012-05-13', 1, '', 2),
	(636, 252, 0, '2012-05-13', 1, '', 2),
	(637, 246, 0, '2012-05-13', 1, '', 2),
	(638, 248, 0, '2012-05-13', 1, '', 2),
	(639, 250, 0, '2012-05-13', 1, '', 2),
	(640, 242, 0, '2012-05-13', 1, '', 2),
	(641, 243, 0, '2012-05-13', 1, '', 2),
	(642, 251, 0, '2012-05-13', 1, '', 2),
	(643, 247, 0, '2012-05-13', 1, '', 2),
	(644, 249, 0, '2012-05-13', 1, '', 2),
	(645, 244, 0, '2012-05-20', 1, '', 2),
	(646, 245, 0, '2012-05-20', 1, '', 2),
	(647, 252, 0, '2012-05-20', 1, '', 2),
	(648, 246, 0, '2012-05-20', 1, '', 2),
	(649, 248, 0, '2012-05-20', 1, '', 2),
	(650, 250, 0, '2012-05-20', 1, '', 2),
	(651, 242, 0, '2012-05-20', 1, '', 2),
	(652, 243, 0, '2012-05-20', 1, '', 2),
	(653, 251, 0, '2012-05-20', 1, '', 2),
	(654, 247, 0, '2012-05-20', 1, '', 2),
	(655, 249, 0, '2012-05-20', 1, '', 2),
	(656, 244, 0, '2012-05-27', 1, '', 2),
	(657, 245, 0, '2012-05-27', 1, '', 2),
	(658, 252, 0, '2012-05-27', 1, '', 2),
	(659, 246, 0, '2012-05-27', 1, '', 2),
	(660, 248, 0, '2012-05-27', 1, '', 2),
	(661, 250, 0, '2012-05-27', 1, '', 2),
	(662, 242, 0, '2012-05-27', 1, '', 2),
	(663, 243, 0, '2012-05-27', 1, '', 2),
	(664, 251, 0, '2012-05-27', 1, '', 2),
	(665, 247, 0, '2012-05-27', 1, '', 2),
	(666, 249, 0, '2012-05-27', 1, '', 2),
	(667, 244, 0, '2012-06-03', 1, '', 2),
	(668, 245, 0, '2012-06-03', 1, '', 2),
	(669, 252, 0, '2012-06-03', 1, '', 2),
	(670, 246, 0, '2012-06-03', 1, '', 2),
	(671, 248, 0, '2012-06-03', 1, '', 2),
	(672, 250, 0, '2012-06-03', 1, '', 2),
	(673, 242, 0, '2012-06-03', 1, '', 2),
	(674, 243, 0, '2012-06-03', 1, '', 2),
	(675, 251, 0, '2012-06-03', 1, '', 2),
	(676, 247, 0, '2012-06-03', 1, '', 2),
	(677, 249, 0, '2012-06-03', 1, '', 2),
	(678, 244, 0, '2012-06-10', 1, '', 2),
	(679, 245, 0, '2012-06-10', 1, '', 2),
	(680, 252, 0, '2012-06-10', 1, '', 2),
	(681, 246, 0, '2012-06-10', 1, '', 2),
	(682, 248, 0, '2012-06-10', 1, '', 2),
	(683, 250, 0, '2012-06-10', 1, '', 2),
	(684, 242, 0, '2012-06-10', 1, '', 2),
	(685, 243, 0, '2012-06-10', 1, '', 2),
	(686, 251, 0, '2012-06-10', 1, '', 2),
	(687, 247, 0, '2012-06-10', 1, '', 2),
	(688, 249, 0, '2012-06-10', 1, '', 2),
	(689, 25, 0, '2012-04-06', 1, '', 2),
	(690, 24, 0, '2012-04-06', 1, '', 2),
	(691, 26, 0, '2012-04-06', 1, '', 2),
	(692, 27, 0, '2012-04-06', 1, '', 2),
	(693, 34, 0, '2012-04-06', 1, '', 2),
	(694, 29, 0, '2012-04-06', 1, '', 2),
	(695, 30, 0, '2012-04-06', 1, '', 2),
	(696, 22, 0, '2012-04-06', 1, '', 2),
	(697, 21, 0, '2012-04-06', 1, '', 2),
	(698, 32, 0, '2012-04-06', 1, '', 2),
	(699, 35, 0, '2012-04-06', 1, '', 2),
	(700, 23, 0, '2012-04-06', 1, '', 2),
	(701, 28, 0, '2012-04-06', 1, '', 2),
	(702, 37, 0, '2012-04-06', 1, '', 2),
	(703, 31, 0, '2012-04-06', 1, '', 2),
	(704, 20, 0, '2012-04-06', 1, '', 2),
	(705, 36, 0, '2012-04-06', 1, '', 2),
	(706, 33, 0, '2012-04-06', 1, '', 2),
	(707, 25, 0, '2012-04-20', 1, '', 2),
	(708, 24, 0, '2012-04-20', 1, '', 2),
	(709, 26, 0, '2012-04-20', 1, '', 2),
	(710, 27, 0, '2012-04-20', 1, '', 2),
	(711, 34, 0, '2012-04-20', 1, '', 2),
	(712, 29, 0, '2012-04-20', 1, '', 2),
	(713, 30, 0, '2012-04-20', 1, '', 2),
	(714, 22, 0, '2012-04-20', 1, '', 2),
	(715, 21, 0, '2012-04-20', 1, '', 2),
	(716, 32, 1, '2012-04-20', 0, '', 2),
	(717, 35, 0, '2012-04-20', 1, '', 2),
	(718, 23, 0, '2012-04-20', 1, '', 2),
	(719, 28, 0, '2012-04-20', 1, '', 2),
	(720, 37, 0, '2012-04-20', 1, '', 2),
	(721, 31, 0, '2012-04-20', 1, '', 2),
	(722, 20, 0, '2012-04-20', 1, '', 2),
	(723, 36, 0, '2012-04-20', 1, '', 2),
	(724, 33, 0, '2012-04-20', 1, '', 2),
	(725, 25, 0, '2012-04-27', 1, '', 2),
	(726, 24, 0, '2012-04-27', 1, '', 2),
	(727, 26, 0, '2012-04-27', 1, '', 2),
	(728, 27, 0, '2012-04-27', 1, '', 2),
	(729, 34, 0, '2012-04-27', 1, '', 2),
	(730, 29, 0, '2012-04-27', 1, '', 2),
	(731, 30, 0, '2012-04-27', 1, '', 2),
	(732, 22, 0, '2012-04-27', 1, '', 2),
	(733, 21, 0, '2012-04-27', 1, '', 2),
	(734, 32, 1, '2012-04-27', 0, '', 2),
	(735, 35, 0, '2012-04-27', 1, '', 2),
	(736, 23, 0, '2012-04-27', 1, '', 2),
	(737, 28, 0, '2012-04-27', 1, '', 2),
	(738, 37, 0, '2012-04-27', 1, '', 2),
	(739, 31, 0, '2012-04-27', 1, '', 2),
	(740, 20, 0, '2012-04-27', 1, '', 2),
	(741, 36, 0, '2012-04-27', 1, '', 2),
	(742, 33, 0, '2012-04-27', 1, '', 2),
	(743, 25, 0, '2012-05-04', 1, '', 2),
	(744, 24, 0, '2012-05-04', 1, '', 2),
	(745, 26, 0, '2012-05-04', 1, '', 2),
	(746, 27, 0, '2012-05-04', 1, '', 2),
	(747, 34, 0, '2012-05-04', 1, '', 2),
	(748, 29, 0, '2012-05-04', 1, '', 2),
	(749, 30, 0, '2012-05-04', 1, '', 2),
	(750, 22, 0, '2012-05-04', 1, '', 2),
	(751, 21, 0, '2012-05-04', 1, '', 2),
	(752, 32, 1, '2012-05-04', 0, '', 2),
	(753, 35, 0, '2012-05-04', 1, '', 2),
	(754, 23, 0, '2012-05-04', 1, '', 2),
	(755, 28, 0, '2012-05-04', 1, '', 2),
	(756, 37, 0, '2012-05-04', 1, '', 2),
	(757, 31, 0, '2012-05-04', 1, '', 2),
	(758, 20, 0, '2012-05-04', 1, '', 2),
	(759, 36, 0, '2012-05-04', 1, '', 2),
	(760, 33, 0, '2012-05-04', 1, '', 2),
	(761, 25, 0, '2012-05-11', 1, '', 2),
	(762, 24, 0, '2012-05-11', 1, '', 2),
	(763, 26, 0, '2012-05-11', 1, '', 2),
	(764, 27, 0, '2012-05-11', 1, '', 2),
	(765, 34, 0, '2012-05-11', 1, '', 2),
	(766, 29, 0, '2012-05-11', 1, '', 2),
	(767, 30, 0, '2012-05-11', 1, '', 2),
	(768, 22, 0, '2012-05-11', 1, '', 2),
	(769, 21, 0, '2012-05-11', 1, '', 2),
	(770, 32, 1, '2012-05-11', 0, '', 2),
	(771, 35, 0, '2012-05-11', 1, '', 2),
	(772, 23, 0, '2012-05-11', 1, '', 2),
	(773, 28, 0, '2012-05-11', 1, '', 2),
	(774, 37, 0, '2012-05-11', 1, '', 2),
	(775, 31, 0, '2012-05-11', 1, '', 2),
	(776, 20, 0, '2012-05-11', 1, '', 2),
	(777, 36, 0, '2012-05-11', 1, '', 2),
	(778, 33, 0, '2012-05-11', 1, '', 2),
	(779, 25, 0, '2012-05-18', 1, '', 2),
	(780, 24, 0, '2012-05-18', 1, '', 2),
	(781, 26, 0, '2012-05-18', 1, '', 2),
	(782, 27, 0, '2012-05-18', 1, '', 2),
	(783, 34, 0, '2012-05-18', 1, '', 2),
	(784, 29, 1, '2012-05-18', 0, '', 2),
	(785, 30, 0, '2012-05-18', 1, '', 2),
	(786, 22, 0, '2012-05-18', 1, '', 2),
	(787, 21, 0, '2012-05-18', 1, '', 2),
	(788, 32, 1, '2012-05-18', 0, '', 2),
	(789, 35, 0, '2012-05-18', 1, '', 2),
	(790, 23, 0, '2012-05-18', 1, '', 2),
	(791, 28, 0, '2012-05-18', 1, '', 2),
	(792, 37, 0, '2012-05-18', 1, '', 2),
	(793, 31, 0, '2012-05-18', 1, '', 2),
	(794, 20, 0, '2012-05-18', 1, '', 2),
	(795, 36, 0, '2012-05-18', 1, '', 2),
	(796, 33, 1, '2012-05-18', 0, '', 2),
	(797, 25, 0, '2012-05-25', 1, '', 2),
	(798, 24, 0, '2012-05-25', 1, '', 2),
	(799, 26, 0, '2012-05-25', 1, '', 2),
	(800, 27, 0, '2012-05-25', 1, '', 2),
	(801, 34, 0, '2012-05-25', 1, '', 2),
	(802, 29, 0, '2012-05-25', 1, '', 2),
	(803, 30, 0, '2012-05-25', 1, '', 2),
	(804, 22, 0, '2012-05-25', 1, '', 2),
	(805, 21, 0, '2012-05-25', 1, '', 2),
	(806, 32, 1, '2012-05-25', 0, '', 2),
	(807, 35, 0, '2012-05-25', 1, '', 2),
	(808, 23, 0, '2012-05-25', 1, '', 2),
	(809, 28, 0, '2012-05-25', 1, '', 2),
	(810, 37, 0, '2012-05-25', 1, '', 2),
	(811, 31, 0, '2012-05-25', 1, '', 2),
	(812, 20, 0, '2012-05-25', 1, '', 2),
	(813, 36, 0, '2012-05-25', 1, '', 2),
	(814, 33, 1, '2012-05-25', 0, '', 2),
	(815, 25, 0, '2012-06-08', 1, '', 2),
	(816, 24, 0, '2012-06-08', 1, '', 2),
	(817, 26, 0, '2012-06-08', 1, '', 2),
	(818, 27, 0, '2012-06-08', 1, '', 2),
	(819, 34, 0, '2012-06-08', 1, '', 2),
	(820, 29, 0, '2012-06-08', 1, '', 2),
	(821, 30, 0, '2012-06-08', 1, '', 2),
	(822, 22, 0, '2012-06-08', 1, '', 2),
	(823, 21, 0, '2012-06-08', 1, '', 2),
	(824, 32, 0, '2012-06-08', 1, '', 2),
	(825, 35, 0, '2012-06-08', 1, '', 2),
	(826, 23, 0, '2012-06-08', 1, '', 2),
	(827, 28, 0, '2012-06-08', 1, '', 2),
	(828, 37, 0, '2012-06-08', 1, '', 2),
	(829, 31, 1, '2012-06-08', 0, '', 2),
	(830, 20, 0, '2012-06-08', 1, '', 2),
	(831, 36, 0, '2012-06-08', 1, '', 2),
	(832, 33, 1, '2012-06-08', 0, '', 2),
	(833, 25, 0, '2012-06-15', 1, '', 2),
	(834, 24, 0, '2012-06-15', 1, '', 2),
	(835, 26, 0, '2012-06-15', 1, '', 2),
	(836, 27, 0, '2012-06-15', 1, '', 2),
	(837, 34, 0, '2012-06-15', 1, '', 2),
	(838, 29, 0, '2012-06-15', 1, '', 2),
	(839, 30, 0, '2012-06-15', 1, '', 2),
	(840, 22, 0, '2012-06-15', 1, '', 2),
	(841, 21, 0, '2012-06-15', 1, '', 2),
	(842, 32, 0, '2012-06-15', 1, '', 2),
	(843, 35, 0, '2012-06-15', 1, '', 2),
	(844, 23, 0, '2012-06-15', 1, '', 2),
	(845, 28, 0, '2012-06-15', 1, '', 2),
	(846, 37, 0, '2012-06-15', 1, '', 2),
	(847, 31, 1, '2012-06-15', 0, '', 2),
	(848, 20, 0, '2012-06-15', 1, '', 2),
	(849, 36, 0, '2012-06-15', 1, '', 2),
	(850, 33, 0, '2012-06-15', 1, '', 2),
	(851, 122, 1, '2012-04-22', 0, '', 2),
	(852, 115, 0, '2012-04-22', 1, '', 2),
	(853, 116, 0, '2012-04-22', 1, '', 2),
	(854, 117, 0, '2012-04-22', 1, '', 2),
	(855, 119, 1, '2012-04-22', 0, '', 2),
	(856, 120, 0, '2012-04-22', 1, '', 2),
	(857, 113, 0, '2012-04-22', 1, '', 2),
	(858, 123, 0, '2012-04-22', 1, '', 2),
	(859, 121, 0, '2012-04-22', 1, '', 2),
	(860, 118, 0, '2012-04-22', 1, '', 2),
	(861, 124, 0, '2012-04-22', 1, '', 2),
	(862, 114, 0, '2012-04-22', 1, '', 2),
	(863, 125, 0, '2012-04-22', 1, '', 2),
	(864, 122, 0, '2012-04-29', 1, '', 2),
	(865, 115, 0, '2012-04-29', 1, '', 2),
	(866, 116, 0, '2012-04-29', 1, '', 2),
	(867, 117, 0, '2012-04-29', 1, '', 2),
	(868, 119, 0, '2012-04-29', 1, '', 2),
	(869, 120, 0, '2012-04-29', 1, '', 2),
	(870, 113, 0, '2012-04-29', 1, '', 2),
	(871, 123, 0, '2012-04-29', 1, '', 2),
	(872, 121, 0, '2012-04-29', 1, '', 2),
	(873, 118, 0, '2012-04-29', 1, '', 2),
	(874, 124, 0, '2012-04-29', 1, '', 2),
	(875, 114, 0, '2012-04-29', 1, '', 2),
	(876, 125, 0, '2012-04-29', 1, '', 2),
	(877, 122, 0, '2012-05-06', 1, '', 2),
	(878, 115, 0, '2012-05-06', 1, '', 2),
	(879, 116, 0, '2012-05-06', 1, '', 2),
	(880, 117, 0, '2012-05-06', 1, '', 2),
	(881, 119, 0, '2012-05-06', 1, '', 2),
	(882, 120, 0, '2012-05-06', 1, '', 2),
	(883, 113, 0, '2012-05-06', 1, '', 2),
	(884, 123, 0, '2012-05-06', 1, '', 2),
	(885, 121, 0, '2012-05-06', 1, '', 2),
	(886, 118, 0, '2012-05-06', 1, '', 2),
	(887, 124, 0, '2012-05-06', 1, '', 2),
	(888, 114, 0, '2012-05-06', 1, '', 2),
	(889, 125, 0, '2012-05-06', 1, '', 2),
	(890, 122, 0, '2012-05-20', 1, '', 2),
	(891, 115, 1, '2012-05-20', 0, '', 2),
	(892, 116, 0, '2012-05-20', 1, '', 2),
	(893, 117, 0, '2012-05-20', 1, '', 2),
	(894, 119, 1, '2012-05-20', 0, '', 2),
	(895, 120, 0, '2012-05-20', 1, '', 2),
	(896, 113, 0, '2012-05-20', 1, '', 2),
	(897, 123, 0, '2012-05-20', 1, '', 2),
	(898, 121, 0, '2012-05-20', 1, '', 2),
	(899, 118, 0, '2012-05-20', 1, '', 2),
	(900, 124, 0, '2012-05-20', 1, '', 2),
	(901, 114, 0, '2012-05-20', 1, '', 2),
	(902, 125, 0, '2012-05-20', 1, '', 2),
	(903, 122, 0, '2012-05-27', 1, '', 2),
	(904, 115, 1, '2012-05-27', 0, '', 2),
	(905, 116, 0, '2012-05-27', 1, '', 2),
	(906, 117, 0, '2012-05-27', 1, '', 2),
	(907, 119, 0, '2012-05-27', 1, '', 2),
	(908, 120, 0, '2012-05-27', 1, '', 2),
	(909, 113, 0, '2012-05-27', 1, '', 2),
	(910, 123, 0, '2012-05-27', 1, '', 2),
	(911, 121, 0, '2012-05-27', 1, '', 2),
	(912, 118, 0, '2012-05-27', 1, '', 2),
	(913, 124, 0, '2012-05-27', 1, '', 2),
	(914, 114, 0, '2012-05-27', 1, '', 2),
	(915, 125, 0, '2012-05-27', 1, '', 2),
	(916, 122, 0, '2012-06-10', 1, '', 2),
	(917, 115, 1, '2012-06-10', 0, '', 2),
	(918, 116, 0, '2012-06-10', 1, '', 2),
	(919, 117, 0, '2012-06-10', 1, '', 2),
	(920, 119, 0, '2012-06-10', 1, '', 2),
	(921, 120, 0, '2012-06-10', 1, '', 2),
	(922, 113, 0, '2012-06-10', 1, '', 2),
	(923, 123, 0, '2012-06-10', 1, '', 2),
	(924, 121, 0, '2012-06-10', 1, '', 2),
	(925, 118, 0, '2012-06-10', 1, '', 2),
	(926, 124, 0, '2012-06-10', 1, '', 2),
	(927, 114, 0, '2012-06-10', 1, '', 2),
	(928, 125, 0, '2012-06-10', 1, '', 2),
	(929, 122, 0, '2012-06-17', 1, '', 2),
	(930, 115, 1, '2012-06-17', 0, 'Permission ', 2),
	(931, 116, 0, '2012-06-17', 1, '', 2),
	(932, 117, 0, '2012-06-17', 1, '', 2),
	(933, 119, 1, '2012-06-17', 0, 'Permission ', 2),
	(934, 120, 0, '2012-06-17', 1, '', 2),
	(935, 113, 0, '2012-06-17', 1, '', 2),
	(936, 123, 0, '2012-06-17', 1, '', 2),
	(937, 121, 0, '2012-06-17', 1, '', 2),
	(938, 118, 0, '2012-06-17', 1, '', 2),
	(939, 124, 0, '2012-06-17', 1, '', 2),
	(940, 114, 0, '2012-06-17', 1, '', 2),
	(941, 125, 0, '2012-06-17', 1, '', 2),
	(942, 122, 0, '2012-06-24', 1, '', 2),
	(943, 115, 1, '2012-06-24', 0, 'Permission', 2),
	(944, 116, 1, '2012-06-24', 0, 'Permission', 2),
	(945, 117, 0, '2012-06-24', 1, '', 2),
	(946, 119, 0, '2012-06-24', 1, '', 2),
	(947, 120, 0, '2012-06-24', 1, '', 2),
	(948, 113, 0, '2012-06-24', 1, '', 2),
	(949, 123, 0, '2012-06-24', 1, '', 2),
	(950, 121, 1, '2012-06-24', 0, 'Permission', 2),
	(951, 118, 1, '2012-06-24', 0, 'Permission', 2),
	(952, 124, 0, '2012-06-24', 1, '', 2),
	(953, 114, 0, '2012-06-24', 1, '', 2),
	(954, 125, 0, '2012-06-24', 1, '', 2),
	(955, 177, 0, '2012-05-02', 1, '', 2),
	(956, 166, 0, '2012-05-02', 1, '', 2),
	(957, 161, 0, '2012-05-02', 1, '', 2),
	(958, 178, 0, '2012-05-02', 1, '', 2),
	(959, 168, 0, '2012-05-02', 1, '', 2),
	(960, 163, 0, '2012-05-02', 1, '', 2),
	(961, 164, 0, '2012-05-02', 1, '', 2),
	(962, 171, 0, '2012-05-02', 1, '', 2),
	(963, 175, 0, '2012-05-02', 1, '', 2),
	(964, 182, 0, '2012-05-02', 1, '', 2),
	(965, 184, 0, '2012-05-02', 1, '', 2),
	(966, 162, 0, '2012-05-02', 1, '', 2),
	(967, 165, 0, '2012-05-02', 1, '', 2),
	(968, 172, 0, '2012-05-02', 1, '', 2),
	(969, 185, 0, '2012-05-02', 1, '', 2),
	(970, 170, 0, '2012-05-02', 1, '', 2),
	(971, 183, 0, '2012-05-02', 1, '', 2),
	(972, 174, 0, '2012-05-02', 1, '', 2),
	(973, 167, 0, '2012-05-02', 1, '', 2),
	(974, 176, 0, '2012-05-02', 1, '', 2),
	(975, 181, 0, '2012-05-02', 1, '', 2),
	(976, 179, 0, '2012-05-02', 1, '', 2),
	(977, 180, 0, '2012-05-02', 1, '', 2),
	(978, 169, 0, '2012-05-02', 1, '', 2),
	(979, 173, 0, '2012-05-02', 1, '', 2),
	(980, 177, 1, '2012-05-23', 0, '', 2),
	(981, 166, 0, '2012-05-23', 1, '', 2),
	(982, 161, 0, '2012-05-23', 1, '', 2),
	(983, 178, 0, '2012-05-23', 1, '', 2),
	(984, 168, 0, '2012-05-23', 1, '', 2),
	(985, 163, 0, '2012-05-23', 1, '', 2),
	(986, 164, 0, '2012-05-23', 1, '', 2),
	(987, 171, 0, '2012-05-23', 1, '', 2),
	(988, 175, 0, '2012-05-23', 1, '', 2),
	(989, 182, 0, '2012-05-23', 1, '', 2),
	(990, 184, 1, '2012-05-23', 0, '', 2),
	(991, 162, 0, '2012-05-23', 1, '', 2),
	(992, 165, 0, '2012-05-23', 1, '', 2),
	(993, 172, 0, '2012-05-23', 1, '', 2),
	(994, 185, 0, '2012-05-23', 1, '', 2),
	(995, 170, 0, '2012-05-23', 1, '', 2),
	(996, 183, 0, '2012-05-23', 1, '', 2),
	(997, 174, 0, '2012-05-23', 1, '', 2),
	(998, 167, 0, '2012-05-23', 1, '', 2),
	(999, 176, 0, '2012-05-23', 1, '', 2),
	(1000, 181, 0, '2012-05-23', 1, '', 2),
	(1001, 179, 0, '2012-05-23', 1, '', 2),
	(1002, 180, 0, '2012-05-23', 1, '', 2),
	(1003, 169, 0, '2012-05-23', 1, '', 2),
	(1004, 173, 0, '2012-05-23', 1, '', 2),
	(1005, 177, 1, '2012-06-06', 0, '', 2),
	(1006, 166, 0, '2012-06-06', 1, '', 2),
	(1007, 161, 0, '2012-06-06', 1, '', 2),
	(1008, 178, 0, '2012-06-06', 1, '', 2),
	(1009, 168, 0, '2012-06-06', 1, '', 2),
	(1010, 163, 0, '2012-06-06', 1, '', 2),
	(1011, 164, 0, '2012-06-06', 1, '', 2),
	(1012, 171, 0, '2012-06-06', 1, '', 2),
	(1013, 175, 0, '2012-06-06', 1, '', 2),
	(1014, 182, 0, '2012-06-06', 1, '', 2),
	(1015, 184, 0, '2012-06-06', 1, '', 2),
	(1016, 162, 0, '2012-06-06', 1, '', 2),
	(1017, 165, 0, '2012-06-06', 1, '', 2),
	(1018, 172, 1, '2012-06-06', 0, 'He has permission. He sick.', 2),
	(1019, 185, 0, '2012-06-06', 1, '', 2),
	(1020, 170, 1, '2012-06-06', 0, '', 2),
	(1021, 183, 0, '2012-06-06', 1, '', 2),
	(1022, 174, 0, '2012-06-06', 1, '', 2),
	(1023, 167, 0, '2012-06-06', 1, '', 2),
	(1024, 176, 1, '2012-06-06', 0, '', 2),
	(1025, 181, 0, '2012-06-06', 1, '', 2),
	(1026, 179, 0, '2012-06-06', 1, '', 2),
	(1027, 180, 0, '2012-06-06', 1, '', 2),
	(1028, 169, 0, '2012-06-06', 1, '', 2),
	(1029, 173, 0, '2012-06-06', 1, '', 2),
	(1030, 177, 1, '2012-06-13', 0, '', 2),
	(1031, 166, 0, '2012-06-13', 1, '', 2),
	(1032, 161, 0, '2012-06-13', 1, '', 2),
	(1033, 178, 0, '2012-06-13', 1, '', 2),
	(1034, 168, 0, '2012-06-13', 1, '', 2),
	(1035, 163, 1, '2012-06-13', 0, '', 2),
	(1036, 164, 0, '2012-06-13', 1, '', 2),
	(1037, 171, 0, '2012-06-13', 1, '', 2),
	(1038, 175, 1, '2012-06-13', 0, 'He has permission.', 2),
	(1039, 182, 0, '2012-06-13', 1, '', 2),
	(1040, 184, 1, '2012-06-13', 0, '', 2),
	(1041, 162, 0, '2012-06-13', 1, '', 2),
	(1042, 165, 0, '2012-06-13', 1, '', 2),
	(1043, 172, 0, '2012-06-13', 1, '', 2),
	(1044, 185, 0, '2012-06-13', 1, '', 2),
	(1045, 170, 1, '2012-06-13', 0, '', 2),
	(1046, 183, 0, '2012-06-13', 1, '', 2),
	(1047, 174, 0, '2012-06-13', 1, '', 2),
	(1048, 167, 0, '2012-06-13', 1, '', 2),
	(1049, 176, 1, '2012-06-13', 0, '', 2),
	(1050, 181, 0, '2012-06-13', 1, '', 2),
	(1051, 179, 0, '2012-06-13', 1, '', 2),
	(1052, 180, 1, '2012-06-13', 0, 'She has permission', 2),
	(1053, 169, 0, '2012-06-13', 1, '', 2),
	(1054, 173, 0, '2012-06-13', 1, '', 2),
	(1055, 177, 1, '2012-06-27', 0, '', 2),
	(1056, 166, 0, '2012-06-27', 1, '', 2),
	(1057, 161, 0, '2012-06-27', 1, '', 2),
	(1058, 178, 1, '2012-06-27', 0, '', 2),
	(1059, 168, 1, '2012-06-27', 0, '', 2),
	(1060, 163, 1, '2012-06-27', 0, '', 2),
	(1061, 164, 1, '2012-06-27', 0, '', 2),
	(1062, 171, 0, '2012-06-27', 1, '', 2),
	(1063, 175, 1, '2012-06-27', 0, '', 2),
	(1064, 182, 1, '2012-06-27', 0, '', 2),
	(1065, 184, 1, '2012-06-27', 0, '', 2),
	(1066, 162, 0, '2012-06-27', 1, '', 2),
	(1067, 165, 0, '2012-06-27', 1, '', 2),
	(1068, 172, 0, '2012-06-27', 1, '', 2),
	(1069, 185, 1, '2012-06-27', 0, '', 2),
	(1070, 170, 1, '2012-06-27', 0, '', 2),
	(1071, 183, 1, '2012-06-27', 0, '', 2),
	(1072, 174, 1, '2012-06-27', 0, '', 2),
	(1073, 167, 1, '2012-06-27', 0, '', 2),
	(1074, 176, 1, '2012-06-27', 0, '', 2),
	(1075, 181, 1, '2012-06-27', 0, '', 2),
	(1076, 179, 1, '2012-06-27', 0, '', 2),
	(1077, 180, 1, '2012-06-27', 0, '', 2),
	(1078, 169, 0, '2012-06-27', 1, '', 2),
	(1079, 173, 1, '2012-06-27', 0, '', 2),
	(1080, 192, 1, '2012-05-23', 0, '', 2),
	(1081, 194, 1, '2012-05-23', 0, '', 2),
	(1082, 190, 0, '2012-05-23', 1, '', 2),
	(1083, 195, 1, '2012-05-23', 0, '', 2),
	(1084, 193, 1, '2012-05-23', 0, '', 2),
	(1085, 186, 1, '2012-05-23', 0, '', 2),
	(1086, 203, 0, '2012-05-23', 1, '', 2),
	(1087, 200, 1, '2012-05-23', 0, '', 2),
	(1088, 208, 0, '2012-05-23', 1, '', 2),
	(1089, 196, 0, '2012-05-23', 1, '', 2),
	(1090, 199, 0, '2012-05-23', 1, '', 2),
	(1091, 187, 1, '2012-05-23', 0, '', 2),
	(1092, 198, 1, '2012-05-23', 0, '', 2),
	(1093, 201, 0, '2012-05-23', 1, '', 2),
	(1094, 204, 1, '2012-05-23', 0, '', 2),
	(1095, 205, 1, '2012-05-23', 0, '', 2),
	(1096, 210, 1, '2012-05-23', 0, '', 2),
	(1097, 202, 0, '2012-05-23', 1, '', 2),
	(1098, 189, 0, '2012-05-23', 1, '', 2),
	(1099, 188, 0, '2012-05-23', 1, '', 2),
	(1100, 197, 0, '2012-05-23', 1, '', 2),
	(1101, 209, 0, '2012-05-23', 1, '', 2),
	(1102, 206, 1, '2012-05-23', 0, '', 2),
	(1103, 191, 0, '2012-05-23', 1, '', 2),
	(1104, 207, 1, '2012-05-23', 0, '', 2),
	(1105, 192, 0, '2012-05-30', 1, '', 2),
	(1106, 194, 0, '2012-05-30', 1, '', 2),
	(1107, 190, 0, '2012-05-30', 1, '', 2),
	(1108, 195, 0, '2012-05-30', 1, '', 2),
	(1109, 193, 1, '2012-05-30', 0, '', 2),
	(1110, 186, 0, '2012-05-30', 1, '', 2),
	(1111, 203, 0, '2012-05-30', 1, '', 2),
	(1112, 200, 0, '2012-05-30', 1, '', 2),
	(1113, 208, 0, '2012-05-30', 1, '', 2),
	(1114, 196, 0, '2012-05-30', 1, '', 2),
	(1115, 199, 0, '2012-05-30', 1, '', 2),
	(1116, 187, 1, '2012-05-30', 0, '', 2),
	(1117, 198, 0, '2012-05-30', 1, '', 2),
	(1118, 201, 0, '2012-05-30', 1, '', 2),
	(1119, 204, 0, '2012-05-30', 1, '', 2),
	(1120, 205, 1, '2012-05-30', 0, '', 2),
	(1121, 210, 1, '2012-05-30', 0, '', 2),
	(1122, 202, 0, '2012-05-30', 1, '', 2),
	(1123, 189, 0, '2012-05-30', 1, '', 2),
	(1124, 188, 0, '2012-05-30', 1, '', 2),
	(1125, 197, 0, '2012-05-30', 1, '', 2),
	(1126, 209, 0, '2012-05-30', 1, '', 2),
	(1127, 206, 1, '2012-05-30', 0, '', 2),
	(1128, 191, 0, '2012-05-30', 1, '', 2),
	(1129, 207, 1, '2012-05-30', 0, '', 2),
	(1130, 192, 0, '2012-06-20', 1, '', 2),
	(1131, 194, 0, '2012-06-20', 1, '', 2),
	(1132, 190, 0, '2012-06-20', 1, '', 2),
	(1133, 195, 0, '2012-06-20', 1, '', 2),
	(1134, 193, 1, '2012-06-20', 0, '', 2),
	(1135, 186, 1, '2012-06-20', 0, '', 2),
	(1136, 203, 0, '2012-06-20', 1, '', 2),
	(1137, 200, 0, '2012-06-20', 1, '', 2),
	(1138, 208, 1, '2012-06-20', 0, '', 2),
	(1139, 196, 0, '2012-06-20', 1, '', 2),
	(1140, 199, 0, '2012-06-20', 1, '', 2),
	(1141, 187, 1, '2012-06-20', 0, '', 2),
	(1142, 198, 0, '2012-06-20', 1, '', 2),
	(1143, 201, 0, '2012-06-20', 1, '', 2),
	(1144, 204, 1, '2012-06-20', 0, '', 2),
	(1145, 205, 1, '2012-06-20', 0, '', 2),
	(1146, 210, 1, '2012-06-20', 0, '', 2),
	(1147, 202, 0, '2012-06-20', 1, '', 2),
	(1148, 189, 0, '2012-06-20', 1, '', 2),
	(1149, 188, 0, '2012-06-20', 1, '', 2),
	(1150, 197, 0, '2012-06-20', 1, '', 2),
	(1151, 209, 1, '2012-06-20', 0, '', 2),
	(1152, 206, 1, '2012-06-20', 0, '', 2),
	(1153, 191, 0, '2012-06-20', 1, '', 2),
	(1154, 207, 1, '2012-06-20', 0, '', 2),
	(1155, 228, 1, '2012-05-30', 0, '', 2),
	(1156, 238, 0, '2012-05-30', 1, '', 2),
	(1157, 239, 1, '2012-05-30', 0, '', 2),
	(1158, 240, 0, '2012-05-30', 1, '', 2),
	(1159, 217, 0, '2012-05-30', 1, '', 2),
	(1160, 241, 0, '2012-05-30', 1, '', 2),
	(1161, 221, 1, '2012-05-30', 0, '', 2),
	(1162, 223, 0, '2012-05-30', 1, '', 2),
	(1163, 227, 1, '2012-05-30', 0, '', 2),
	(1164, 236, 0, '2012-05-30', 1, '', 2),
	(1165, 216, 0, '2012-05-30', 1, '', 2),
	(1166, 230, 0, '2012-05-30', 1, '', 2),
	(1167, 237, 0, '2012-05-30', 1, '', 2),
	(1168, 222, 1, '2012-05-30', 0, '', 2),
	(1169, 220, 0, '2012-05-30', 1, '', 2),
	(1170, 225, 0, '2012-05-30', 1, '', 2),
	(1171, 229, 0, '2012-05-30', 1, '', 2),
	(1172, 224, 0, '2012-05-30', 1, '', 2),
	(1173, 231, 0, '2012-05-30', 1, '', 2),
	(1174, 233, 0, '2012-05-30', 1, '', 2),
	(1175, 218, 0, '2012-05-30', 1, '', 2),
	(1176, 219, 1, '2012-05-30', 0, '', 2),
	(1177, 232, 0, '2012-05-30', 1, '', 2),
	(1178, 234, 1, '2012-05-30', 0, '', 2),
	(1179, 235, 1, '2012-05-30', 0, '', 2),
	(1180, 226, 0, '2012-05-30', 1, '', 2),
	(1181, 228, 1, '2012-06-06', 0, '', 2),
	(1182, 238, 0, '2012-06-06', 1, '', 2),
	(1183, 239, 1, '2012-06-06', 0, '', 2),
	(1184, 240, 0, '2012-06-06', 1, '', 2),
	(1185, 217, 0, '2012-06-06', 1, '', 2),
	(1186, 241, 1, '2012-06-06', 0, '', 2),
	(1187, 221, 1, '2012-06-06', 0, '', 2),
	(1188, 223, 1, '2012-06-06', 0, '', 2),
	(1189, 227, 1, '2012-06-06', 0, '', 2),
	(1190, 236, 0, '2012-06-06', 1, '', 2),
	(1191, 216, 0, '2012-06-06', 1, '', 2),
	(1192, 230, 0, '2012-06-06', 1, '', 2),
	(1193, 237, 0, '2012-06-06', 1, '', 2),
	(1194, 222, 0, '2012-06-06', 1, '', 2),
	(1195, 220, 0, '2012-06-06', 1, '', 2),
	(1196, 225, 0, '2012-06-06', 1, '', 2),
	(1197, 229, 0, '2012-06-06', 1, '', 2),
	(1198, 224, 0, '2012-06-06', 1, '', 2),
	(1199, 231, 0, '2012-06-06', 1, '', 2),
	(1200, 233, 0, '2012-06-06', 1, '', 2),
	(1201, 218, 0, '2012-06-06', 1, '', 2),
	(1202, 219, 1, '2012-06-06', 0, '', 2),
	(1203, 232, 0, '2012-06-06', 1, '', 2),
	(1204, 234, 1, '2012-06-06', 0, '', 2),
	(1205, 235, 1, '2012-06-06', 0, '', 2),
	(1206, 226, 0, '2012-06-06', 1, '', 2),
	(1207, 228, 1, '2012-06-13', 0, '', 2),
	(1208, 238, 0, '2012-06-13', 1, '', 2),
	(1209, 239, 0, '2012-06-13', 1, '', 2),
	(1210, 240, 0, '2012-06-13', 1, '', 2),
	(1211, 217, 0, '2012-06-13', 1, '', 2),
	(1212, 241, 1, '2012-06-13', 0, '', 2),
	(1213, 221, 1, '2012-06-13', 0, '', 2),
	(1214, 223, 0, '2012-06-13', 1, '', 2),
	(1215, 227, 1, '2012-06-13', 0, '', 2),
	(1216, 236, 0, '2012-06-13', 1, '', 2),
	(1217, 216, 0, '2012-06-13', 1, '', 2),
	(1218, 230, 1, '2012-06-13', 0, '', 2),
	(1219, 237, 0, '2012-06-13', 1, '', 2),
	(1220, 222, 0, '2012-06-13', 1, '', 2),
	(1221, 220, 0, '2012-06-13', 1, '', 2),
	(1222, 225, 1, '2012-06-13', 0, '', 2),
	(1223, 229, 0, '2012-06-13', 1, '', 2),
	(1224, 224, 0, '2012-06-13', 1, '', 2),
	(1225, 231, 1, '2012-06-13', 0, '', 2),
	(1226, 233, 0, '2012-06-13', 1, '', 2),
	(1227, 218, 0, '2012-06-13', 1, '', 2),
	(1228, 219, 1, '2012-06-13', 0, '', 2),
	(1229, 232, 0, '2012-06-13', 1, '', 2),
	(1230, 234, 0, '2012-06-13', 1, '', 2),
	(1231, 235, 1, '2012-06-13', 0, '', 2),
	(1232, 226, 0, '2012-06-13', 1, '', 2),
	(1233, 228, 1, '2012-06-20', 0, '', 2),
	(1234, 238, 0, '2012-06-20', 1, '', 2),
	(1235, 239, 0, '2012-06-20', 1, '', 2),
	(1236, 240, 0, '2012-06-20', 1, '', 2),
	(1237, 217, 0, '2012-06-20', 1, '', 2),
	(1238, 241, 1, '2012-06-20', 0, '', 2),
	(1239, 221, 0, '2012-06-20', 1, '', 2),
	(1240, 223, 1, '2012-06-20', 0, '', 2),
	(1241, 227, 1, '2012-06-20', 0, '', 2),
	(1242, 236, 0, '2012-06-20', 1, '', 2),
	(1243, 216, 0, '2012-06-20', 1, '', 2),
	(1244, 230, 1, '2012-06-20', 0, '', 2),
	(1245, 237, 0, '2012-06-20', 1, '', 2),
	(1246, 222, 0, '2012-06-20', 1, '', 2),
	(1247, 220, 0, '2012-06-20', 1, '', 2),
	(1248, 225, 0, '2012-06-20', 1, '', 2),
	(1249, 229, 0, '2012-06-20', 1, '', 2),
	(1250, 224, 0, '2012-06-20', 1, '', 2),
	(1251, 231, 0, '2012-06-20', 1, '', 2),
	(1252, 233, 0, '2012-06-20', 1, '', 2),
	(1253, 218, 0, '2012-06-20', 1, '', 2),
	(1254, 219, 1, '2012-06-20', 0, '', 2),
	(1255, 232, 0, '2012-06-20', 1, '', 2),
	(1256, 234, 1, '2012-06-20', 0, '', 2),
	(1257, 235, 1, '2012-06-20', 0, '', 2),
	(1258, 226, 0, '2012-06-20', 1, '', 2),
	(1259, 228, 1, '2012-06-27', 0, '', 2),
	(1260, 238, 0, '2012-06-27', 1, '', 2),
	(1261, 239, 0, '2012-06-27', 1, '', 2),
	(1262, 240, 0, '2012-06-27', 1, '', 2),
	(1263, 217, 0, '2012-06-27', 1, '', 2),
	(1264, 241, 0, '2012-06-27', 1, '', 2),
	(1265, 221, 1, '2012-06-27', 0, '', 2),
	(1266, 223, 1, '2012-06-27', 0, '', 2),
	(1267, 227, 1, '2012-06-27', 0, '', 2),
	(1268, 236, 0, '2012-06-27', 1, '', 2),
	(1269, 216, 1, '2012-06-27', 0, '', 2),
	(1270, 230, 1, '2012-06-27', 0, '', 2),
	(1271, 237, 0, '2012-06-27', 1, '', 2),
	(1272, 222, 0, '2012-06-27', 1, '', 2),
	(1273, 220, 0, '2012-06-27', 1, '', 2),
	(1274, 225, 0, '2012-06-27', 1, '', 2),
	(1275, 229, 0, '2012-06-27', 1, '', 2),
	(1276, 224, 1, '2012-06-27', 0, '', 2),
	(1277, 231, 0, '2012-06-27', 1, '', 2),
	(1278, 233, 0, '2012-06-27', 1, '', 2),
	(1279, 218, 0, '2012-06-27', 1, '', 2),
	(1280, 219, 1, '2012-06-27', 0, '', 2),
	(1281, 232, 0, '2012-06-27', 1, '', 2),
	(1282, 234, 1, '2012-06-27', 0, '', 2),
	(1283, 235, 1, '2012-06-27', 0, '', 2),
	(1284, 226, 0, '2012-06-27', 1, '', 2),
	(1285, 214, 0, '2012-04-02', 1, '', 2),
	(1286, 212, 0, '2012-04-02', 1, '', 2),
	(1287, 282, 0, '2012-04-02', 1, '', 2),
	(1288, 215, 0, '2012-04-02', 1, '', 2),
	(1289, 277, 0, '2012-04-02', 1, '', 2),
	(1290, 287, 0, '2012-04-02', 1, '', 2),
	(1291, 281, 0, '2012-04-02', 1, '', 2),
	(1292, 283, 0, '2012-04-02', 1, '', 2),
	(1293, 211, 0, '2012-04-02', 1, '', 2),
	(1294, 276, 0, '2012-04-02', 1, '', 2),
	(1295, 288, 0, '2012-04-02', 1, '', 2),
	(1296, 278, 0, '2012-04-02', 1, '', 2),
	(1297, 286, 0, '2012-04-02', 1, '', 2),
	(1298, 213, 0, '2012-04-02', 1, '', 2),
	(1299, 280, 0, '2012-04-02', 1, '', 2),
	(1300, 284, 0, '2012-04-02', 1, '', 2),
	(1301, 279, 0, '2012-04-02', 1, '', 2),
	(1302, 285, 0, '2012-04-02', 1, '', 2),
	(1303, 214, 0, '2012-04-09', 1, '', 2),
	(1304, 212, 0, '2012-04-09', 1, '', 2),
	(1305, 282, 0, '2012-04-09', 1, '', 2),
	(1306, 215, 0, '2012-04-09', 1, '', 2),
	(1307, 277, 0, '2012-04-09', 1, '', 2),
	(1308, 287, 0, '2012-04-09', 1, '', 2),
	(1309, 281, 0, '2012-04-09', 1, '', 2),
	(1310, 283, 0, '2012-04-09', 1, '', 2),
	(1311, 211, 0, '2012-04-09', 1, '', 2),
	(1312, 276, 0, '2012-04-09', 1, '', 2),
	(1313, 288, 0, '2012-04-09', 1, '', 2),
	(1314, 278, 0, '2012-04-09', 1, '', 2),
	(1315, 286, 0, '2012-04-09', 1, '', 2),
	(1316, 213, 0, '2012-04-09', 1, '', 2),
	(1317, 280, 0, '2012-04-09', 1, '', 2),
	(1318, 284, 0, '2012-04-09', 1, '', 2),
	(1319, 279, 0, '2012-04-09', 1, '', 2),
	(1320, 285, 0, '2012-04-09', 1, '', 2),
	(1321, 214, 1, '2012-04-17', 0, 'Khmer NY holiday', 2),
	(1322, 212, 1, '2012-04-17', 0, 'Khmer NY holiday', 2),
	(1323, 282, 1, '2012-04-17', 0, 'Khmer NY holiday', 2),
	(1324, 215, 1, '2012-04-17', 0, 'Khmer NY holiday', 2),
	(1325, 277, 1, '2012-04-17', 0, 'Khmer NY holiday', 2),
	(1326, 287, 1, '2012-04-17', 0, 'Khmer NY holiday', 2),
	(1327, 281, 1, '2012-04-17', 0, 'Khmer NY holiday', 2),
	(1328, 283, 1, '2012-04-17', 0, 'Khmer NY holiday', 2),
	(1329, 211, 1, '2012-04-17', 0, 'Khmer NY holiday', 2),
	(1330, 276, 1, '2012-04-17', 0, 'Khmer NY holiday', 2),
	(1331, 288, 1, '2012-04-17', 0, 'Khmer NY holiday', 2),
	(1332, 278, 1, '2012-04-17', 0, 'Khmer NY holiday', 2),
	(1333, 286, 1, '2012-04-17', 0, 'Khmer NY holiday', 2),
	(1334, 213, 1, '2012-04-17', 0, 'Khmer NY holiday', 2),
	(1335, 280, 1, '2012-04-17', 0, 'Khmer NY holiday', 2),
	(1336, 284, 1, '2012-04-17', 0, 'Khmer NY holiday', 2),
	(1337, 279, 1, '2012-04-17', 0, 'Khmer NY holiday', 2),
	(1338, 285, 1, '2012-04-17', 0, 'Khmer NY holiday', 2),
	(1339, 214, 0, '2012-04-23', 1, '', 2),
	(1340, 212, 0, '2012-04-23', 1, '', 2),
	(1341, 282, 0, '2012-04-23', 1, '', 2),
	(1342, 215, 0, '2012-04-23', 1, '', 2),
	(1343, 277, 0, '2012-04-23', 1, '', 2),
	(1344, 287, 0, '2012-04-23', 1, '', 2),
	(1345, 281, 0, '2012-04-23', 1, '', 2),
	(1346, 283, 0, '2012-04-23', 1, '', 2),
	(1347, 211, 0, '2012-04-23', 1, '', 2),
	(1348, 276, 0, '2012-04-23', 1, '', 2),
	(1349, 288, 0, '2012-04-23', 1, '', 2),
	(1350, 278, 0, '2012-04-23', 1, '', 2),
	(1351, 286, 0, '2012-04-23', 1, '', 2),
	(1352, 213, 0, '2012-04-23', 1, '', 2),
	(1353, 280, 0, '2012-04-23', 1, '', 2),
	(1354, 284, 0, '2012-04-23', 1, '', 2),
	(1355, 279, 0, '2012-04-23', 1, '', 2),
	(1356, 285, 0, '2012-04-23', 1, '', 2),
	(1357, 214, 0, '2012-04-30', 1, '', 2),
	(1358, 212, 0, '2012-04-30', 1, '', 2),
	(1359, 282, 0, '2012-04-30', 1, '', 2),
	(1360, 215, 0, '2012-04-30', 1, '', 2),
	(1361, 277, 0, '2012-04-30', 1, '', 2),
	(1362, 287, 0, '2012-04-30', 1, '', 2),
	(1363, 281, 0, '2012-04-30', 1, '', 2),
	(1364, 283, 0, '2012-04-30', 1, '', 2),
	(1365, 211, 0, '2012-04-30', 1, '', 2),
	(1366, 276, 0, '2012-04-30', 1, '', 2),
	(1367, 288, 0, '2012-04-30', 1, '', 2),
	(1368, 278, 0, '2012-04-30', 1, '', 2),
	(1369, 286, 0, '2012-04-30', 1, '', 2),
	(1370, 213, 0, '2012-04-30', 1, '', 2),
	(1371, 280, 0, '2012-04-30', 1, '', 2),
	(1372, 284, 0, '2012-04-30', 1, '', 2),
	(1373, 279, 0, '2012-04-30', 1, '', 2),
	(1374, 285, 0, '2012-04-30', 1, '', 2),
	(1375, 148, 0, '2012-06-30', 1, '', 2),
	(1376, 141, 1, '2012-06-30', 0, '', 2),
	(1377, 154, 1, '2012-06-30', 0, '', 2),
	(1378, 140, 1, '2012-06-30', 0, '', 2),
	(1379, 143, 0, '2012-06-30', 1, '', 2),
	(1380, 150, 1, '2012-06-30', 0, '', 2),
	(1381, 138, 0, '2012-06-30', 1, '', 2),
	(1382, 153, 0, '2012-06-30', 1, '', 2),
	(1383, 146, 1, '2012-06-30', 0, '', 2),
	(1384, 152, 0, '2012-06-30', 1, '', 2),
	(1385, 145, 1, '2012-06-30', 0, '', 2),
	(1386, 144, 0, '2012-06-30', 1, '', 2),
	(1387, 151, 1, '2012-06-30', 0, '', 2),
	(1388, 139, 0, '2012-06-30', 1, '', 2),
	(1389, 142, 1, '2012-06-30', 0, '', 2),
	(1390, 108, 1, '2012-06-30', 0, '', 2),
	(1391, 137, 1, '2012-06-30', 0, '', 2),
	(1392, 149, 1, '2012-06-30', 0, '', 2),
	(1393, 147, 0, '2012-06-30', 1, '', 2),
	(1394, 214, 0, '2012-05-07', 1, '', 2),
	(1395, 212, 0, '2012-05-07', 1, '', 2),
	(1396, 282, 1, '2012-05-07', 0, '', 2),
	(1397, 215, 0, '2012-05-07', 1, '', 2),
	(1398, 277, 1, '2012-05-07', 0, '', 2),
	(1399, 287, 1, '2012-05-07', 0, '', 2),
	(1400, 281, 1, '2012-05-07', 0, '', 2),
	(1401, 283, 1, '2012-05-07', 0, '', 2),
	(1402, 211, 0, '2012-05-07', 1, '', 2),
	(1403, 276, 1, '2012-05-07', 0, '', 2),
	(1404, 288, 1, '2012-05-07', 0, '', 2),
	(1405, 278, 1, '2012-05-07', 0, '', 2),
	(1406, 286, 1, '2012-05-07', 0, '', 2),
	(1407, 213, 0, '2012-05-07', 1, '', 2),
	(1408, 280, 1, '2012-05-07', 0, '', 2),
	(1409, 284, 1, '2012-05-07', 0, '', 2),
	(1410, 279, 1, '2012-05-07', 0, '', 2),
	(1411, 285, 1, '2012-05-07', 0, '', 2),
	(1412, 214, 1, '2012-05-14', 0, 'King BD holiday', 2),
	(1413, 212, 1, '2012-05-14', 0, 'King BD holiday', 2),
	(1414, 282, 1, '2012-05-14', 0, 'King BD holiday', 2),
	(1415, 215, 1, '2012-05-14', 0, 'King BD holiday', 2),
	(1416, 277, 1, '2012-05-14', 0, 'King BD holiday', 2),
	(1417, 287, 1, '2012-05-14', 0, 'King BD holiday', 2),
	(1418, 281, 1, '2012-05-14', 0, 'King BD holiday', 2),
	(1419, 283, 1, '2012-05-14', 0, 'King BD holiday', 2),
	(1420, 211, 1, '2012-05-14', 0, 'King BD holiday', 2),
	(1421, 276, 1, '2012-05-14', 0, 'King BD holiday', 2),
	(1422, 288, 1, '2012-05-14', 0, 'King BD holiday', 2),
	(1423, 278, 1, '2012-05-14', 0, 'King BD holiday', 2),
	(1424, 286, 1, '2012-05-14', 0, 'King BD holiday', 2),
	(1425, 213, 1, '2012-05-14', 0, 'King BD holiday', 2),
	(1426, 280, 1, '2012-05-14', 0, 'King BD holiday', 2),
	(1427, 284, 1, '2012-05-14', 0, 'King BD holiday', 2),
	(1428, 279, 1, '2012-05-14', 0, 'King BD holiday', 2),
	(1429, 285, 1, '2012-05-14', 0, 'King BD holiday', 2),
	(1430, 214, 0, '2012-05-21', 1, '', 2),
	(1431, 212, 0, '2012-05-21', 1, '', 2),
	(1432, 282, 0, '2012-05-21', 1, '', 2),
	(1433, 215, 0, '2012-05-21', 1, '', 2),
	(1434, 277, 0, '2012-05-21', 1, '', 2),
	(1435, 287, 0, '2012-05-21', 1, '', 2),
	(1436, 281, 0, '2012-05-21', 1, '', 2),
	(1437, 283, 0, '2012-05-21', 1, '', 2),
	(1438, 211, 0, '2012-05-21', 1, '', 2),
	(1439, 276, 1, '2012-05-21', 0, '', 2),
	(1440, 288, 1, '2012-05-21', 0, '', 2),
	(1441, 278, 0, '2012-05-21', 1, '', 2),
	(1442, 286, 0, '2012-05-21', 1, '', 2),
	(1443, 213, 0, '2012-05-21', 1, '', 2),
	(1444, 280, 0, '2012-05-21', 1, '', 2),
	(1445, 284, 0, '2012-05-21', 1, '', 2),
	(1446, 279, 0, '2012-05-21', 1, '', 2),
	(1447, 285, 0, '2012-05-21', 1, '', 2),
	(1448, 214, 1, '2012-05-28', 0, '', 2),
	(1449, 212, 0, '2012-05-28', 1, '', 2),
	(1450, 282, 1, '2012-05-28', 0, '', 2),
	(1451, 215, 0, '2012-05-28', 1, '', 2),
	(1452, 277, 0, '2012-05-28', 1, '', 2),
	(1453, 287, 0, '2012-05-28', 1, '', 2),
	(1454, 281, 1, '2012-05-28', 0, '', 2),
	(1455, 283, 1, '2012-05-28', 0, '', 2),
	(1456, 211, 0, '2012-05-28', 1, '', 2),
	(1457, 276, 0, '2012-05-28', 1, '', 2),
	(1458, 288, 0, '2012-05-28', 1, '', 2),
	(1459, 278, 0, '2012-05-28', 1, '', 2),
	(1460, 286, 0, '2012-05-28', 1, '', 2),
	(1461, 213, 0, '2012-05-28', 1, '', 2),
	(1462, 280, 0, '2012-05-28', 1, '', 2),
	(1463, 284, 0, '2012-05-28', 1, '', 2),
	(1464, 279, 0, '2012-05-28', 1, '', 2),
	(1465, 285, 0, '2012-05-28', 1, '', 2),
	(1466, 214, 1, '2012-06-04', 0, '', 2),
	(1467, 212, 1, '2012-06-04', 0, '', 2),
	(1468, 282, 1, '2012-06-04', 0, '', 2),
	(1469, 215, 0, '2012-06-04', 1, '', 2),
	(1470, 277, 1, '2012-06-04', 0, '', 2),
	(1471, 287, 1, '2012-06-04', 0, '', 2),
	(1472, 281, 1, '2012-06-04', 0, '', 2),
	(1473, 283, 1, '2012-06-04', 0, '', 2),
	(1474, 211, 0, '2012-06-04', 1, '', 2),
	(1475, 276, 0, '2012-06-04', 1, '', 2),
	(1476, 288, 0, '2012-06-04', 1, '', 2),
	(1477, 278, 0, '2012-06-04', 1, '', 2),
	(1478, 286, 0, '2012-06-04', 1, '', 2),
	(1479, 213, 0, '2012-06-04', 1, '', 2),
	(1480, 280, 1, '2012-06-04', 0, '', 2),
	(1481, 284, 1, '2012-06-04', 0, '', 2),
	(1482, 279, 0, '2012-06-04', 1, '', 2),
	(1483, 285, 0, '2012-06-04', 1, '', 2),
	(1484, 214, 1, '2012-06-11', 0, '', 2),
	(1485, 212, 1, '2012-06-11', 0, '', 2),
	(1486, 282, 0, '2012-06-11', 1, '', 2),
	(1487, 215, 0, '2012-06-11', 1, '', 2),
	(1488, 277, 0, '2012-06-11', 1, '', 2),
	(1489, 287, 0, '2012-06-11', 1, '', 2),
	(1490, 281, 0, '2012-06-11', 1, '', 2),
	(1491, 283, 0, '2012-06-11', 1, '', 2),
	(1492, 211, 1, '2012-06-11', 0, 'She has permission. She moved the house.', 2),
	(1493, 276, 0, '2012-06-11', 1, '', 2),
	(1494, 288, 0, '2012-06-11', 1, '', 2),
	(1495, 278, 0, '2012-06-11', 1, '', 2),
	(1496, 286, 0, '2012-06-11', 1, '', 2),
	(1497, 213, 0, '2012-06-11', 1, '', 2),
	(1498, 280, 0, '2012-06-11', 1, '', 2),
	(1499, 284, 0, '2012-06-11', 1, '', 2),
	(1500, 279, 0, '2012-06-11', 1, '', 2),
	(1501, 285, 0, '2012-06-11', 1, '', 2),
	(1502, 214, 1, '2012-06-18', 0, 'King BD holiday', 2),
	(1503, 212, 1, '2012-06-18', 0, 'King BD holiday', 2),
	(1504, 282, 1, '2012-06-18', 0, 'King BD holiday', 2),
	(1505, 215, 1, '2012-06-18', 0, 'King BD holiday', 2),
	(1506, 277, 1, '2012-06-18', 0, 'King BD holiday', 2),
	(1507, 287, 1, '2012-06-18', 0, 'King BD holiday', 2),
	(1508, 281, 1, '2012-06-18', 0, 'King BD holiday', 2),
	(1509, 283, 1, '2012-06-18', 0, 'King BD holiday', 2),
	(1510, 211, 1, '2012-06-18', 0, 'King BD holiday', 2),
	(1511, 276, 1, '2012-06-18', 0, 'King BD holiday', 2),
	(1512, 288, 1, '2012-06-18', 0, 'King BD holiday', 2),
	(1513, 278, 1, '2012-06-18', 0, 'King BD holiday', 2),
	(1514, 286, 1, '2012-06-18', 0, 'King BD holiday', 2),
	(1515, 213, 1, '2012-06-18', 0, 'King BD holiday', 2),
	(1516, 280, 1, '2012-06-18', 0, '`King BD holiday', 2),
	(1517, 284, 1, '2012-06-18', 0, 'King BD holiday', 2),
	(1518, 279, 1, '2012-06-18', 0, 'King BD holiday', 2),
	(1519, 285, 1, '2012-06-18', 0, 'King BD holiday', 2),
	(1520, 214, 0, '2012-06-25', 1, '', 2),
	(1521, 212, 1, '2012-06-25', 0, '', 2),
	(1522, 282, 1, '2012-06-25', 0, '', 2),
	(1523, 215, 0, '2012-06-25', 1, '', 2),
	(1524, 277, 1, '2012-06-25', 0, '', 2),
	(1525, 287, 1, '2012-06-25', 0, '', 2),
	(1526, 281, 1, '2012-06-25', 0, '', 2),
	(1527, 283, 1, '2012-06-25', 0, '', 2),
	(1528, 211, 1, '2012-06-25', 0, 'She has permission. New house party.', 2),
	(1529, 276, 0, '2012-06-25', 1, '', 2),
	(1530, 288, 0, '2012-06-25', 1, '', 2),
	(1531, 278, 0, '2012-06-25', 1, '', 2),
	(1532, 286, 0, '2012-06-25', 1, '', 2),
	(1533, 213, 0, '2012-06-25', 1, '', 2),
	(1534, 280, 1, '2012-06-25', 0, '', 2),
	(1535, 284, 1, '2012-06-25', 0, '', 2),
	(1536, 279, 0, '2012-06-25', 1, '', 2),
	(1537, 285, 0, '2012-06-25', 1, '', 2),
	(1538, 159, 0, '2012-04-05', 1, '', 2),
	(1539, 158, 0, '2012-04-05', 1, '', 2),
	(1540, 157, 0, '2012-04-05', 1, '', 2),
	(1541, 160, 0, '2012-04-05', 1, '', 2),
	(1542, 155, 0, '2012-04-05', 1, '', 2),
	(1543, 156, 0, '2012-04-05', 1, '', 2),
	(1544, 159, 0, '2012-04-12', 1, '', 2),
	(1545, 158, 0, '2012-04-12', 1, '', 2),
	(1546, 157, 0, '2012-04-12', 1, '', 2),
	(1547, 160, 0, '2012-04-12', 1, '', 2),
	(1548, 155, 0, '2012-04-12', 1, '', 2),
	(1549, 156, 0, '2012-04-12', 1, '', 2),
	(1550, 159, 0, '2012-04-19', 1, '', 2),
	(1551, 158, 0, '2012-04-19', 1, '', 2),
	(1552, 157, 0, '2012-04-19', 1, '', 2),
	(1553, 160, 0, '2012-04-19', 1, '', 2),
	(1554, 155, 0, '2012-04-19', 1, '', 2),
	(1555, 156, 0, '2012-04-19', 1, '', 2),
	(1556, 159, 0, '2012-04-26', 1, '', 2),
	(1557, 158, 0, '2012-04-26', 1, '', 2),
	(1558, 157, 0, '2012-04-26', 1, '', 2),
	(1559, 160, 0, '2012-04-26', 1, '', 2),
	(1560, 155, 0, '2012-04-26', 1, '', 2),
	(1561, 156, 0, '2012-04-26', 1, '', 2),
	(1562, 159, 0, '2012-05-03', 1, '', 2),
	(1563, 158, 0, '2012-05-03', 1, '', 2),
	(1564, 157, 0, '2012-05-03', 1, '', 2),
	(1565, 160, 0, '2012-05-03', 1, '', 2),
	(1566, 155, 0, '2012-05-03', 1, '', 2),
	(1567, 156, 0, '2012-05-03', 1, '', 2),
	(1568, 159, 0, '2012-05-10', 1, '', 2),
	(1569, 158, 0, '2012-05-10', 1, '', 2),
	(1570, 157, 0, '2012-05-10', 1, '', 2),
	(1571, 160, 0, '2012-05-10', 1, '', 2),
	(1572, 155, 0, '2012-05-10', 1, '', 2),
	(1573, 156, 0, '2012-05-10', 1, '', 2),
	(1574, 159, 0, '2012-05-17', 1, '', 2),
	(1575, 158, 0, '2012-05-17', 1, '', 2),
	(1576, 157, 0, '2012-05-17', 1, '', 2),
	(1577, 160, 0, '2012-05-17', 1, '', 2),
	(1578, 155, 0, '2012-05-17', 1, '', 2),
	(1579, 156, 0, '2012-05-17', 1, '', 2),
	(1580, 159, 1, '2012-05-24', 0, '', 2),
	(1581, 158, 0, '2012-05-24', 1, '', 2),
	(1582, 157, 0, '2012-05-24', 1, '', 2),
	(1583, 160, 0, '2012-05-24', 1, '', 2),
	(1584, 155, 0, '2012-05-24', 1, '', 2),
	(1585, 156, 0, '2012-05-24', 1, '', 2),
	(1586, 159, 1, '2012-05-31', 0, 'School busy', 2),
	(1587, 158, 1, '2012-05-31', 0, 'School busy', 2),
	(1588, 157, 1, '2012-05-31', 0, 'School busy', 2),
	(1589, 160, 1, '2012-05-31', 0, 'School busy', 2),
	(1590, 155, 1, '2012-05-31', 0, 'School busy', 2),
	(1591, 156, 1, '2012-05-31', 0, 'School busy', 2),
	(1592, 159, 1, '2012-06-07', 0, 'School busy', 2),
	(1593, 158, 1, '2012-06-07', 0, 'School busy', 2),
	(1594, 157, 1, '2012-06-07', 0, 'School busy', 2),
	(1595, 160, 1, '2012-06-07', 0, 'School busy', 2),
	(1596, 155, 1, '2012-06-07', 0, 'School busy', 2),
	(1597, 156, 1, '2012-06-07', 0, 'School busy', 2),
	(1598, 159, 1, '2012-06-14', 0, 'School busy', 2),
	(1599, 158, 1, '2012-06-14', 0, 'School busy', 2),
	(1600, 157, 1, '2012-06-14', 0, 'School busy', 2),
	(1601, 160, 1, '2012-06-14', 0, 'School busy', 2),
	(1602, 155, 1, '2012-06-14', 0, 'School busy', 2),
	(1603, 156, 1, '2012-06-14', 0, 'School busy', 2),
	(1604, 159, 1, '2012-06-21', 0, '', 2),
	(1605, 158, 0, '2012-06-21', 1, '', 2),
	(1606, 157, 0, '2012-06-21', 1, '', 2),
	(1607, 160, 0, '2012-06-21', 1, '', 2),
	(1608, 155, 1, '2012-06-21', 0, '', 2),
	(1609, 156, 1, '2012-06-21', 0, '', 2),
	(1610, 159, 1, '2012-06-28', 0, '', 2),
	(1611, 158, 0, '2012-06-28', 1, '', 2),
	(1612, 157, 0, '2012-06-28', 1, '', 2),
	(1613, 160, 0, '2012-06-28', 1, '', 2),
	(1614, 155, 1, '2012-06-28', 0, '', 2),
	(1615, 156, 1, '2012-06-28', 0, '', 2),
	(1616, 148, 0, '2012-06-09', 1, '', 2),
	(1617, 141, 1, '2012-06-09', 0, '', 2),
	(1618, 154, 1, '2012-06-09', 0, '', 2),
	(1619, 140, 0, '2012-06-09', 1, '', 2),
	(1620, 143, 1, '2012-06-09', 0, '', 2),
	(1621, 150, 1, '2012-06-09', 0, '', 2),
	(1622, 138, 0, '2012-06-09', 1, '', 2),
	(1623, 153, 0, '2012-06-09', 1, '', 2),
	(1624, 146, 1, '2012-06-09', 0, '', 2),
	(1625, 152, 0, '2012-06-09', 1, '', 2),
	(1626, 145, 0, '2012-06-09', 1, '', 2),
	(1627, 144, 0, '2012-06-09', 1, '', 2),
	(1628, 151, 0, '2012-06-09', 1, '', 2),
	(1629, 139, 1, '2012-06-09', 0, '', 2),
	(1630, 142, 1, '2012-06-09', 0, '', 2),
	(1631, 108, 1, '2012-06-09', 0, '', 2),
	(1632, 137, 1, '2012-06-09', 0, '', 2),
	(1633, 149, 1, '2012-06-09', 0, '', 2),
	(1634, 147, 0, '2012-06-09', 1, '', 2),
	(1635, 148, 1, '2012-06-16', 0, '', 2),
	(1636, 141, 1, '2012-06-16', 0, '', 2),
	(1637, 154, 1, '2012-06-16', 0, '', 2),
	(1638, 140, 0, '2012-06-16', 1, '', 2),
	(1639, 143, 1, '2012-06-16', 0, '', 2),
	(1640, 150, 1, '2012-06-16', 0, '', 2),
	(1641, 138, 0, '2012-06-16', 1, '', 2),
	(1642, 153, 0, '2012-06-16', 1, '', 2),
	(1643, 146, 0, '2012-06-16', 1, '', 2),
	(1644, 152, 1, '2012-06-16', 0, '', 2),
	(1645, 145, 1, '2012-06-16', 0, '', 2),
	(1646, 144, 1, '2012-06-16', 0, '', 2),
	(1647, 151, 1, '2012-06-16', 0, '', 2),
	(1648, 139, 1, '2012-06-16', 0, '', 2),
	(1649, 142, 1, '2012-06-16', 0, '', 2),
	(1650, 108, 1, '2012-06-16', 0, '', 2),
	(1651, 137, 1, '2012-06-16', 0, '', 2),
	(1652, 149, 0, '2012-06-16', 1, '', 2),
	(1653, 147, 1, '2012-06-16', 0, '', 2),
	(1654, 43, 0, '2012-07-04', 1, '', NULL),
	(1655, 42, 1, '2012-07-04', 0, 'Permission sick', NULL),
	(1656, 41, 1, '2012-07-04', 0, 'Permission to join wedding party', NULL),
	(1657, 46, 0, '2012-07-04', 1, '', NULL),
	(1658, 45, 0, '2012-07-04', 1, '', NULL),
	(1659, 38, 0, '2012-07-04', 1, '', NULL),
	(1660, 44, 0, '2012-07-04', 1, '', NULL),
	(1661, 50, 1, '2012-07-04', 0, 'Permission to join wedding party', NULL),
	(1662, 1, 0, '2012-07-04', 1, '', NULL),
	(1663, 2, 0, '2012-07-04', 1, '', NULL),
	(1664, 54, 0, '2012-07-04', 1, '', NULL),
	(1665, 56, 0, '2012-07-04', 1, '', NULL),
	(1666, 48, 0, '2012-07-04', 1, '', NULL),
	(1667, 51, 0, '2012-07-04', 1, '', NULL),
	(1668, 49, 0, '2012-07-04', 1, '', NULL),
	(1669, 39, 0, '2012-07-04', 1, '', NULL),
	(1670, 55, 0, '2012-07-04', 1, '', NULL),
	(1671, 52, 0, '2012-07-04', 1, '', NULL),
	(1672, 57, 0, '2012-07-04', 1, '', NULL),
	(1673, 53, 0, '2012-07-04', 1, '', NULL),
	(1674, 40, 0, '2012-07-04', 1, '', NULL),
	(1675, 47, 1, '2012-07-04', 0, '', NULL),
	(1676, 10, 0, '2012-07-04', 1, '', NULL),
	(1677, 18, 0, '2012-07-04', 1, '', NULL),
	(1678, 13, 0, '2012-07-04', 1, '', NULL),
	(1679, 7, 0, '2012-07-04', 1, '', NULL),
	(1680, 8, 0, '2012-07-04', 1, '', NULL),
	(1681, 4, 0, '2012-07-04', 1, '', NULL),
	(1682, 16, 0, '2012-07-04', 1, '', NULL),
	(1683, 12, 0, '2012-07-04', 1, '', NULL),
	(1684, 15, 0, '2012-07-04', 1, '', NULL),
	(1685, 11, 0, '2012-07-04', 1, '', NULL),
	(1686, 5, 0, '2012-07-04', 1, '', NULL),
	(1687, 6, 0, '2012-07-04', 1, '', NULL),
	(1688, 14, 0, '2012-07-04', 1, '', NULL),
	(1689, 3, 0, '2012-07-04', 1, '', NULL),
	(1690, 9, 0, '2012-07-04', 1, '', NULL),
	(1691, 19, 0, '2012-07-04', 1, '', NULL),
	(1692, 43, 0, '2012-07-11', 1, '', NULL),
	(1693, 42, 1, '2012-07-11', 0, '', NULL),
	(1694, 41, 0, '2012-07-11', 1, '', NULL),
	(1695, 46, 1, '2012-07-11', 0, '', NULL),
	(1696, 45, 0, '2012-07-11', 1, '', NULL),
	(1697, 38, 0, '2012-07-11', 1, '', NULL),
	(1698, 44, 0, '2012-07-11', 1, '', NULL),
	(1699, 50, 0, '2012-07-11', 1, '', NULL),
	(1700, 1, 1, '2012-07-11', 0, '', NULL),
	(1701, 2, 1, '2012-07-11', 0, '', NULL),
	(1702, 54, 0, '2012-07-11', 1, '', NULL),
	(1703, 56, 0, '2012-07-11', 1, '', NULL),
	(1704, 48, 0, '2012-07-11', 1, '', NULL),
	(1705, 51, 1, '2012-07-11', 0, '', NULL),
	(1706, 49, 0, '2012-07-11', 1, '', NULL),
	(1707, 39, 1, '2012-07-11', 0, '', NULL),
	(1708, 55, 0, '2012-07-11', 1, '', NULL),
	(1709, 52, 0, '2012-07-11', 1, '', NULL),
	(1710, 57, 0, '2012-07-11', 1, '', NULL),
	(1711, 53, 0, '2012-07-11', 1, '', NULL),
	(1712, 40, 0, '2012-07-11', 1, '', NULL),
	(1713, 47, 1, '2012-07-11', 0, '', NULL),
	(1714, 10, 0, '2012-07-11', 1, '', NULL),
	(1715, 18, 0, '2012-07-11', 1, '', NULL),
	(1716, 13, 0, '2012-07-11', 1, '', NULL),
	(1717, 7, 0, '2012-07-11', 1, '', NULL),
	(1718, 8, 0, '2012-07-11', 1, '', NULL),
	(1719, 4, 1, '2012-07-11', 0, '', NULL),
	(1720, 16, 0, '2012-07-11', 1, '', NULL),
	(1721, 12, 0, '2012-07-11', 1, '', NULL),
	(1722, 15, 0, '2012-07-11', 1, '', NULL),
	(1723, 11, 0, '2012-07-11', 1, '', NULL),
	(1724, 5, 0, '2012-07-11', 1, '', NULL),
	(1725, 6, 0, '2012-07-11', 1, '', NULL),
	(1726, 14, 1, '2012-07-11', 0, '', NULL),
	(1727, 3, 0, '2012-07-11', 1, '', NULL),
	(1728, 9, 0, '2012-07-11', 1, '', NULL),
	(1729, 19, 0, '2012-07-11', 1, '', NULL),
	(1730, 136, 0, '2012-05-27', 1, '', 2),
	(1731, 135, 0, '2012-05-27', 1, '', 2),
	(1732, 130, 0, '2012-05-27', 1, '', 2),
	(1733, 127, 0, '2012-05-27', 1, '', 2),
	(1734, 129, 0, '2012-05-27', 1, '', 2),
	(1735, 126, 0, '2012-05-27', 1, '', 2),
	(1736, 128, 0, '2012-05-27', 1, '', 2),
	(1737, 132, 0, '2012-05-27', 1, '', 2),
	(1738, 131, 0, '2012-05-27', 1, '', 2),
	(1739, 133, 0, '2012-05-27', 1, '', 2),
	(1740, 134, 0, '2012-05-27', 1, '', 2),
	(1741, 136, 0, '2012-06-10', 1, '', 2),
	(1742, 135, 0, '2012-06-10', 1, '', 2),
	(1743, 130, 0, '2012-06-10', 1, '', 2),
	(1744, 127, 0, '2012-06-10', 1, '', 2),
	(1745, 129, 0, '2012-06-10', 1, '', 2),
	(1746, 126, 1, '2012-06-10', 0, ' permission', 2),
	(1747, 128, 0, '2012-06-10', 1, '', 2),
	(1748, 132, 0, '2012-06-10', 1, '', 2),
	(1749, 131, 0, '2012-06-10', 1, '', 2),
	(1750, 133, 1, '2012-06-10', 0, ' permission', 2),
	(1751, 134, 1, '2012-06-10', 0, ' permission', 2),
	(1752, 136, 0, '2012-06-17', 1, '', 2),
	(1753, 135, 0, '2012-06-17', 1, '', 2),
	(1754, 130, 0, '2012-06-17', 1, '', 2),
	(1755, 127, 0, '2012-06-17', 1, '', 2),
	(1756, 129, 0, '2012-06-17', 1, '', 2),
	(1757, 126, 0, '2012-06-17', 1, '', 2),
	(1758, 128, 0, '2012-06-17', 1, '', 2),
	(1759, 132, 0, '2012-06-17', 1, '', 2),
	(1760, 131, 0, '2012-06-17', 1, '', 2),
	(1761, 133, 0, '2012-06-17', 1, '', 2),
	(1762, 134, 0, '2012-06-17', 1, '', 2),
	(1763, 136, 0, '2012-06-24', 1, '', 2),
	(1764, 135, 0, '2012-06-24', 1, '', 2),
	(1765, 130, 0, '2012-06-24', 1, '', 2),
	(1766, 127, 0, '2012-06-24', 1, '', 2),
	(1767, 129, 0, '2012-06-24', 1, '', 2),
	(1768, 126, 0, '2012-06-24', 1, '', 2),
	(1769, 128, 1, '2012-06-24', 0, 'permission : sick ', 2),
	(1770, 132, 1, '2012-06-24', 0, 'Permission: exam', 2),
	(1771, 131, 0, '2012-06-24', 1, '', 2),
	(1772, 133, 1, '2012-06-24', 0, 'Permission: exam', 2),
	(1773, 134, 0, '2012-06-24', 1, '', 2),
	(1774, 136, 0, '2012-07-01', 1, '', NULL),
	(1775, 135, 0, '2012-07-01', 1, '', NULL),
	(1776, 130, 0, '2012-07-01', 1, '', NULL),
	(1777, 127, 0, '2012-07-01', 1, '', NULL),
	(1778, 129, 0, '2012-07-01', 1, '', NULL),
	(1779, 126, 0, '2012-07-01', 1, '', NULL),
	(1780, 128, 0, '2012-07-01', 1, '', NULL),
	(1781, 132, 0, '2012-07-01', 1, '', NULL),
	(1782, 131, 0, '2012-07-01', 1, '', NULL),
	(1783, 133, 0, '2012-07-01', 1, '', NULL),
	(1784, 134, 0, '2012-07-01', 1, '', NULL),
	(1785, 136, 0, '2012-07-08', 1, '', NULL),
	(1786, 135, 1, '2012-07-08', 0, '', NULL),
	(1787, 130, 1, '2012-07-08', 0, '', NULL),
	(1788, 127, 0, '2012-07-08', 1, '', NULL),
	(1789, 129, 1, '2012-07-08', 0, '', NULL),
	(1790, 126, 0, '2012-07-08', 1, '', NULL),
	(1791, 128, 1, '2012-07-08', 0, '', NULL),
	(1792, 132, 1, '2012-07-08', 0, '', NULL),
	(1793, 131, 1, '2012-07-08', 0, '', NULL),
	(1794, 133, 0, '2012-07-08', 1, '', NULL),
	(1795, 134, 1, '2012-07-08', 0, '', NULL),
	(1796, 136, 0, '2012-07-15', 1, '', NULL),
	(1797, 135, 0, '2012-07-15', 1, '', NULL),
	(1798, 130, 0, '2012-07-15', 1, '', NULL),
	(1799, 127, 1, '2012-07-15', 0, 'permission ', NULL),
	(1800, 129, 0, '2012-07-15', 1, '', NULL),
	(1801, 126, 1, '2012-07-15', 0, 'permission', NULL),
	(1802, 128, 0, '2012-07-15', 1, '', NULL),
	(1803, 132, 0, '2012-07-15', 1, '', NULL),
	(1804, 131, 0, '2012-07-15', 1, '', NULL),
	(1805, 133, 0, '2012-07-15', 1, '', NULL),
	(1806, 134, 0, '2012-07-15', 1, '', NULL),
	(1807, 43, 0, '2012-07-18', 1, '', NULL),
	(1808, 42, 1, '2012-07-18', 0, 'permission ', NULL),
	(1809, 41, 0, '2012-07-18', 1, '', NULL),
	(1810, 46, 1, '2012-07-18', 0, '', NULL),
	(1811, 45, 0, '2012-07-18', 1, '', NULL),
	(1812, 38, 0, '2012-07-18', 1, '', NULL),
	(1813, 44, 0, '2012-07-18', 1, '', NULL),
	(1814, 50, 1, '2012-07-18', 0, '', NULL),
	(1815, 54, 0, '2012-07-18', 1, '', NULL),
	(1816, 56, 0, '2012-07-18', 1, '', NULL),
	(1817, 48, 1, '2012-07-18', 0, 'permission', NULL),
	(1818, 51, 0, '2012-07-18', 1, '', NULL),
	(1819, 49, 0, '2012-07-18', 1, '', NULL),
	(1820, 39, 0, '2012-07-18', 1, '', NULL),
	(1821, 55, 0, '2012-07-18', 1, '', NULL),
	(1822, 52, 0, '2012-07-18', 1, '', NULL),
	(1823, 57, 1, '2012-07-18', 0, 'permission ', NULL),
	(1824, 53, 0, '2012-07-18', 1, '', NULL),
	(1825, 40, 0, '2012-07-18', 1, '', NULL),
	(1826, 47, 1, '2012-07-18', 0, 'permission', NULL),
	(1827, 10, 0, '2012-07-18', 1, '', NULL),
	(1828, 18, 0, '2012-07-18', 1, '', NULL),
	(1829, 13, 0, '2012-07-18', 1, '', NULL),
	(1830, 7, 0, '2012-07-18', 1, '', NULL),
	(1831, 8, 0, '2012-07-18', 1, '', NULL),
	(1832, 4, 0, '2012-07-18', 1, '', NULL),
	(1833, 16, 1, '2012-07-18', 0, 'permission she break her arm when she ply foot ball', NULL),
	(1834, 12, 0, '2012-07-18', 1, '', NULL),
	(1835, 15, 0, '2012-07-18', 1, '', NULL),
	(1836, 11, 0, '2012-07-18', 1, '', NULL),
	(1837, 5, 0, '2012-07-18', 1, '', NULL),
	(1838, 6, 0, '2012-07-18', 1, '', NULL),
	(1839, 14, 0, '2012-07-18', 1, '', NULL),
	(1840, 3, 0, '2012-07-18', 1, '', NULL),
	(1841, 9, 0, '2012-07-18', 1, '', NULL),
	(1842, 19, 0, '2012-07-18', 1, '', NULL),
	(1843, 59, 1, '2012-07-06', 0, '', NULL),
	(1844, 61, 0, '2012-07-06', 1, '', NULL),
	(1845, 65, 0, '2012-07-06', 1, '', NULL),
	(1846, 72, 0, '2012-07-06', 1, '', NULL),
	(1847, 69, 0, '2012-07-06', 1, '', NULL),
	(1848, 62, 0, '2012-07-06', 1, '', NULL),
	(1849, 60, 0, '2012-07-06', 1, '', NULL),
	(1850, 79, 0, '2012-07-06', 1, '', NULL),
	(1851, 75, 0, '2012-07-06', 1, '', NULL),
	(1852, 71, 0, '2012-07-06', 1, '', NULL),
	(1853, 109, 0, '2012-07-06', 1, '', NULL),
	(1854, 64, 0, '2012-07-06', 1, '', NULL),
	(1855, 77, 0, '2012-07-06', 1, '', NULL),
	(1856, 78, 0, '2012-07-06', 1, '', NULL),
	(1857, 73, 0, '2012-07-06', 1, 'change to class G', NULL),
	(1858, 110, 0, '2012-07-06', 1, '', NULL),
	(1859, 70, 0, '2012-07-06', 1, '', NULL),
	(1860, 76, 0, '2012-07-06', 1, '', NULL),
	(1861, 80, 0, '2012-07-06', 1, '', NULL),
	(1862, 63, 0, '2012-07-06', 1, '', NULL),
	(1863, 74, 0, '2012-07-06', 1, '', NULL),
	(1864, 66, 1, '2012-07-06', 0, '', NULL),
	(1865, 68, 0, '2012-07-06', 1, '', NULL),
	(1866, 91, 0, '2012-07-02', 1, '', NULL),
	(1867, 100, 0, '2012-07-02', 1, '', NULL),
	(1868, 92, 1, '2012-07-02', 0, 'Change to class G', NULL),
	(1869, 95, 1, '2012-07-02', 0, 'Change to class G', NULL),
	(1870, 93, 0, '2012-07-02', 1, '', NULL),
	(1871, 88, 0, '2012-07-02', 1, '', NULL),
	(1872, 81, 0, '2012-07-02', 1, '', NULL),
	(1873, 83, 1, '2012-07-02', 0, 'Stop study', NULL),
	(1874, 85, 0, '2012-07-02', 1, '', NULL),
	(1875, 82, 0, '2012-07-02', 1, '', NULL),
	(1876, 87, 0, '2012-07-02', 1, '', NULL),
	(1877, 107, 1, '2012-07-02', 0, '', NULL),
	(1878, 101, 0, '2012-07-02', 1, '', NULL),
	(1879, 86, 0, '2012-07-02', 1, '', NULL),
	(1880, 98, 0, '2012-07-02', 1, '', NULL),
	(1881, 102, 0, '2012-07-02', 1, '', NULL),
	(1882, 90, 1, '2012-07-02', 0, '', NULL),
	(1883, 96, 0, '2012-07-02', 1, '', NULL),
	(1884, 99, 0, '2012-07-02', 1, '', NULL),
	(1885, 106, 0, '2012-07-02', 1, '', NULL),
	(1886, 104, 0, '2012-07-02', 1, '', NULL),
	(1887, 94, 0, '2012-07-02', 1, '', NULL),
	(1888, 103, 0, '2012-07-02', 1, '', NULL),
	(1889, 84, 0, '2012-07-02', 1, '', NULL),
	(1890, 89, 1, '2012-07-02', 0, '', NULL),
	(1891, 97, 1, '2012-07-02', 0, 'Change to class G', NULL),
	(1892, 111, 1, '2012-07-02', 0, 'Change to class G', NULL),
	(1893, 105, 0, '2012-07-02', 1, '', NULL),
	(1894, 112, 0, '2012-07-02', 1, '', NULL),
	(1895, 91, 0, '2012-07-05', 1, '', NULL),
	(1896, 100, 0, '2012-07-05', 1, '', NULL),
	(1897, 92, 1, '2012-07-05', 0, 'Change to class G', NULL),
	(1898, 95, 1, '2012-07-05', 0, 'Change to class G', NULL),
	(1899, 93, 0, '2012-07-05', 1, '', NULL),
	(1900, 88, 0, '2012-07-05', 1, '', NULL),
	(1901, 81, 0, '2012-07-05', 1, '', NULL),
	(1902, 83, 1, '2012-07-05', 0, 'Stop study', NULL),
	(1903, 85, 0, '2012-07-05', 1, '', NULL),
	(1904, 82, 0, '2012-07-05', 1, '', NULL),
	(1905, 87, 0, '2012-07-05', 1, '', NULL),
	(1906, 107, 0, '2012-07-05', 1, '', NULL),
	(1907, 101, 0, '2012-07-05', 1, '', NULL),
	(1908, 86, 0, '2012-07-05', 1, '', NULL),
	(1909, 98, 0, '2012-07-05', 1, '', NULL),
	(1910, 102, 0, '2012-07-05', 1, '', NULL),
	(1911, 90, 0, '2012-07-05', 1, '', NULL),
	(1912, 96, 0, '2012-07-05', 1, '', NULL),
	(1913, 99, 0, '2012-07-05', 1, '', NULL),
	(1914, 106, 0, '2012-07-05', 1, '', NULL),
	(1915, 104, 0, '2012-07-05', 1, '', NULL),
	(1916, 94, 0, '2012-07-05', 1, '', NULL),
	(1917, 103, 0, '2012-07-05', 1, '', NULL),
	(1918, 84, 0, '2012-07-05', 1, '', NULL),
	(1919, 89, 1, '2012-07-05', 0, '', NULL),
	(1920, 97, 1, '2012-07-05', 0, 'Change to class G', NULL),
	(1921, 111, 1, '2012-07-05', 0, 'Change to class G', NULL),
	(1922, 105, 0, '2012-07-05', 1, '', NULL),
	(1923, 112, 0, '2012-07-05', 1, '', NULL),
	(1924, 91, 0, '2012-07-12', 1, '', NULL),
	(1925, 100, 0, '2012-07-12', 1, '', NULL),
	(1926, 92, 1, '2012-07-12', 0, 'Change to class G', NULL),
	(1927, 95, 1, '2012-07-12', 0, 'Change to class G', NULL),
	(1928, 93, 0, '2012-07-12', 1, '', NULL),
	(1929, 88, 0, '2012-07-12', 1, '', NULL),
	(1930, 81, 0, '2012-07-12', 1, '', NULL),
	(1931, 83, 1, '2012-07-12', 0, 'Stop study', NULL),
	(1932, 85, 0, '2012-07-12', 1, '', NULL),
	(1933, 82, 0, '2012-07-12', 1, '', NULL),
	(1934, 87, 0, '2012-07-12', 1, '', NULL),
	(1935, 107, 0, '2012-07-12', 1, '', NULL),
	(1936, 101, 0, '2012-07-12', 1, '', NULL),
	(1937, 86, 0, '2012-07-12', 1, '', NULL),
	(1938, 98, 0, '2012-07-12', 1, '', NULL),
	(1939, 102, 1, '2012-07-12', 0, '', NULL),
	(1940, 90, 1, '2012-07-12', 0, '', NULL),
	(1941, 96, 0, '2012-07-12', 1, '', NULL),
	(1942, 99, 0, '2012-07-12', 1, '', NULL),
	(1943, 106, 0, '2012-07-12', 1, '', NULL),
	(1944, 104, 0, '2012-07-12', 1, '', NULL),
	(1945, 94, 1, '2012-07-12', 0, '', NULL),
	(1946, 103, 0, '2012-07-12', 1, '', NULL),
	(1947, 84, 0, '2012-07-12', 1, '', NULL),
	(1948, 89, 0, '2012-07-12', 1, '', NULL),
	(1949, 97, 0, '2012-07-12', 1, 'Change to class G', NULL),
	(1950, 111, 0, '2012-07-12', 1, 'Change to class G', NULL),
	(1951, 105, 0, '2012-07-12', 1, '', NULL),
	(1952, 112, 0, '2012-07-12', 1, '', NULL),
	(1953, 91, 0, '2012-07-16', 1, '', NULL),
	(1954, 100, 1, '2012-07-16', 0, '', NULL),
	(1955, 92, 1, '2012-07-16', 0, 'Change to class G', NULL),
	(1956, 95, 1, '2012-07-16', 0, 'Change to class G', NULL),
	(1957, 93, 0, '2012-07-16', 1, '', NULL),
	(1958, 88, 0, '2012-07-16', 1, '', NULL),
	(1959, 81, 0, '2012-07-16', 1, '', NULL),
	(1960, 83, 1, '2012-07-16', 0, 'stop study', NULL),
	(1961, 85, 1, '2012-07-16', 0, '', NULL),
	(1962, 82, 0, '2012-07-16', 1, '', NULL),
	(1963, 87, 0, '2012-07-16', 1, '', NULL),
	(1964, 107, 0, '2012-07-16', 1, '', NULL),
	(1965, 101, 0, '2012-07-16', 1, '', NULL),
	(1966, 86, 0, '2012-07-16', 1, '', NULL),
	(1967, 98, 0, '2012-07-16', 1, '', NULL),
	(1968, 102, 0, '2012-07-16', 1, '', NULL),
	(1969, 90, 0, '2012-07-16', 1, '', NULL),
	(1970, 96, 1, '2012-07-16', 0, '', NULL),
	(1971, 99, 0, '2012-07-16', 1, '', NULL),
	(1972, 106, 0, '2012-07-16', 1, '', NULL),
	(1973, 104, 0, '2012-07-16', 1, '', NULL),
	(1974, 94, 0, '2012-07-16', 1, '', NULL),
	(1975, 103, 0, '2012-07-16', 1, '', NULL),
	(1976, 84, 0, '2012-07-16', 1, '', NULL),
	(1977, 89, 0, '2012-07-16', 1, '', NULL),
	(1978, 97, 1, '2012-07-16', 0, 'Change to class G', NULL),
	(1979, 111, 1, '2012-07-16', 0, 'Change to class G', NULL),
	(1980, 105, 0, '2012-07-16', 1, '', NULL),
	(1981, 112, 0, '2012-07-16', 1, '', NULL),
	(1982, 91, 0, '2012-07-19', 1, '', NULL),
	(1983, 100, 1, '2012-07-19', 0, '', NULL),
	(1984, 92, 1, '2012-07-19', 0, 'Change to class G', NULL),
	(1985, 95, 1, '2012-07-19', 0, 'Change to class G', NULL),
	(1986, 93, 0, '2012-07-19', 1, '', NULL),
	(1987, 88, 0, '2012-07-19', 1, '', NULL),
	(1988, 81, 0, '2012-07-19', 1, '', NULL),
	(1989, 83, 1, '2012-07-19', 0, 'stop study', NULL),
	(1990, 85, 0, '2012-07-19', 1, '', NULL),
	(1991, 82, 0, '2012-07-19', 1, '', NULL),
	(1992, 87, 0, '2012-07-19', 1, '', NULL),
	(1993, 107, 0, '2012-07-19', 1, '', NULL),
	(1994, 101, 0, '2012-07-19', 1, '', NULL),
	(1995, 86, 1, '2012-07-19', 0, '', NULL),
	(1996, 98, 0, '2012-07-19', 1, '', NULL),
	(1997, 102, 0, '2012-07-19', 1, '', NULL),
	(1998, 90, 0, '2012-07-19', 1, '', NULL),
	(1999, 96, 1, '2012-07-19', 0, '', NULL),
	(2000, 99, 0, '2012-07-19', 1, '', NULL),
	(2001, 106, 0, '2012-07-19', 1, '', NULL),
	(2002, 104, 0, '2012-07-19', 1, '', NULL),
	(2003, 94, 0, '2012-07-19', 1, '', NULL),
	(2004, 103, 1, '2012-07-19', 0, '', NULL),
	(2005, 84, 1, '2012-07-19', 0, '', NULL),
	(2006, 89, 0, '2012-07-19', 1, '', NULL),
	(2007, 97, 1, '2012-07-19', 0, 'Change to class G', NULL),
	(2008, 111, 1, '2012-07-19', 0, 'Change to class G', NULL),
	(2009, 105, 0, '2012-07-19', 1, '', NULL),
	(2010, 112, 0, '2012-07-19', 1, '', NULL),
	(2011, 43, 0, '2012-07-25', 1, '', NULL),
	(2012, 42, 1, '2012-07-25', 0, 'permission', NULL),
	(2013, 41, 0, '2012-07-25', 1, '', NULL),
	(2014, 46, 1, '2012-07-25', 0, '', NULL),
	(2015, 45, 0, '2012-07-25', 1, '', NULL),
	(2016, 38, 0, '2012-07-25', 1, '', NULL),
	(2017, 44, 0, '2012-07-25', 1, '', NULL),
	(2018, 50, 1, '2012-07-25', 0, '', NULL),
	(2019, 54, 1, '2012-07-25', 0, '', NULL),
	(2020, 56, 0, '2012-07-25', 1, '', NULL),
	(2021, 48, 1, '2012-07-25', 0, 'permission', NULL),
	(2022, 51, 0, '2012-07-25', 1, '', NULL),
	(2023, 49, 0, '2012-07-25', 1, '', NULL),
	(2024, 39, 0, '2012-07-25', 1, '', NULL),
	(2025, 55, 0, '2012-07-25', 1, '', NULL),
	(2026, 52, 0, '2012-07-25', 1, '', NULL),
	(2027, 57, 1, '2012-07-25', 0, '', NULL),
	(2028, 53, 0, '2012-07-25', 1, '', NULL),
	(2029, 40, 0, '2012-07-25', 1, '', NULL),
	(2030, 47, 1, '2012-07-25', 0, 'permission', NULL),
	(2031, 10, 0, '2012-07-25', 1, '', NULL),
	(2032, 18, 1, '2012-07-25', 0, '', NULL),
	(2033, 13, 0, '2012-07-25', 1, '', NULL),
	(2034, 7, 0, '2012-07-25', 1, '', NULL),
	(2035, 8, 0, '2012-07-25', 1, '', NULL),
	(2036, 4, 0, '2012-07-25', 1, '', NULL),
	(2037, 16, 1, '2012-07-25', 0, 'permission', NULL),
	(2038, 12, 0, '2012-07-25', 1, '', NULL),
	(2039, 15, 0, '2012-07-25', 1, '', NULL),
	(2040, 11, 1, '2012-07-25', 0, '', NULL),
	(2041, 5, 0, '2012-07-25', 1, '', NULL),
	(2042, 6, 1, '2012-07-25', 0, 'permission', NULL),
	(2043, 14, 0, '2012-07-25', 1, '', NULL),
	(2044, 3, 0, '2012-07-25', 1, '', NULL),
	(2045, 9, 1, '2012-07-25', 0, '', NULL),
	(2046, 19, 0, '2012-07-25', 1, '', NULL),
	(2047, 43, 0, '2012-08-01', 1, '', NULL),
	(2048, 42, 0, '2012-08-01', 1, 'permission', NULL),
	(2049, 41, 0, '2012-08-01', 1, '', NULL),
	(2050, 46, 0, '2012-08-01', 1, '', NULL),
	(2051, 45, 0, '2012-08-01', 1, '', NULL),
	(2052, 38, 0, '2012-08-01', 1, '', NULL),
	(2053, 44, 0, '2012-08-01', 1, '', NULL),
	(2054, 50, 1, '2012-08-01', 0, '', NULL),
	(2055, 54, 1, '2012-08-01', 0, '', NULL),
	(2056, 56, 0, '2012-08-01', 1, '', NULL),
	(2057, 48, 1, '2012-08-01', 0, '', NULL),
	(2058, 51, 0, '2012-08-01', 1, '', NULL),
	(2059, 49, 0, '2012-08-01', 1, '', NULL),
	(2060, 39, 0, '2012-08-01', 1, '', NULL),
	(2061, 55, 0, '2012-08-01', 1, '', NULL),
	(2062, 52, 0, '2012-08-01', 1, '', NULL),
	(2063, 57, 1, '2012-08-01', 0, '', NULL),
	(2064, 53, 0, '2012-08-01', 1, '', NULL),
	(2065, 40, 0, '2012-08-01', 1, '', NULL),
	(2066, 47, 0, '2012-08-01', 1, '', NULL),
	(2067, 10, 0, '2012-08-01', 1, '', NULL),
	(2068, 18, 0, '2012-08-01', 1, '', NULL),
	(2069, 13, 0, '2012-08-01', 1, '', NULL),
	(2070, 7, 0, '2012-08-01', 1, '', NULL),
	(2071, 8, 0, '2012-08-01', 1, '', NULL),
	(2072, 4, 0, '2012-08-01', 1, '', NULL),
	(2073, 16, 1, '2012-08-01', 0, 'permission', NULL),
	(2074, 12, 0, '2012-08-01', 1, '', NULL),
	(2075, 15, 0, '2012-08-01', 1, '', NULL),
	(2076, 11, 1, '2012-08-01', 0, '', NULL),
	(2077, 5, 0, '2012-08-01', 1, '', NULL),
	(2078, 6, 0, '2012-08-01', 1, '', NULL),
	(2079, 14, 0, '2012-08-01', 1, '', NULL),
	(2080, 3, 0, '2012-08-01', 1, '', NULL),
	(2081, 9, 1, '2012-08-01', 0, '', NULL),
	(2082, 19, 0, '2012-08-01', 1, '', NULL),
	(2083, 43, 0, '2012-08-08', 1, '', NULL),
	(2084, 42, 0, '2012-08-08', 1, '', NULL),
	(2085, 41, 0, '2012-08-08', 1, '', NULL),
	(2086, 46, 1, '2012-08-08', 0, '', NULL),
	(2087, 45, 0, '2012-08-08', 1, '', NULL),
	(2088, 38, 0, '2012-08-08', 1, '', NULL),
	(2089, 44, 0, '2012-08-08', 1, '', NULL),
	(2090, 50, 0, '2012-08-08', 1, '', NULL),
	(2091, 54, 0, '2012-08-08', 1, '', NULL),
	(2092, 56, 0, '2012-08-08', 1, '', NULL),
	(2093, 48, 0, '2012-08-08', 1, '', NULL),
	(2094, 51, 0, '2012-08-08', 1, '', NULL),
	(2095, 49, 0, '2012-08-08', 1, '', NULL),
	(2096, 39, 0, '2012-08-08', 1, '', NULL),
	(2097, 55, 0, '2012-08-08', 1, '', NULL),
	(2098, 52, 0, '2012-08-08', 1, '', NULL),
	(2099, 57, 0, '2012-08-08', 1, '', NULL),
	(2100, 53, 0, '2012-08-08', 1, '', NULL),
	(2101, 40, 0, '2012-08-08', 1, '', NULL),
	(2102, 47, 0, '2012-08-08', 1, '', NULL),
	(2103, 10, 0, '2012-08-08', 1, '', NULL),
	(2104, 18, 0, '2012-08-08', 1, '', NULL),
	(2105, 13, 1, '2012-08-08', 0, '', NULL),
	(2106, 7, 1, '2012-08-08', 0, '', NULL),
	(2107, 8, 0, '2012-08-08', 1, '', NULL),
	(2108, 4, 0, '2012-08-08', 1, '', NULL),
	(2109, 16, 1, '2012-08-08', 0, '', NULL),
	(2110, 12, 0, '2012-08-08', 1, '', NULL),
	(2111, 15, 0, '2012-08-08', 1, '', NULL),
	(2112, 11, 1, '2012-08-08', 0, '', NULL),
	(2113, 5, 0, '2012-08-08', 1, '', NULL),
	(2114, 6, 0, '2012-08-08', 1, '', NULL),
	(2115, 14, 1, '2012-08-08', 0, '', NULL),
	(2116, 3, 0, '2012-08-08', 1, '', NULL),
	(2117, 9, 1, '2012-08-08', 0, '', NULL),
	(2118, 19, 0, '2012-08-08', 1, '', NULL),
	(2119, 43, 0, '2012-08-15', 1, '', NULL),
	(2120, 42, 0, '2012-08-15', 1, '', NULL),
	(2121, 41, 0, '2012-08-15', 1, '', NULL),
	(2122, 46, 0, '2012-08-15', 1, '', NULL),
	(2123, 45, 0, '2012-08-15', 1, '', NULL),
	(2124, 38, 0, '2012-08-15', 1, '', NULL),
	(2125, 44, 0, '2012-08-15', 1, '', NULL),
	(2126, 50, 0, '2012-08-15', 1, '', NULL),
	(2127, 54, 0, '2012-08-15', 1, '', NULL),
	(2128, 56, 0, '2012-08-15', 1, '', NULL),
	(2129, 48, 0, '2012-08-15', 1, '', NULL),
	(2130, 51, 0, '2012-08-15', 1, '', NULL),
	(2131, 49, 0, '2012-08-15', 1, '', NULL),
	(2132, 39, 0, '2012-08-15', 1, '', NULL),
	(2133, 55, 0, '2012-08-15', 1, '', NULL),
	(2134, 52, 0, '2012-08-15', 1, '', NULL),
	(2135, 57, 0, '2012-08-15', 1, '', NULL),
	(2136, 53, 0, '2012-08-15', 1, '', NULL),
	(2137, 40, 0, '2012-08-15', 1, '', NULL),
	(2138, 47, 0, '2012-08-15', 1, '', NULL),
	(2139, 10, 0, '2012-08-15', 1, '', NULL),
	(2140, 18, 0, '2012-08-15', 1, '', NULL),
	(2141, 13, 0, '2012-08-15', 1, '', NULL),
	(2142, 7, 0, '2012-08-15', 1, '', NULL),
	(2143, 8, 0, '2012-08-15', 1, '', NULL),
	(2144, 4, 0, '2012-08-15', 1, '', NULL),
	(2145, 16, 0, '2012-08-15', 1, '', NULL),
	(2146, 12, 0, '2012-08-15', 1, '', NULL),
	(2147, 15, 0, '2012-08-15', 1, '', NULL),
	(2148, 11, 0, '2012-08-15', 1, '', NULL),
	(2149, 5, 0, '2012-08-15', 1, '', NULL),
	(2150, 6, 0, '2012-08-15', 1, '', NULL),
	(2151, 14, 0, '2012-08-15', 1, '', NULL),
	(2152, 3, 0, '2012-08-15', 1, '', NULL),
	(2153, 9, 0, '2012-08-15', 1, '', NULL),
	(2154, 19, 0, '2012-08-15', 1, '', NULL),
	(2155, 43, 1, '2012-08-22', 0, '', NULL),
	(2156, 42, 1, '2012-08-22', 0, '', NULL),
	(2157, 41, 1, '2012-08-22', 0, '', NULL),
	(2158, 46, 1, '2012-08-22', 0, '', NULL),
	(2159, 45, 0, '2012-08-22', 1, '', NULL),
	(2160, 38, 0, '2012-08-22', 1, '', NULL),
	(2161, 44, 0, '2012-08-22', 1, '', NULL),
	(2162, 50, 1, '2012-08-22', 0, '', NULL),
	(2163, 54, 0, '2012-08-22', 1, '', NULL),
	(2164, 56, 0, '2012-08-22', 1, '', NULL),
	(2165, 48, 0, '2012-08-22', 1, '', NULL),
	(2166, 51, 1, '2012-08-22', 0, '', NULL),
	(2167, 49, 0, '2012-08-22', 1, '', NULL),
	(2168, 39, 0, '2012-08-22', 1, '', NULL),
	(2169, 55, 0, '2012-08-22', 1, '', NULL),
	(2170, 52, 0, '2012-08-22', 1, '', NULL),
	(2171, 57, 0, '2012-08-22', 1, '', NULL),
	(2172, 53, 0, '2012-08-22', 1, '', NULL),
	(2173, 40, 0, '2012-08-22', 1, '', NULL),
	(2174, 47, 1, '2012-08-22', 0, '', NULL),
	(2175, 10, 0, '2012-08-22', 1, '', NULL),
	(2176, 18, 0, '2012-08-22', 1, '', NULL),
	(2177, 13, 0, '2012-08-22', 1, '', NULL),
	(2178, 7, 0, '2012-08-22', 1, '', NULL),
	(2179, 8, 1, '2012-08-22', 0, '', NULL),
	(2180, 4, 0, '2012-08-22', 1, '', NULL),
	(2181, 16, 0, '2012-08-22', 1, '', NULL),
	(2182, 12, 0, '2012-08-22', 1, '', NULL),
	(2183, 15, 0, '2012-08-22', 1, '', NULL),
	(2184, 11, 1, '2012-08-22', 0, '', NULL),
	(2185, 5, 1, '2012-08-22', 0, '', NULL),
	(2186, 6, 1, '2012-08-22', 0, '', NULL),
	(2187, 14, 0, '2012-08-22', 1, '', NULL),
	(2188, 3, 0, '2012-08-22', 1, '', NULL),
	(2189, 9, 1, '2012-08-22', 0, '', NULL),
	(2190, 19, 0, '2012-08-22', 1, '', NULL),
	(2191, 316, 0, '2012-06-30', 1, '', 2),
	(2192, 314, 0, '2012-06-30', 1, '', 2),
	(2193, 315, 0, '2012-06-30', 1, '', 2),
	(2194, 312, 0, '2012-06-30', 1, '', 2),
	(2195, 308, 0, '2012-06-30', 1, '', 2),
	(2196, 317, 0, '2012-06-30', 1, '', 2),
	(2197, 310, 0, '2012-06-30', 1, '', 2),
	(2198, 319, 0, '2012-06-30', 1, '', 2),
	(2199, 313, 0, '2012-06-30', 1, '', 2),
	(2200, 307, 0, '2012-06-30', 1, '', 2),
	(2201, 309, 0, '2012-06-30', 1, '', 2),
	(2202, 318, 0, '2012-06-30', 1, '', 2),
	(2203, 311, 0, '2012-06-30', 1, '', 2),
	(2204, 316, 1, '2012-04-22', 0, '', 2),
	(2205, 314, 0, '2012-04-22', 1, '', 2),
	(2206, 315, 0, '2012-04-22', 1, '', 2),
	(2207, 312, 0, '2012-04-22', 1, '', 2),
	(2208, 308, 0, '2012-04-22', 1, '', 2),
	(2209, 317, 0, '2012-04-22', 1, '', 2),
	(2210, 310, 0, '2012-04-22', 1, '', 2),
	(2211, 319, 0, '2012-04-22', 1, '', 2),
	(2212, 313, 0, '2012-04-22', 1, '', 2),
	(2213, 307, 0, '2012-04-22', 1, '', 2),
	(2214, 309, 0, '2012-04-22', 1, '', 2),
	(2215, 318, 0, '2012-04-22', 1, '', 2),
	(2216, 311, 0, '2012-04-22', 1, '', 2),
	(2217, 306, 0, '2012-04-22', 1, '', 2),
	(2218, 301, 0, '2012-04-22', 1, '', 2),
	(2219, 297, 0, '2012-04-22', 1, '', 2),
	(2220, 298, 0, '2012-04-22', 1, '', 2),
	(2221, 303, 0, '2012-04-22', 1, '', 2),
	(2222, 305, 0, '2012-04-22', 1, '', 2),
	(2223, 304, 0, '2012-04-22', 1, '', 2),
	(2224, 299, 0, '2012-04-22', 1, '', 2),
	(2225, 302, 0, '2012-04-22', 1, '', 2),
	(2226, 296, 0, '2012-04-22', 1, '', 2),
	(2227, 300, 0, '2012-04-22', 1, '', 2),
	(2228, 306, 0, '2012-05-20', 1, '', 2),
	(2229, 301, 0, '2012-05-20', 1, '', 2),
	(2230, 297, 0, '2012-05-20', 1, '', 2),
	(2231, 298, 0, '2012-05-20', 1, '', 2),
	(2232, 303, 0, '2012-05-20', 1, '', 2),
	(2233, 305, 0, '2012-05-20', 1, '', 2),
	(2234, 304, 0, '2012-05-20', 1, '', 2),
	(2235, 299, 0, '2012-05-20', 1, '', 2),
	(2236, 302, 0, '2012-05-20', 1, '', 2),
	(2237, 296, 0, '2012-05-20', 1, '', 2),
	(2238, 300, 0, '2012-05-20', 1, '', 2),
	(2239, 316, 0, '2012-05-06', 1, '', 2),
	(2240, 314, 1, '2012-05-06', 0, '', 2),
	(2241, 315, 1, '2012-05-06', 0, '', 2),
	(2242, 312, 1, '2012-05-06', 0, '', 2),
	(2243, 308, 1, '2012-05-06', 0, '', 2),
	(2244, 317, 0, '2012-05-06', 1, '', 2),
	(2245, 310, 1, '2012-05-06', 0, '', 2),
	(2246, 319, 1, '2012-05-06', 0, '', 2),
	(2247, 313, 0, '2012-05-06', 1, '', 2),
	(2248, 307, 0, '2012-05-06', 1, '', 2),
	(2249, 309, 0, '2012-05-06', 1, '', 2),
	(2250, 318, 0, '2012-05-06', 1, '', 2),
	(2251, 311, 0, '2012-05-06', 1, '', 2),
	(2252, 306, 0, '2012-05-06', 1, '', 2),
	(2253, 301, 0, '2012-05-06', 1, '', 2),
	(2254, 297, 0, '2012-05-06', 1, '', 2),
	(2255, 298, 1, '2012-05-06', 0, '', 2),
	(2256, 303, 1, '2012-05-06', 0, '', 2),
	(2257, 305, 1, '2012-05-06', 0, '', 2),
	(2258, 304, 0, '2012-05-06', 1, '', 2),
	(2259, 299, 1, '2012-05-06', 0, '', 2),
	(2260, 302, 0, '2012-05-06', 1, '', 2),
	(2261, 296, 1, '2012-05-06', 0, '', 2),
	(2262, 300, 0, '2012-05-06', 1, '', 2),
	(2263, 316, 0, '2012-05-27', 1, '', 2),
	(2264, 314, 1, '2012-05-27', 0, '', 2),
	(2265, 315, 0, '2012-05-27', 1, '', 2),
	(2266, 312, 0, '2012-05-27', 1, '', 2),
	(2267, 308, 1, '2012-05-27', 0, '', 2),
	(2268, 317, 0, '2012-05-27', 1, '', 2),
	(2269, 310, 0, '2012-05-27', 1, '', 2),
	(2270, 319, 0, '2012-05-27', 1, '', 2),
	(2271, 313, 0, '2012-05-27', 1, '', 2),
	(2272, 307, 0, '2012-05-27', 1, '', 2),
	(2273, 309, 0, '2012-05-27', 1, '', 2),
	(2274, 318, 0, '2012-05-27', 1, '', 2),
	(2275, 311, 0, '2012-05-27', 1, '', 2),
	(2276, 306, 0, '2012-05-27', 1, '', 2),
	(2277, 301, 0, '2012-05-27', 1, '', 2),
	(2278, 297, 0, '2012-05-27', 1, '', 2),
	(2279, 298, 0, '2012-05-27', 1, '', 2),
	(2280, 303, 0, '2012-05-27', 1, '', 2),
	(2281, 305, 0, '2012-05-27', 1, '', 2),
	(2282, 304, 0, '2012-05-27', 1, '', 2),
	(2283, 299, 0, '2012-05-27', 1, '', 2),
	(2284, 302, 0, '2012-05-27', 1, '', 2),
	(2285, 296, 0, '2012-05-27', 1, '', 2),
	(2286, 300, 0, '2012-05-27', 1, '', 2),
	(2287, 316, 0, '2012-06-10', 1, '', 2),
	(2288, 314, 1, '2012-06-10', 0, '', 2),
	(2289, 315, 0, '2012-06-10', 1, '', 2),
	(2290, 312, 0, '2012-06-10', 1, '', 2),
	(2291, 308, 0, '2012-06-10', 1, '', 2),
	(2292, 317, 0, '2012-06-10', 1, '', 2),
	(2293, 310, 0, '2012-06-10', 1, '', 2),
	(2294, 319, 0, '2012-06-10', 1, '', 2),
	(2295, 313, 0, '2012-06-10', 1, '', 2),
	(2296, 307, 0, '2012-06-10', 1, '', 2),
	(2297, 309, 0, '2012-06-10', 1, '', 2),
	(2298, 318, 0, '2012-06-10', 1, '', 2),
	(2299, 311, 0, '2012-06-10', 1, '', 2),
	(2300, 306, 0, '2012-06-10', 1, '', 2),
	(2301, 301, 0, '2012-06-10', 1, '', 2),
	(2302, 297, 0, '2012-06-10', 1, '', 2),
	(2303, 298, 1, '2012-06-10', 0, '', 2),
	(2304, 303, 0, '2012-06-10', 1, '', 2),
	(2305, 305, 0, '2012-06-10', 1, '', 2),
	(2306, 304, 0, '2012-06-10', 1, '', 2),
	(2307, 299, 1, '2012-06-10', 0, '', 2),
	(2308, 302, 1, '2012-06-10', 0, '', 2),
	(2309, 296, 0, '2012-06-10', 1, '', 2),
	(2310, 300, 0, '2012-06-10', 1, '', 2),
	(2311, 316, 0, '2012-06-17', 1, '', 2),
	(2312, 314, 0, '2012-06-17', 1, '', 2),
	(2313, 315, 0, '2012-06-17', 1, '', 2),
	(2314, 312, 0, '2012-06-17', 1, '', 2),
	(2315, 308, 1, '2012-06-17', 0, '', 2),
	(2316, 317, 0, '2012-06-17', 1, '', 2),
	(2317, 310, 0, '2012-06-17', 1, '', 2),
	(2318, 319, 0, '2012-06-17', 1, '', 2),
	(2319, 313, 0, '2012-06-17', 1, '', 2),
	(2320, 307, 0, '2012-06-17', 1, '', 2),
	(2321, 309, 0, '2012-06-17', 1, '', 2),
	(2322, 318, 1, '2012-06-17', 0, '', 2),
	(2323, 311, 0, '2012-06-17', 1, '', 2),
	(2324, 306, 0, '2012-06-17', 1, '', 2),
	(2325, 301, 0, '2012-06-17', 1, '', 2),
	(2326, 297, 0, '2012-06-17', 1, '', 2),
	(2327, 298, 0, '2012-06-17', 1, '', 2),
	(2328, 303, 0, '2012-06-17', 1, '', 2),
	(2329, 305, 0, '2012-06-17', 1, '', 2),
	(2330, 304, 0, '2012-06-17', 1, '', 2),
	(2331, 299, 0, '2012-06-17', 1, '', 2),
	(2332, 302, 0, '2012-06-17', 1, '', 2),
	(2333, 296, 0, '2012-06-17', 1, '', 2),
	(2334, 300, 0, '2012-06-17', 1, '', 2),
	(2335, 316, 0, '2012-06-24', 1, '', 2),
	(2336, 314, 1, '2012-06-24', 0, '', 2),
	(2337, 315, 1, '2012-06-24', 0, '', 2),
	(2338, 312, 0, '2012-06-24', 1, '', 2),
	(2339, 308, 0, '2012-06-24', 1, '', 2),
	(2340, 317, 0, '2012-06-24', 1, '', 2),
	(2341, 310, 0, '2012-06-24', 1, '', 2),
	(2342, 319, 0, '2012-06-24', 1, '', 2),
	(2343, 313, 1, '2012-06-24', 0, '', 2),
	(2344, 307, 1, '2012-06-24', 0, '', 2),
	(2345, 309, 0, '2012-06-24', 1, '', 2),
	(2346, 318, 0, '2012-06-24', 1, '', 2),
	(2347, 311, 0, '2012-06-24', 1, '', 2),
	(2348, 306, 0, '2012-06-24', 1, '', 2),
	(2349, 301, 0, '2012-06-24', 1, '', 2),
	(2350, 297, 0, '2012-06-24', 1, '', 2),
	(2351, 298, 0, '2012-06-24', 1, '', 2),
	(2352, 303, 1, '2012-06-24', 0, '', 2),
	(2353, 305, 1, '2012-06-24', 0, '', 2),
	(2354, 304, 0, '2012-06-24', 1, '', 2),
	(2355, 299, 1, '2012-06-24', 0, '', 2),
	(2356, 302, 0, '2012-06-24', 1, '', 2),
	(2357, 296, 0, '2012-06-24', 1, '', 2),
	(2358, 300, 0, '2012-06-24', 1, '', 2),
	(2359, 306, 1, '2012-08-05', 0, '', NULL),
	(2360, 301, 0, '2012-08-05', 1, '', NULL),
	(2361, 297, 0, '2012-08-05', 1, '', NULL),
	(2362, 298, 0, '2012-08-05', 1, '', NULL),
	(2363, 303, 0, '2012-08-05', 1, '', NULL),
	(2364, 305, 0, '2012-08-05', 1, '', NULL),
	(2365, 304, 0, '2012-08-05', 1, '', NULL),
	(2366, 299, 1, '2012-08-05', 0, '', NULL),
	(2367, 302, 1, '2012-08-05', 0, '', NULL),
	(2368, 296, 0, '2012-08-05', 1, '', NULL),
	(2369, 300, 1, '2012-08-05', 0, '', NULL),
	(2370, 306, 1, '2012-08-12', 0, '', NULL),
	(2371, 301, 0, '2012-08-12', 1, '', NULL),
	(2372, 297, 0, '2012-08-12', 1, '', NULL),
	(2373, 298, 0, '2012-08-12', 1, '', NULL),
	(2374, 303, 1, '2012-08-12', 0, '', NULL),
	(2375, 305, 1, '2012-08-12', 0, '', NULL),
	(2376, 304, 0, '2012-08-12', 1, '', NULL),
	(2377, 299, 0, '2012-08-12', 1, '', NULL),
	(2378, 302, 0, '2012-08-12', 1, '', NULL),
	(2379, 296, 1, '2012-08-12', 0, 'got sick', NULL),
	(2380, 300, 1, '2012-08-12', 0, '', NULL),
	(2381, 306, 1, '2012-08-19', 0, '', NULL),
	(2382, 301, 0, '2012-08-19', 1, '', NULL),
	(2383, 297, 0, '2012-08-19', 1, '', NULL),
	(2384, 298, 0, '2012-08-19', 1, '', NULL),
	(2385, 303, 0, '2012-08-19', 1, '', NULL),
	(2386, 305, 0, '2012-08-19', 1, '', NULL),
	(2387, 304, 0, '2012-08-19', 1, '', NULL),
	(2388, 299, 0, '2012-08-19', 1, '', NULL),
	(2389, 302, 0, '2012-08-19', 1, '', NULL),
	(2390, 296, 0, '2012-08-19', 1, '', NULL),
	(2391, 300, 0, '2012-08-19', 1, '', NULL),
	(2392, 306, 0, '2012-09-09', 1, '', NULL),
	(2393, 301, 0, '2012-09-09', 1, '', NULL),
	(2394, 297, 0, '2012-09-09', 1, '', NULL),
	(2395, 298, 0, '2012-09-09', 1, '', NULL),
	(2396, 303, 0, '2012-09-09', 1, '', NULL),
	(2397, 305, 0, '2012-09-09', 1, '', NULL),
	(2398, 304, 0, '2012-09-09', 1, '', NULL),
	(2399, 299, 0, '2012-09-09', 1, '', NULL),
	(2400, 302, 0, '2012-09-09', 1, '', NULL),
	(2401, 296, 0, '2012-09-09', 1, '', NULL),
	(2402, 300, 0, '2012-09-09', 1, '', NULL),
	(2403, 306, 1, '2012-08-26', 0, 'go to shihanknovil', NULL),
	(2404, 301, 0, '2012-08-26', 1, '', NULL),
	(2405, 297, 0, '2012-08-26', 1, '', NULL),
	(2406, 298, 0, '2012-08-26', 1, '', NULL),
	(2407, 303, 0, '2012-08-26', 1, '', NULL),
	(2408, 305, 0, '2012-08-26', 1, '', NULL),
	(2409, 304, 0, '2012-08-26', 1, '', NULL),
	(2410, 299, 0, '2012-08-26', 1, '', NULL),
	(2411, 302, 1, '2012-08-26', 0, 'busy at school', NULL),
	(2412, 296, 0, '2012-08-26', 1, '', NULL),
	(2413, 300, 0, '2012-08-26', 1, '', NULL),
	(2414, 253, 0, '2012-04-05', 1, '', 2),
	(2415, 264, 0, '2012-04-05', 1, '', 2),
	(2416, 255, 0, '2012-04-05', 1, '', 2),
	(2417, 261, 0, '2012-04-05', 1, '', 2),
	(2418, 257, 0, '2012-04-05', 1, '', 2),
	(2419, 260, 0, '2012-04-05', 1, '', 2),
	(2420, 263, 0, '2012-04-05', 1, '', 2),
	(2421, 262, 0, '2012-04-05', 1, '', 2),
	(2422, 266, 0, '2012-04-05', 1, '', 2),
	(2423, 256, 0, '2012-04-05', 1, '', 2),
	(2424, 272, 0, '2012-04-05', 1, '', 2),
	(2425, 254, 0, '2012-04-05', 1, '', 2),
	(2426, 265, 0, '2012-04-05', 1, '', 2),
	(2427, 271, 0, '2012-04-05', 1, '', 2),
	(2428, 267, 0, '2012-04-05', 1, '', 2),
	(2429, 268, 0, '2012-04-05', 1, '', 2),
	(2430, 269, 0, '2012-04-05', 1, '', 2),
	(2431, 275, 0, '2012-04-05', 1, '', 2),
	(2432, 274, 0, '2012-04-05', 1, '', 2),
	(2433, 259, 0, '2012-04-05', 1, '', 2),
	(2434, 273, 0, '2012-04-05', 1, '', 2),
	(2435, 258, 0, '2012-04-05', 1, '', 2),
	(2436, 270, 0, '2012-04-05', 1, '', 2),
	(2437, 253, 0, '2012-04-19', 1, '', 2),
	(2438, 264, 0, '2012-04-19', 1, '', 2),
	(2439, 255, 0, '2012-04-19', 1, '', 2),
	(2440, 261, 0, '2012-04-19', 1, '', 2),
	(2441, 257, 0, '2012-04-19', 1, '', 2),
	(2442, 260, 0, '2012-04-19', 1, '', 2),
	(2443, 263, 0, '2012-04-19', 1, '', 2),
	(2444, 262, 0, '2012-04-19', 1, '', 2),
	(2445, 266, 0, '2012-04-19', 1, '', 2),
	(2446, 256, 0, '2012-04-19', 1, '', 2),
	(2447, 272, 0, '2012-04-19', 1, '', 2),
	(2448, 254, 0, '2012-04-19', 1, '', 2),
	(2449, 265, 0, '2012-04-19', 1, '', 2),
	(2450, 271, 0, '2012-04-19', 1, '', 2),
	(2451, 267, 1, '2012-04-19', 0, '', 2),
	(2452, 268, 0, '2012-04-19', 1, '', 2),
	(2453, 269, 0, '2012-04-19', 1, '', 2),
	(2454, 275, 0, '2012-04-19', 1, '', 2),
	(2455, 274, 1, '2012-04-19', 0, '', 2),
	(2456, 259, 0, '2012-04-19', 1, '', 2),
	(2457, 273, 1, '2012-04-19', 0, '', 2),
	(2458, 258, 0, '2012-04-19', 1, '', 2),
	(2459, 270, 1, '2012-04-19', 0, '', 2),
	(2460, 253, 0, '2012-04-26', 1, '', 2),
	(2461, 264, 0, '2012-04-26', 1, '', 2),
	(2462, 255, 0, '2012-04-26', 1, '', 2),
	(2463, 261, 0, '2012-04-26', 1, '', 2),
	(2464, 257, 1, '2012-04-26', 0, '', 2),
	(2465, 260, 0, '2012-04-26', 1, '', 2),
	(2466, 263, 0, '2012-04-26', 1, '', 2),
	(2467, 262, 0, '2012-04-26', 1, '', 2),
	(2468, 266, 0, '2012-04-26', 1, '', 2),
	(2469, 256, 1, '2012-04-26', 0, '', 2),
	(2470, 272, 0, '2012-04-26', 1, '', 2),
	(2471, 254, 0, '2012-04-26', 1, '', 2),
	(2472, 265, 0, '2012-04-26', 1, '', 2),
	(2473, 271, 0, '2012-04-26', 1, '', 2),
	(2474, 267, 0, '2012-04-26', 1, '', 2),
	(2475, 268, 0, '2012-04-26', 1, '', 2),
	(2476, 269, 0, '2012-04-26', 1, '', 2),
	(2477, 275, 0, '2012-04-26', 1, '', 2),
	(2478, 274, 0, '2012-04-26', 1, '', 2),
	(2479, 259, 0, '2012-04-26', 1, '', 2),
	(2480, 273, 0, '2012-04-26', 1, '', 2),
	(2481, 258, 0, '2012-04-26', 1, '', 2),
	(2482, 270, 1, '2012-04-26', 0, '', 2),
	(2483, 253, 0, '2012-05-03', 1, '', 2),
	(2484, 264, 0, '2012-05-03', 1, '', 2),
	(2485, 255, 0, '2012-05-03', 1, '', 2),
	(2486, 261, 0, '2012-05-03', 1, '', 2),
	(2487, 257, 0, '2012-05-03', 1, '', 2),
	(2488, 260, 0, '2012-05-03', 1, '', 2),
	(2489, 263, 0, '2012-05-03', 1, '', 2),
	(2490, 262, 0, '2012-05-03', 1, '', 2),
	(2491, 266, 0, '2012-05-03', 1, '', 2),
	(2492, 256, 0, '2012-05-03', 1, '', 2),
	(2493, 272, 0, '2012-05-03', 1, '', 2),
	(2494, 254, 0, '2012-05-03', 1, '', 2),
	(2495, 265, 0, '2012-05-03', 1, '', 2),
	(2496, 271, 0, '2012-05-03', 1, '', 2),
	(2497, 267, 0, '2012-05-03', 1, '', 2),
	(2498, 268, 0, '2012-05-03', 1, '', 2),
	(2499, 269, 0, '2012-05-03', 1, '', 2),
	(2500, 275, 0, '2012-05-03', 1, '', 2),
	(2501, 274, 0, '2012-05-03', 1, '', 2),
	(2502, 259, 0, '2012-05-03', 1, '', 2),
	(2503, 273, 0, '2012-05-03', 1, '', 2),
	(2504, 258, 0, '2012-05-03', 1, '', 2),
	(2505, 270, 0, '2012-05-03', 1, '', 2),
	(2506, 253, 0, '2012-05-10', 1, '', 2),
	(2507, 264, 0, '2012-05-10', 1, '', 2),
	(2508, 255, 0, '2012-05-10', 1, '', 2),
	(2509, 261, 0, '2012-05-10', 1, '', 2),
	(2510, 257, 0, '2012-05-10', 1, '', 2),
	(2511, 260, 0, '2012-05-10', 1, '', 2),
	(2512, 263, 0, '2012-05-10', 1, '', 2),
	(2513, 262, 0, '2012-05-10', 1, '', 2),
	(2514, 266, 0, '2012-05-10', 1, '', 2),
	(2515, 256, 0, '2012-05-10', 1, '', 2),
	(2516, 272, 1, '2012-05-10', 0, '', 2),
	(2517, 254, 1, '2012-05-10', 0, '', 2),
	(2518, 265, 1, '2012-05-10', 0, '', 2),
	(2519, 271, 1, '2012-05-10', 0, '', 2),
	(2520, 267, 0, '2012-05-10', 1, '', 2),
	(2521, 268, 0, '2012-05-10', 1, '', 2),
	(2522, 269, 1, '2012-05-10', 0, '', 2),
	(2523, 275, 0, '2012-05-10', 1, '', 2),
	(2524, 274, 0, '2012-05-10', 1, '', 2),
	(2525, 259, 0, '2012-05-10', 1, '', 2),
	(2526, 273, 1, '2012-05-10', 0, '', 2),
	(2527, 258, 0, '2012-05-10', 1, '', 2),
	(2528, 270, 0, '2012-05-10', 1, '', 2),
	(2529, 253, 0, '2012-05-17', 1, '', 2),
	(2530, 264, 0, '2012-05-17', 1, '', 2),
	(2531, 255, 0, '2012-05-17', 1, '', 2),
	(2532, 261, 1, '2012-05-17', 0, '', 2),
	(2533, 257, 1, '2012-05-17', 0, '', 2),
	(2534, 260, 1, '2012-05-17', 0, '', 2),
	(2535, 263, 0, '2012-05-17', 1, '', 2),
	(2536, 262, 0, '2012-05-17', 1, '', 2),
	(2537, 266, 1, '2012-05-17', 0, '', 2),
	(2538, 256, 1, '2012-05-17', 0, '', 2),
	(2539, 272, 0, '2012-05-17', 1, '', 2),
	(2540, 254, 0, '2012-05-17', 1, '', 2),
	(2541, 265, 0, '2012-05-17', 1, '', 2),
	(2542, 271, 0, '2012-05-17', 1, '', 2),
	(2543, 267, 1, '2012-05-17', 0, '', 2),
	(2544, 268, 0, '2012-05-17', 1, '', 2),
	(2545, 269, 0, '2012-05-17', 1, '', 2),
	(2546, 275, 0, '2012-05-17', 1, '', 2),
	(2547, 274, 0, '2012-05-17', 1, '', 2),
	(2548, 259, 0, '2012-05-17', 1, '', 2),
	(2549, 273, 1, '2012-05-17', 0, '', 2),
	(2550, 258, 0, '2012-05-17', 1, '', 2),
	(2551, 270, 0, '2012-05-17', 1, '', 2),
	(2552, 253, 0, '2012-05-24', 1, '', 2),
	(2553, 264, 0, '2012-05-24', 1, '', 2),
	(2554, 255, 0, '2012-05-24', 1, '', 2),
	(2555, 261, 0, '2012-05-24', 1, '', 2),
	(2556, 257, 1, '2012-05-24', 0, '', 2),
	(2557, 260, 1, '2012-05-24', 0, '', 2),
	(2558, 263, 0, '2012-05-24', 1, '', 2),
	(2559, 262, 0, '2012-05-24', 1, '', 2),
	(2560, 266, 1, '2012-05-24', 0, '', 2),
	(2561, 256, 0, '2012-05-24', 1, '', 2),
	(2562, 272, 0, '2012-05-24', 1, '', 2),
	(2563, 254, 0, '2012-05-24', 1, '', 2),
	(2564, 265, 1, '2012-05-24', 0, '', 2),
	(2565, 271, 0, '2012-05-24', 1, '', 2),
	(2566, 267, 0, '2012-05-24', 1, '', 2),
	(2567, 268, 0, '2012-05-24', 1, '', 2),
	(2568, 269, 0, '2012-05-24', 1, '', 2),
	(2569, 275, 0, '2012-05-24', 1, '', 2),
	(2570, 274, 0, '2012-05-24', 1, '', 2),
	(2571, 259, 0, '2012-05-24', 1, '', 2),
	(2572, 273, 0, '2012-05-24', 1, '', 2),
	(2573, 258, 0, '2012-05-24', 1, '', 2),
	(2574, 270, 0, '2012-05-24', 1, '', 2),
	(2575, 253, 0, '2012-06-14', 1, '', 2),
	(2576, 264, 0, '2012-06-14', 1, '', 2),
	(2577, 255, 1, '2012-06-14', 0, '', 2),
	(2578, 261, 0, '2012-06-14', 1, '', 2),
	(2579, 257, 1, '2012-06-14', 0, '', 2),
	(2580, 260, 1, '2012-06-14', 0, '', 2),
	(2581, 263, 0, '2012-06-14', 1, '', 2),
	(2582, 262, 1, '2012-06-14', 0, '', 2),
	(2583, 266, 0, '2012-06-14', 1, '', 2),
	(2584, 256, 0, '2012-06-14', 1, '', 2),
	(2585, 272, 1, '2012-06-14', 0, '', 2),
	(2586, 254, 1, '2012-06-14', 0, '', 2),
	(2587, 265, 1, '2012-06-14', 0, '', 2),
	(2588, 271, 1, '2012-06-14', 0, '', 2),
	(2589, 267, 1, '2012-06-14', 0, '', 2),
	(2590, 268, 1, '2012-06-14', 0, '', 2),
	(2591, 269, 1, '2012-06-14', 0, '', 2),
	(2592, 275, 0, '2012-06-14', 1, '', 2),
	(2593, 274, 0, '2012-06-14', 1, '', 2),
	(2594, 259, 1, '2012-06-14', 0, '', 2),
	(2595, 273, 0, '2012-06-14', 1, '', 2),
	(2596, 258, 0, '2012-06-14', 1, '', 2),
	(2597, 270, 0, '2012-06-14', 1, '', 2),
	(2598, 253, 1, '2012-06-21', 0, '', 2),
	(2599, 264, 1, '2012-06-21', 0, '', 2),
	(2600, 255, 0, '2012-06-21', 1, '', 2),
	(2601, 261, 1, '2012-06-21', 0, '', 2),
	(2602, 257, 1, '2012-06-21', 0, '', 2),
	(2603, 260, 1, '2012-06-21', 0, '', 2),
	(2604, 263, 0, '2012-06-21', 1, '', 2),
	(2605, 262, 0, '2012-06-21', 1, '', 2),
	(2606, 266, 0, '2012-06-21', 1, '', 2),
	(2607, 256, 1, '2012-06-21', 0, '', 2),
	(2608, 272, 1, '2012-06-21', 0, '', 2),
	(2609, 254, 1, '2012-06-21', 0, '', 2),
	(2610, 265, 1, '2012-06-21', 0, '', 2),
	(2611, 271, 1, '2012-06-21', 0, '', 2),
	(2612, 267, 1, '2012-06-21', 0, '', 2),
	(2613, 268, 1, '2012-06-21', 0, '', 2),
	(2614, 269, 1, '2012-06-21', 0, '', 2),
	(2615, 275, 0, '2012-06-21', 1, '', 2),
	(2616, 274, 0, '2012-06-21', 1, '', 2),
	(2617, 259, 0, '2012-06-21', 1, '', 2),
	(2618, 273, 1, '2012-06-21', 0, '', 2),
	(2619, 258, 1, '2012-06-21', 0, '', 2),
	(2620, 270, 1, '2012-06-21', 0, '', 2),
	(2621, 214, 0, '2012-07-02', 1, '', NULL),
	(2622, 212, 0, '2012-07-02', 1, '', NULL),
	(2623, 282, 0, '2012-07-02', 1, '', NULL),
	(2624, 215, 0, '2012-07-02', 1, '', NULL),
	(2625, 277, 0, '2012-07-02', 1, '', NULL),
	(2626, 283, 1, '2012-07-02', 0, '', NULL),
	(2627, 211, 0, '2012-07-02', 1, '', NULL),
	(2628, 276, 0, '2012-07-02', 1, '', NULL),
	(2629, 278, 1, '2012-07-02', 0, '', NULL),
	(2630, 213, 0, '2012-07-02', 1, '', NULL),
	(2631, 280, 0, '2012-07-02', 1, '', NULL),
	(2632, 285, 0, '2012-07-02', 1, '', NULL),
	(2633, 214, 1, '2012-07-09', 0, '', NULL),
	(2634, 212, 0, '2012-07-09', 1, '', NULL),
	(2635, 282, 0, '2012-07-09', 1, '', NULL),
	(2636, 215, 1, '2012-07-09', 0, '', NULL),
	(2637, 277, 0, '2012-07-09', 1, '', NULL),
	(2638, 283, 0, '2012-07-09', 1, '', NULL),
	(2639, 211, 0, '2012-07-09', 1, '', NULL),
	(2640, 276, 0, '2012-07-09', 1, '', NULL),
	(2641, 278, 0, '2012-07-09', 1, '', NULL),
	(2642, 213, 0, '2012-07-09', 1, '', NULL),
	(2643, 280, 0, '2012-07-09', 1, '', NULL),
	(2644, 285, 0, '2012-07-09', 1, '', NULL),
	(2645, 214, 0, '2012-09-26', 1, '', NULL),
	(2646, 212, 0, '2012-09-26', 1, '', NULL),
	(2647, 282, 1, '2012-09-26', 0, '', NULL),
	(2648, 215, 0, '2012-09-26', 1, '', NULL),
	(2649, 277, 0, '2012-09-26', 1, '', NULL),
	(2650, 283, 1, '2012-09-26', 0, '', NULL),
	(2651, 211, 1, '2012-09-26', 0, '', NULL),
	(2652, 276, 0, '2012-09-26', 1, '', NULL),
	(2653, 278, 0, '2012-09-26', 1, '', NULL),
	(2654, 213, 0, '2012-09-26', 1, '', NULL),
	(2655, 280, 0, '2012-09-26', 1, '', NULL),
	(2656, 285, 0, '2012-09-26', 1, '', NULL),
	(2657, 214, 0, '2012-07-16', 1, '', NULL),
	(2658, 212, 0, '2012-07-16', 1, '', NULL),
	(2659, 282, 1, '2012-07-16', 0, '', NULL),
	(2660, 215, 0, '2012-07-16', 1, '', NULL),
	(2661, 277, 0, '2012-07-16', 1, '', NULL),
	(2662, 283, 1, '2012-07-16', 0, '', NULL),
	(2663, 211, 1, '2012-07-16', 0, '', NULL),
	(2664, 276, 0, '2012-07-16', 1, '', NULL),
	(2665, 278, 0, '2012-07-16', 1, '', NULL),
	(2666, 213, 0, '2012-07-16', 1, '', NULL),
	(2667, 280, 1, '2012-07-16', 0, '', NULL),
	(2668, 285, 0, '2012-07-16', 1, '', NULL),
	(2669, 214, 0, '2012-07-23', 1, '', NULL),
	(2670, 212, 0, '2012-07-23', 1, '', NULL),
	(2671, 282, 1, '2012-07-23', 0, '', NULL),
	(2672, 215, 0, '2012-07-23', 1, '', NULL),
	(2673, 277, 0, '2012-07-23', 1, '', NULL),
	(2674, 283, 0, '2012-07-23', 1, '', NULL),
	(2675, 211, 1, '2012-07-23', 0, '', NULL),
	(2676, 276, 0, '2012-07-23', 1, '', NULL),
	(2677, 278, 0, '2012-07-23', 1, '', NULL),
	(2678, 213, 0, '2012-07-23', 1, '', NULL),
	(2679, 280, 0, '2012-07-23', 1, '', NULL),
	(2680, 285, 0, '2012-07-23', 1, '', NULL),
	(2681, 214, 0, '2012-07-30', 1, '', NULL),
	(2682, 212, 0, '2012-07-30', 1, '', NULL),
	(2683, 282, 1, '2012-07-30', 0, '', NULL),
	(2684, 215, 0, '2012-07-30', 1, '', NULL),
	(2685, 277, 0, '2012-07-30', 1, '', NULL),
	(2686, 283, 1, '2012-07-30', 0, '', NULL),
	(2687, 211, 1, '2012-07-30', 0, '', NULL),
	(2688, 276, 0, '2012-07-30', 1, '', NULL),
	(2689, 278, 0, '2012-07-30', 1, '', NULL),
	(2690, 213, 0, '2012-07-30', 1, '', NULL),
	(2691, 280, 1, '2012-07-30', 0, '', NULL),
	(2692, 285, 0, '2012-07-30', 1, '', NULL),
	(2693, 214, 0, '2012-08-06', 1, '', NULL),
	(2694, 212, 0, '2012-08-06', 1, '', NULL),
	(2695, 282, 0, '2012-08-06', 1, '', NULL),
	(2696, 215, 0, '2012-08-06', 1, '', NULL),
	(2697, 277, 1, '2012-08-06', 0, '', NULL),
	(2698, 283, 1, '2012-08-06', 0, '', NULL),
	(2699, 211, 0, '2012-08-06', 1, '', NULL),
	(2700, 276, 0, '2012-08-06', 1, '', NULL),
	(2701, 278, 0, '2012-08-06', 1, '', NULL),
	(2702, 213, 0, '2012-08-06', 1, '', NULL),
	(2703, 280, 0, '2012-08-06', 1, '', NULL),
	(2704, 285, 1, '2012-08-06', 0, '', NULL),
	(2705, 214, 0, '2012-08-13', 1, '', NULL),
	(2706, 212, 0, '2012-08-13', 1, '', NULL),
	(2707, 282, 0, '2012-08-13', 1, '', NULL),
	(2708, 215, 0, '2012-08-13', 1, '', NULL),
	(2709, 277, 0, '2012-08-13', 1, '', NULL),
	(2710, 283, 1, '2012-08-13', 0, '', NULL),
	(2711, 211, 0, '2012-08-13', 1, '', NULL),
	(2712, 276, 0, '2012-08-13', 1, '', NULL),
	(2713, 278, 0, '2012-08-13', 1, '', NULL),
	(2714, 213, 0, '2012-08-13', 1, '', NULL),
	(2715, 280, 0, '2012-08-13', 1, '', NULL),
	(2716, 285, 1, '2012-08-13', 0, '', NULL),
	(2717, 214, 0, '2012-08-20', 1, '', NULL),
	(2718, 212, 0, '2012-08-20', 1, '', NULL),
	(2719, 282, 1, '2012-08-20', 0, '', NULL),
	(2720, 215, 0, '2012-08-20', 1, '', NULL),
	(2721, 277, 0, '2012-08-20', 1, '', NULL),
	(2722, 283, 1, '2012-08-20', 0, '', NULL),
	(2723, 211, 0, '2012-08-20', 1, '', NULL),
	(2724, 276, 0, '2012-08-20', 1, '', NULL),
	(2725, 278, 0, '2012-08-20', 1, '', NULL),
	(2726, 213, 0, '2012-08-20', 1, '', NULL),
	(2727, 280, 0, '2012-08-20', 1, '', NULL),
	(2728, 285, 1, '2012-08-20', 0, '', NULL),
	(2729, 214, 0, '2012-08-27', 1, '', NULL),
	(2730, 212, 0, '2012-08-27', 1, '', NULL),
	(2731, 282, 0, '2012-08-27', 1, '', NULL),
	(2732, 215, 0, '2012-08-27', 1, '', NULL),
	(2733, 277, 0, '2012-08-27', 1, '', NULL),
	(2734, 283, 1, '2012-08-27', 0, '', NULL),
	(2735, 211, 0, '2012-08-27', 1, '', NULL),
	(2736, 276, 0, '2012-08-27', 1, '', NULL),
	(2737, 278, 0, '2012-08-27', 1, '', NULL),
	(2738, 213, 0, '2012-08-27', 1, '', NULL),
	(2739, 280, 0, '2012-08-27', 1, '', NULL),
	(2740, 285, 1, '2012-08-27', 0, '', NULL),
	(2741, 159, 0, '2012-07-05', 1, '', NULL),
	(2742, 158, 0, '2012-07-05', 1, '', NULL),
	(2743, 157, 0, '2012-07-05', 1, '', NULL),
	(2744, 160, 1, '2012-07-05', 0, '', NULL),
	(2745, 155, 0, '2012-07-05', 1, '', NULL),
	(2746, 156, 1, '2012-07-05', 0, '', NULL),
	(2747, 316, 0, '2012-07-01', 1, '', NULL),
	(2748, 314, 1, '2012-07-01', 0, '', NULL),
	(2749, 315, 0, '2012-07-01', 1, '', NULL),
	(2750, 312, 0, '2012-07-01', 1, '', NULL),
	(2751, 308, 1, '2012-07-01', 0, '', NULL),
	(2752, 317, 0, '2012-07-01', 1, '', NULL),
	(2753, 310, 0, '2012-07-01', 1, '', NULL),
	(2754, 319, 0, '2012-07-01', 1, '', NULL),
	(2755, 313, 0, '2012-07-01', 1, '', NULL),
	(2756, 307, 0, '2012-07-01', 1, '', NULL),
	(2757, 309, 0, '2012-07-01', 1, '', NULL),
	(2758, 318, 0, '2012-07-01', 1, '', NULL),
	(2759, 311, 0, '2012-07-01', 1, '', NULL),
	(2760, 316, 0, '2012-07-08', 1, '', NULL),
	(2761, 314, 1, '2012-07-08', 0, '', NULL),
	(2762, 315, 1, '2012-07-08', 0, '', NULL),
	(2763, 312, 0, '2012-07-08', 1, '', NULL),
	(2764, 308, 1, '2012-07-08', 0, '', NULL),
	(2765, 317, 0, '2012-07-08', 1, '', NULL),
	(2766, 310, 0, '2012-07-08', 1, '', NULL),
	(2767, 319, 0, '2012-07-08', 1, '', NULL),
	(2768, 313, 1, '2012-07-08', 0, '', NULL),
	(2769, 307, 0, '2012-07-08', 1, '', NULL),
	(2770, 309, 0, '2012-07-08', 1, '', NULL),
	(2771, 318, 0, '2012-07-08', 1, '', NULL),
	(2772, 311, 0, '2012-07-08', 1, '', NULL),
	(2773, 316, 0, '2012-07-15', 1, '', NULL),
	(2774, 314, 0, '2012-07-15', 1, '', NULL),
	(2775, 315, 1, '2012-07-15', 0, '', NULL),
	(2776, 312, 0, '2012-07-15', 1, '', NULL),
	(2777, 308, 0, '2012-07-15', 1, '', NULL),
	(2778, 317, 0, '2012-07-15', 1, '', NULL),
	(2779, 310, 1, '2012-07-15', 0, '', NULL),
	(2780, 319, 0, '2012-07-15', 1, '', NULL),
	(2781, 313, 0, '2012-07-15', 1, '', NULL),
	(2782, 307, 1, '2012-07-15', 0, '', NULL),
	(2783, 309, 0, '2012-07-15', 1, '', NULL),
	(2784, 318, 0, '2012-07-15', 1, '', NULL),
	(2785, 311, 0, '2012-07-15', 1, '', NULL),
	(2786, 316, 0, '2012-08-05', 1, '', NULL),
	(2787, 314, 1, '2012-08-05', 0, '', NULL),
	(2788, 315, 1, '2012-08-05', 0, 'permission for exam ', NULL),
	(2789, 312, 0, '2012-08-05', 1, '', NULL),
	(2790, 308, 1, '2012-08-05', 0, '', NULL),
	(2791, 317, 0, '2012-08-05', 1, '', NULL),
	(2792, 310, 0, '2012-08-05', 1, '', NULL),
	(2793, 319, 0, '2012-08-05', 1, '', NULL),
	(2794, 313, 0, '2012-08-05', 1, '', NULL),
	(2795, 307, 0, '2012-08-05', 1, '', NULL),
	(2796, 309, 0, '2012-08-05', 1, '', NULL),
	(2797, 318, 0, '2012-08-05', 1, '', NULL),
	(2798, 311, 0, '2012-08-05', 1, '', NULL),
	(2799, 316, 0, '2012-08-12', 1, '', NULL),
	(2800, 314, 1, '2012-08-12', 0, '', NULL),
	(2801, 315, 1, '2012-08-12', 0, '', NULL),
	(2802, 312, 0, '2012-08-12', 1, '', NULL),
	(2803, 308, 0, '2012-08-12', 1, '', NULL),
	(2804, 317, 0, '2012-08-12', 1, '', NULL),
	(2805, 310, 1, '2012-08-12', 0, 'Go home for visit mother and Father .', NULL),
	(2806, 319, 1, '2012-08-12', 0, 'Go home for visit mother ', NULL),
	(2807, 313, 0, '2012-08-12', 1, '', NULL),
	(2808, 307, 0, '2012-08-12', 1, '', NULL),
	(2809, 309, 0, '2012-08-12', 1, '', NULL),
	(2810, 318, 0, '2012-08-12', 1, '', NULL),
	(2811, 311, 0, '2012-08-12', 1, '', NULL),
	(2812, 316, 0, '2012-08-19', 1, '', NULL),
	(2813, 314, 0, '2012-08-19', 1, '', NULL),
	(2814, 315, 0, '2012-08-19', 1, '', NULL),
	(2815, 312, 0, '2012-08-19', 1, '', NULL),
	(2816, 308, 0, '2012-08-19', 1, '', NULL),
	(2817, 317, 0, '2012-08-19', 1, '', NULL),
	(2818, 310, 0, '2012-08-19', 1, '', NULL),
	(2819, 319, 0, '2012-08-19', 1, '', NULL),
	(2820, 313, 0, '2012-08-19', 1, '', NULL),
	(2821, 307, 0, '2012-08-19', 1, '', NULL),
	(2822, 309, 0, '2012-08-19', 1, '', NULL),
	(2823, 318, 0, '2012-08-19', 1, '', NULL),
	(2824, 311, 0, '2012-08-19', 1, '', NULL),
	(2825, 316, 1, '2012-08-26', 0, '', NULL),
	(2826, 314, 0, '2012-08-26', 1, '', NULL),
	(2827, 315, 0, '2012-08-26', 1, '', NULL),
	(2828, 312, 0, '2012-08-26', 1, '', NULL),
	(2829, 308, 0, '2012-08-26', 1, '', NULL),
	(2830, 317, 0, '2012-08-26', 1, '', NULL),
	(2831, 310, 0, '2012-08-26', 1, '', NULL),
	(2832, 319, 0, '2012-08-26', 1, '', NULL),
	(2833, 313, 0, '2012-08-26', 1, '', NULL),
	(2834, 307, 0, '2012-08-26', 1, '', NULL),
	(2835, 309, 0, '2012-08-26', 1, '', NULL),
	(2836, 318, 0, '2012-08-26', 1, '', NULL),
	(2837, 311, 0, '2012-08-26', 1, '', NULL),
	(2838, 316, 0, '2012-09-09', 1, '', NULL),
	(2839, 314, 0, '2012-09-09', 1, '', NULL),
	(2840, 315, 0, '2012-09-09', 1, '', NULL),
	(2841, 312, 0, '2012-09-09', 1, '', NULL),
	(2842, 308, 0, '2012-09-09', 1, '', NULL),
	(2843, 317, 0, '2012-09-09', 1, '', NULL),
	(2844, 310, 0, '2012-09-09', 1, '', NULL),
	(2845, 319, 0, '2012-09-09', 1, '', NULL),
	(2846, 313, 0, '2012-09-09', 1, '', NULL),
	(2847, 307, 0, '2012-09-09', 1, '', NULL),
	(2848, 309, 0, '2012-09-09', 1, '', NULL),
	(2849, 318, 0, '2012-09-09', 1, '', NULL),
	(2850, 311, 0, '2012-09-09', 1, '', NULL),
	(2851, 316, 0, '2012-09-23', 1, '', NULL),
	(2852, 314, 0, '2012-09-23', 1, '', NULL),
	(2853, 315, 0, '2012-09-23', 1, '', NULL),
	(2854, 312, 0, '2012-09-23', 1, '', NULL),
	(2855, 308, 0, '2012-09-23', 1, '', NULL),
	(2856, 317, 0, '2012-09-23', 1, '', NULL),
	(2857, 310, 0, '2012-09-23', 1, '', NULL),
	(2858, 319, 0, '2012-09-23', 1, '', NULL),
	(2859, 313, 0, '2012-09-23', 1, '', NULL),
	(2860, 307, 0, '2012-09-23', 1, '', NULL),
	(2861, 309, 0, '2012-09-23', 1, '', NULL),
	(2862, 318, 0, '2012-09-23', 1, '', NULL),
	(2863, 311, 0, '2012-09-23', 1, '', NULL),
	(2864, 316, 0, '2012-09-30', 1, '', NULL),
	(2865, 314, 0, '2012-09-30', 1, '', NULL),
	(2866, 315, 1, '2012-09-30', 0, '', NULL),
	(2867, 312, 0, '2012-09-30', 1, '', NULL),
	(2868, 308, 0, '2012-09-30', 1, '', NULL),
	(2869, 317, 0, '2012-09-30', 1, '', NULL),
	(2870, 310, 0, '2012-09-30', 1, '', NULL),
	(2871, 319, 0, '2012-09-30', 1, '', NULL),
	(2872, 313, 0, '2012-09-30', 1, '', NULL),
	(2873, 307, 0, '2012-09-30', 1, '', NULL),
	(2874, 309, 0, '2012-09-30', 1, '', NULL),
	(2875, 318, 0, '2012-09-30', 1, '', NULL),
	(2876, 311, 0, '2012-09-30', 1, '', NULL),
	(2877, 316, 0, '2012-10-21', 1, '', NULL),
	(2878, 314, 0, '2012-10-21', 1, '', NULL),
	(2879, 315, 0, '2012-10-21', 1, '', NULL),
	(2880, 312, 0, '2012-10-21', 1, '', NULL),
	(2881, 308, 0, '2012-10-21', 1, '', NULL),
	(2882, 317, 0, '2012-10-21', 1, '', NULL),
	(2883, 310, 0, '2012-10-21', 1, '', NULL),
	(2884, 319, 0, '2012-10-21', 1, '', NULL),
	(2885, 313, 0, '2012-10-21', 1, '', NULL),
	(2886, 307, 0, '2012-10-21', 1, '', NULL),
	(2887, 309, 0, '2012-10-21', 1, '', NULL),
	(2888, 318, 1, '2012-10-21', 0, '', NULL),
	(2889, 311, 0, '2012-10-21', 1, '', NULL),
	(2890, 25, 0, '2012-07-06', 1, '', NULL),
	(2891, 24, 0, '2012-07-06', 1, '', NULL),
	(2892, 26, 0, '2012-07-06', 1, '', NULL),
	(2893, 27, 0, '2012-07-06', 1, '', NULL),
	(2894, 34, 0, '2012-07-06', 1, '', NULL),
	(2895, 29, 0, '2012-07-06', 1, '', NULL),
	(2896, 30, 0, '2012-07-06', 1, '', NULL),
	(2897, 22, 0, '2012-07-06', 1, '', NULL),
	(2898, 21, 0, '2012-07-06', 1, '', NULL),
	(2899, 32, 1, '2012-07-06', 0, '', NULL),
	(2900, 35, 0, '2012-07-06', 1, '', NULL),
	(2901, 23, 0, '2012-07-06', 1, '', NULL),
	(2902, 28, 1, '2012-07-06', 0, '', NULL),
	(2903, 37, 0, '2012-07-06', 1, '', NULL),
	(2904, 31, 1, '2012-07-06', 0, '', NULL),
	(2905, 20, 0, '2012-07-06', 1, '', NULL),
	(2906, 36, 0, '2012-07-06', 1, '', NULL),
	(2907, 33, 1, '2012-07-06', 0, '', NULL),
	(2908, 25, 0, '2012-07-20', 1, '', NULL),
	(2909, 24, 0, '2012-07-20', 1, '', NULL),
	(2910, 26, 0, '2012-07-20', 1, '', NULL),
	(2911, 27, 0, '2012-07-20', 1, '', NULL),
	(2912, 34, 0, '2012-07-20', 1, '', NULL),
	(2913, 29, 0, '2012-07-20', 1, '', NULL),
	(2914, 30, 0, '2012-07-20', 1, '', NULL),
	(2915, 22, 1, '2012-07-20', 0, 'Go to hospital ', NULL),
	(2916, 21, 0, '2012-07-20', 1, '', NULL),
	(2917, 32, 0, '2012-07-20', 1, '', NULL),
	(2918, 35, 0, '2012-07-20', 1, '', NULL),
	(2919, 23, 1, '2012-07-20', 0, 'Go to hospital', NULL),
	(2920, 28, 0, '2012-07-20', 1, '', NULL),
	(2921, 37, 0, '2012-07-20', 1, '', NULL),
	(2922, 31, 0, '2012-07-20', 1, '', NULL),
	(2923, 20, 0, '2012-07-20', 1, '', NULL),
	(2924, 36, 0, '2012-07-20', 1, '', NULL),
	(2925, 33, 1, '2012-07-20', 0, '', NULL),
	(2926, 25, 0, '2012-08-03', 1, '', NULL),
	(2927, 24, 0, '2012-08-03', 1, '', NULL),
	(2928, 26, 0, '2012-08-03', 1, '', NULL),
	(2929, 27, 0, '2012-08-03', 1, '', NULL),
	(2930, 34, 1, '2012-08-03', 0, 'Go to homeland visit mom', NULL),
	(2931, 29, 0, '2012-08-03', 1, '', NULL),
	(2932, 30, 0, '2012-08-03', 1, '', NULL),
	(2933, 22, 1, '2012-08-03', 0, '', NULL),
	(2934, 21, 0, '2012-08-03', 1, '', NULL),
	(2935, 32, 1, '2012-08-03', 0, '', NULL),
	(2936, 35, 0, '2012-08-03', 1, '', NULL),
	(2937, 23, 0, '2012-08-03', 1, '', NULL),
	(2938, 28, 0, '2012-08-03', 1, '', NULL),
	(2939, 37, 0, '2012-08-03', 1, '', NULL),
	(2940, 31, 0, '2012-08-03', 1, '', NULL),
	(2941, 20, 0, '2012-08-03', 1, '', NULL),
	(2942, 36, 0, '2012-08-03', 1, '', NULL),
	(2943, 33, 1, '2012-08-03', 0, '', NULL),
	(2944, 25, 0, '2012-08-10', 1, '', NULL),
	(2945, 24, 0, '2012-08-10', 1, '', NULL),
	(2946, 26, 0, '2012-08-10', 1, '', NULL),
	(2947, 27, 0, '2012-08-10', 1, '', NULL),
	(2948, 34, 0, '2012-08-10', 1, '', NULL),
	(2949, 29, 0, '2012-08-10', 1, '', NULL),
	(2950, 30, 0, '2012-08-10', 1, '', NULL),
	(2951, 22, 1, '2012-08-10', 0, '', NULL),
	(2952, 21, 0, '2012-08-10', 1, '', NULL),
	(2953, 32, 1, '2012-08-10', 0, '', NULL),
	(2954, 35, 0, '2012-08-10', 1, '', NULL),
	(2955, 23, 0, '2012-08-10', 1, '', NULL),
	(2956, 28, 0, '2012-08-10', 1, '', NULL),
	(2957, 37, 0, '2012-08-10', 1, '', NULL),
	(2958, 31, 0, '2012-08-10', 1, '', NULL),
	(2959, 20, 0, '2012-08-10', 1, '', NULL),
	(2960, 36, 0, '2012-08-10', 1, '', NULL),
	(2961, 33, 1, '2012-08-10', 0, '', NULL),
	(2962, 25, 0, '2012-08-17', 1, '', NULL),
	(2963, 24, 1, '2012-08-17', 0, '', NULL),
	(2964, 26, 0, '2012-08-17', 1, '', NULL),
	(2965, 27, 0, '2012-08-17', 1, '', NULL),
	(2966, 34, 0, '2012-08-17', 1, '', NULL),
	(2967, 29, 0, '2012-08-17', 1, '', NULL),
	(2968, 30, 0, '2012-08-17', 1, '', NULL),
	(2969, 22, 0, '2012-08-17', 1, '', NULL),
	(2970, 21, 1, '2012-08-17', 0, '', NULL),
	(2971, 32, 1, '2012-08-17', 0, '', NULL),
	(2972, 35, 0, '2012-08-17', 1, '', NULL),
	(2973, 23, 0, '2012-08-17', 1, '', NULL),
	(2974, 28, 0, '2012-08-17', 1, '', NULL),
	(2975, 37, 0, '2012-08-17', 1, '', NULL),
	(2976, 31, 0, '2012-08-17', 1, '', NULL),
	(2977, 20, 0, '2012-08-17', 1, '', NULL),
	(2978, 36, 0, '2012-08-17', 1, '', NULL),
	(2979, 33, 1, '2012-08-17', 0, '', NULL),
	(2980, 25, 0, '2012-08-24', 1, '', NULL),
	(2981, 24, 0, '2012-08-24', 1, '', NULL),
	(2982, 26, 0, '2012-08-24', 1, '', NULL),
	(2983, 27, 0, '2012-08-24', 1, '', NULL),
	(2984, 34, 0, '2012-08-24', 1, '', NULL),
	(2985, 29, 0, '2012-08-24', 1, '', NULL),
	(2986, 30, 0, '2012-08-24', 1, '', NULL),
	(2987, 22, 0, '2012-08-24', 1, '', NULL),
	(2988, 21, 0, '2012-08-24', 1, '', NULL),
	(2989, 32, 1, '2012-08-24', 0, '', NULL),
	(2990, 35, 0, '2012-08-24', 1, '', NULL),
	(2991, 23, 0, '2012-08-24', 1, '', NULL),
	(2992, 28, 0, '2012-08-24', 1, '', NULL),
	(2993, 37, 0, '2012-08-24', 1, '', NULL),
	(2994, 31, 0, '2012-08-24', 1, '', NULL),
	(2995, 20, 0, '2012-08-24', 1, '', NULL),
	(2996, 36, 0, '2012-08-24', 1, '', NULL),
	(2997, 33, 1, '2012-08-24', 0, '', NULL),
	(2998, 25, 1, '2012-08-31', 0, '', NULL),
	(2999, 24, 0, '2012-08-31', 1, '', NULL),
	(3000, 26, 0, '2012-08-31', 1, '', NULL),
	(3001, 27, 0, '2012-08-31', 1, '', NULL),
	(3002, 34, 0, '2012-08-31', 1, '', NULL),
	(3003, 29, 0, '2012-08-31', 1, '', NULL),
	(3004, 30, 0, '2012-08-31', 1, '', NULL),
	(3005, 22, 1, '2012-08-31', 0, '', NULL),
	(3006, 21, 0, '2012-08-31', 1, '', NULL),
	(3007, 32, 1, '2012-08-31', 0, '', NULL),
	(3008, 35, 0, '2012-08-31', 1, '', NULL),
	(3009, 23, 0, '2012-08-31', 1, '', NULL),
	(3010, 28, 0, '2012-08-31', 1, '', NULL),
	(3011, 37, 0, '2012-08-31', 1, '', NULL),
	(3012, 31, 0, '2012-08-31', 1, '', NULL),
	(3013, 20, 0, '2012-08-31', 1, '', NULL),
	(3014, 36, 0, '2012-08-31', 1, '', NULL),
	(3015, 33, 1, '2012-08-31', 0, '', NULL),
	(3016, 25, 1, '2012-09-07', 0, '', NULL),
	(3017, 24, 0, '2012-09-07', 1, '', NULL),
	(3018, 26, 0, '2012-09-07', 1, '', NULL),
	(3019, 27, 0, '2012-09-07', 1, '', NULL),
	(3020, 34, 0, '2012-09-07', 1, '', NULL),
	(3021, 29, 0, '2012-09-07', 1, '', NULL),
	(3022, 30, 0, '2012-09-07', 1, '', NULL),
	(3023, 22, 1, '2012-09-07', 0, '', NULL),
	(3024, 21, 0, '2012-09-07', 1, '', NULL),
	(3025, 32, 1, '2012-09-07', 0, '', NULL),
	(3026, 35, 1, '2012-09-07', 0, '', NULL),
	(3027, 23, 0, '2012-09-07', 1, '', NULL),
	(3028, 28, 0, '2012-09-07', 1, '', NULL),
	(3029, 37, 0, '2012-09-07', 1, '', NULL),
	(3030, 31, 0, '2012-09-07', 1, '', NULL),
	(3031, 20, 0, '2012-09-07', 1, '', NULL),
	(3032, 36, 0, '2012-09-07', 1, '', NULL),
	(3033, 33, 1, '2012-09-07', 0, '', NULL),
	(3034, 25, 1, '2012-09-14', 0, '', NULL),
	(3035, 24, 0, '2012-09-14', 1, '', NULL),
	(3036, 26, 0, '2012-09-14', 1, '', NULL),
	(3037, 27, 0, '2012-09-14', 1, '', NULL),
	(3038, 34, 0, '2012-09-14', 1, '', NULL),
	(3039, 29, 0, '2012-09-14', 1, '', NULL),
	(3040, 30, 0, '2012-09-14', 1, '', NULL),
	(3041, 22, 1, '2012-09-14', 0, '', NULL),
	(3042, 21, 0, '2012-09-14', 1, '', NULL),
	(3043, 32, 1, '2012-09-14', 0, '', NULL),
	(3044, 35, 1, '2012-09-14', 0, '', NULL),
	(3045, 23, 0, '2012-09-14', 1, '', NULL),
	(3046, 28, 0, '2012-09-14', 1, '', NULL),
	(3047, 37, 0, '2012-09-14', 1, '', NULL),
	(3048, 31, 0, '2012-09-14', 1, '', NULL),
	(3049, 20, 0, '2012-09-14', 1, '', NULL),
	(3050, 36, 0, '2012-09-14', 1, '', NULL),
	(3051, 33, 1, '2012-09-14', 0, '', NULL),
	(3052, 25, 0, '2012-09-21', 1, '', NULL),
	(3053, 24, 0, '2012-09-21', 1, '', NULL),
	(3054, 26, 0, '2012-09-21', 1, '', NULL),
	(3055, 27, 0, '2012-09-21', 1, '', NULL),
	(3056, 34, 0, '2012-09-21', 1, '', NULL),
	(3057, 29, 0, '2012-09-21', 1, '', NULL),
	(3058, 30, 0, '2012-09-21', 1, '', NULL),
	(3059, 22, 0, '2012-09-21', 1, '', NULL),
	(3060, 21, 0, '2012-09-21', 1, '', NULL),
	(3061, 32, 1, '2012-09-21', 0, '', NULL),
	(3062, 35, 1, '2012-09-21', 0, '', NULL),
	(3063, 23, 0, '2012-09-21', 1, '', NULL),
	(3064, 28, 0, '2012-09-21', 1, '', NULL),
	(3065, 37, 0, '2012-09-21', 1, '', NULL),
	(3066, 31, 0, '2012-09-21', 1, '', NULL),
	(3067, 20, 0, '2012-09-21', 1, '', NULL),
	(3068, 36, 0, '2012-09-21', 1, '', NULL),
	(3069, 33, 1, '2012-09-21', 0, '', NULL),
	(3070, 25, 0, '2012-09-28', 1, '', NULL),
	(3071, 24, 0, '2012-09-28', 1, '', NULL),
	(3072, 26, 0, '2012-09-28', 1, '', NULL),
	(3073, 27, 0, '2012-09-28', 1, '', NULL),
	(3074, 34, 0, '2012-09-28', 1, '', NULL),
	(3075, 29, 0, '2012-09-28', 1, '', NULL),
	(3076, 30, 0, '2012-09-28', 1, '', NULL),
	(3077, 22, 0, '2012-09-28', 1, '', NULL),
	(3078, 21, 0, '2012-09-28', 1, '', NULL),
	(3079, 32, 1, '2012-09-28', 0, '', NULL),
	(3080, 35, 1, '2012-09-28', 0, '', NULL),
	(3081, 23, 0, '2012-09-28', 1, '', NULL),
	(3082, 28, 0, '2012-09-28', 1, '', NULL),
	(3083, 37, 0, '2012-09-28', 1, '', NULL),
	(3084, 31, 0, '2012-09-28', 1, '', NULL),
	(3085, 20, 0, '2012-09-28', 1, '', NULL),
	(3086, 36, 0, '2012-09-28', 1, '', NULL),
	(3087, 33, 1, '2012-09-28', 0, '', NULL),
	(3088, 25, 1, '2012-07-27', 0, 'No class', NULL),
	(3089, 24, 1, '2012-07-27', 0, '', NULL),
	(3090, 26, 1, '2012-07-27', 0, '', NULL),
	(3091, 27, 1, '2012-07-27', 0, '', NULL),
	(3092, 34, 1, '2012-07-27', 0, '', NULL),
	(3093, 29, 1, '2012-07-27', 0, '', NULL),
	(3094, 30, 1, '2012-07-27', 0, '', NULL),
	(3095, 22, 1, '2012-07-27', 0, '', NULL),
	(3096, 21, 1, '2012-07-27', 0, '', NULL),
	(3097, 32, 1, '2012-07-27', 0, '', NULL),
	(3098, 35, 1, '2012-07-27', 0, '', NULL),
	(3099, 23, 1, '2012-07-27', 0, '', NULL),
	(3100, 28, 1, '2012-07-27', 0, '', NULL),
	(3101, 37, 1, '2012-07-27', 0, '', NULL),
	(3102, 31, 1, '2012-07-27', 0, '', NULL),
	(3103, 20, 1, '2012-07-27', 0, '', NULL),
	(3104, 36, 1, '2012-07-27', 0, '', NULL),
	(3105, 33, 1, '2012-07-27', 0, '', NULL),
	(3106, 316, 0, '2012-10-07', 1, '', NULL),
	(3107, 314, 1, '2012-10-07', 0, 'Go to pagoda with family ', NULL),
	(3108, 315, 1, '2012-10-07', 0, 'Go to pagoda with family', NULL),
	(3109, 312, 0, '2012-10-07', 1, '', NULL),
	(3110, 308, 0, '2012-10-07', 1, '', NULL),
	(3111, 317, 0, '2012-10-07', 1, '', NULL),
	(3112, 310, 1, '2012-10-07', 0, '', NULL),
	(3113, 319, 1, '2012-10-07', 0, '', NULL),
	(3114, 313, 0, '2012-10-07', 1, '', NULL),
	(3115, 307, 0, '2012-10-07', 1, '', NULL),
	(3116, 309, 0, '2012-10-07', 1, '', NULL),
	(3117, 318, 0, '2012-10-07', 1, '', NULL),
	(3118, 311, 0, '2012-10-07', 1, '', NULL),
	(3119, 306, 1, '2012-09-07', 0, '', NULL),
	(3120, 301, 0, '2012-09-07', 1, '', NULL),
	(3121, 297, 0, '2012-09-07', 1, '', NULL),
	(3122, 298, 0, '2012-09-07', 1, '', NULL),
	(3123, 303, 0, '2012-09-07', 1, '', NULL),
	(3124, 305, 0, '2012-09-07', 1, '', NULL),
	(3125, 304, 0, '2012-09-07', 1, '', NULL),
	(3126, 299, 0, '2012-09-07', 1, '', NULL),
	(3127, 302, 1, '2012-09-07', 0, '', NULL),
	(3128, 296, 0, '2012-09-07', 1, '', NULL),
	(3129, 300, 1, '2012-09-07', 0, '', NULL),
	(3130, 306, 1, '2012-09-23', 0, '', NULL),
	(3131, 301, 0, '2012-09-23', 1, '', NULL),
	(3132, 297, 0, '2012-09-23', 1, '', NULL),
	(3133, 298, 0, '2012-09-23', 1, '', NULL),
	(3134, 303, 0, '2012-09-23', 1, '', NULL),
	(3135, 305, 0, '2012-09-23', 1, '', NULL),
	(3136, 304, 0, '2012-09-23', 1, '', NULL),
	(3137, 299, 0, '2012-09-23', 1, '', NULL),
	(3138, 302, 1, '2012-09-23', 0, '', NULL),
	(3139, 296, 0, '2012-09-23', 1, '', NULL),
	(3140, 300, 1, '2012-09-23', 0, '', NULL),
	(3141, 306, 1, '2012-09-30', 0, '', NULL),
	(3142, 301, 0, '2012-09-30', 1, '', NULL),
	(3143, 297, 0, '2012-09-30', 1, '', NULL),
	(3144, 298, 0, '2012-09-30', 1, '', NULL),
	(3145, 303, 0, '2012-09-30', 1, '', NULL),
	(3146, 305, 0, '2012-09-30', 1, '', NULL),
	(3147, 304, 0, '2012-09-30', 1, '', NULL),
	(3148, 299, 0, '2012-09-30', 1, '', NULL),
	(3149, 302, 1, '2012-09-30', 0, '', NULL),
	(3150, 296, 0, '2012-09-30', 1, '', NULL),
	(3151, 300, 1, '2012-09-30', 0, '', NULL),
	(3152, 25, 1, '2012-10-25', 0, 'Permission go to hospital', NULL),
	(3153, 24, 0, '2012-10-25', 1, '', NULL),
	(3154, 26, 1, '2012-10-25', 0, 'Permission go to hospital ', NULL),
	(3155, 27, 0, '2012-10-25', 1, '', NULL),
	(3156, 34, 1, '2012-10-25', 0, 'Permission stop study ', NULL),
	(3157, 29, 1, '2012-10-25', 0, 'Permission go to hospital', NULL),
	(3158, 30, 1, '2012-10-25', 0, 'Permission go to hospital ', NULL),
	(3159, 22, 1, '2012-10-25', 0, 'Permission stop study ', NULL),
	(3160, 21, 0, '2012-10-25', 1, '', NULL),
	(3161, 32, 1, '2012-10-25', 0, 'Permission stop study ', NULL),
	(3162, 35, 1, '2012-10-25', 0, 'permission stop study', NULL),
	(3163, 23, 0, '2012-10-25', 1, '', NULL),
	(3164, 28, 1, '2012-10-25', 0, 'Permission go to hospital', NULL),
	(3165, 328, 1, '2012-10-25', 0, '', NULL),
	(3166, 329, 0, '2012-10-25', 1, '', NULL),
	(3167, 330, 0, '2012-10-25', 1, '', NULL),
	(3168, 331, 0, '2012-10-25', 1, '', NULL),
	(3169, 37, 1, '2012-10-25', 0, 'Permission go to hospital ', NULL),
	(3170, 31, 1, '2012-10-25', 0, 'Permission go to hospital', NULL),
	(3171, 20, 1, '2012-10-25', 0, 'Permission stop study', NULL),
	(3172, 36, 1, '2012-10-25', 0, 'Permission go to hospital', NULL),
	(3173, 33, 1, '2012-10-25', 0, 'Permission go to hospital', NULL),
	(3174, 25, 0, '2012-10-26', 1, '', NULL),
	(3175, 24, 0, '2012-10-26', 1, '', NULL),
	(3176, 26, 0, '2012-10-26', 1, '', NULL),
	(3177, 27, 0, '2012-10-26', 1, '', NULL),
	(3178, 34, 1, '2012-10-26', 0, 'permission stop study', NULL),
	(3179, 29, 0, '2012-10-26', 1, '', NULL),
	(3180, 30, 0, '2012-10-26', 1, '', NULL),
	(3181, 22, 1, '2012-10-26', 0, 'permission stop study', NULL),
	(3182, 21, 0, '2012-10-26', 1, '', NULL),
	(3183, 32, 1, '2012-10-26', 0, 'permission stop study', NULL),
	(3184, 35, 1, '2012-10-26', 0, 'permission stop study', NULL),
	(3185, 23, 0, '2012-10-26', 1, '', NULL),
	(3186, 28, 0, '2012-10-26', 1, '', NULL),
	(3187, 328, 1, '2012-10-26', 0, '', NULL),
	(3188, 329, 0, '2012-10-26', 1, '', NULL),
	(3189, 330, 0, '2012-10-26', 1, '', NULL),
	(3190, 331, 0, '2012-10-26', 1, '', NULL),
	(3191, 37, 0, '2012-10-26', 1, '', NULL),
	(3192, 31, 1, '2012-10-26', 0, 'Permission stop study ', NULL),
	(3193, 20, 1, '2012-10-26', 0, 'Permission stop study', NULL),
	(3194, 36, 0, '2012-10-26', 1, '', NULL),
	(3195, 33, 1, '2012-10-26', 0, 'Permission stop study', NULL),
	(3196, 25, 0, '2012-11-01', 1, '', NULL),
	(3197, 24, 0, '2012-11-01', 1, '', NULL),
	(3198, 26, 0, '2012-11-01', 1, '', NULL),
	(3199, 27, 0, '2012-11-01', 1, '', NULL),
	(3200, 34, 1, '2012-11-01', 0, 'permission stop study', NULL),
	(3201, 29, 0, '2012-11-01', 1, '', NULL),
	(3202, 30, 0, '2012-11-01', 1, '', NULL),
	(3203, 22, 1, '2012-11-01', 0, 'permission stop study', NULL),
	(3204, 21, 0, '2012-11-01', 1, '', NULL),
	(3205, 32, 1, '2012-11-01', 0, 'permission stop study', NULL),
	(3206, 35, 1, '2012-11-01', 0, 'permission stop study', NULL),
	(3207, 23, 0, '2012-11-01', 1, '', NULL),
	(3208, 28, 0, '2012-11-01', 1, '', NULL),
	(3209, 328, 1, '2012-11-01', 0, '', NULL),
	(3210, 329, 0, '2012-11-01', 1, '', NULL),
	(3211, 330, 0, '2012-11-01', 1, '', NULL),
	(3212, 331, 0, '2012-11-01', 1, '', NULL),
	(3213, 37, 0, '2012-11-01', 1, '', NULL),
	(3214, 31, 1, '2012-11-01', 0, 'permission stop study', NULL),
	(3215, 20, 1, '2012-11-01', 0, 'permission stop study', NULL),
	(3216, 36, 0, '2012-11-01', 1, '', NULL),
	(3217, 33, 1, '2012-11-01', 0, 'permission stop study', NULL),
	(3218, 389, 1, '2012-10-14', 0, 'No class', NULL),
	(3219, 314, 1, '2012-10-14', 0, '', NULL),
	(3220, 315, 1, '2012-10-14', 0, '', NULL),
	(3221, 312, 1, '2012-10-14', 0, '', NULL),
	(3222, 308, 1, '2012-10-14', 0, '', NULL),
	(3223, 317, 1, '2012-10-14', 0, '', NULL),
	(3224, 310, 1, '2012-10-14', 0, '', NULL),
	(3225, 319, 1, '2012-10-14', 0, '', NULL),
	(3226, 313, 1, '2012-10-14', 0, '', NULL),
	(3227, 307, 1, '2012-10-14', 0, '', NULL),
	(3228, 309, 1, '2012-10-14', 0, '', NULL),
	(3229, 318, 1, '2012-10-14', 0, '', NULL),
	(3230, 311, 1, '2012-10-14', 0, '', NULL),
	(3231, 389, 0, '2012-10-28', 1, '', NULL),
	(3232, 314, 1, '2012-10-28', 0, '', NULL),
	(3233, 315, 1, '2012-10-28', 0, '', NULL),
	(3234, 312, 0, '2012-10-28', 1, '', NULL),
	(3235, 308, 1, '2012-10-28', 0, '', NULL),
	(3236, 317, 0, '2012-10-28', 1, '', NULL),
	(3237, 310, 0, '2012-10-28', 1, '', NULL),
	(3238, 319, 0, '2012-10-28', 1, '', NULL),
	(3239, 313, 0, '2012-10-28', 1, '', NULL),
	(3240, 307, 0, '2012-10-28', 1, '', NULL),
	(3241, 309, 0, '2012-10-28', 1, '', NULL),
	(3242, 318, 0, '2012-10-28', 1, '', NULL),
	(3243, 311, 0, '2012-10-28', 1, '', NULL),
	(3244, 389, 0, '2012-11-04', 1, '', NULL),
	(3245, 314, 1, '2012-11-04', 0, '', NULL),
	(3246, 315, 0, '2012-11-04', 1, '', NULL),
	(3247, 312, 0, '2012-11-04', 1, '', NULL),
	(3248, 308, 1, '2012-11-04', 0, '', NULL),
	(3249, 317, 1, '2012-11-04', 0, '', NULL),
	(3250, 310, 0, '2012-11-04', 1, '', NULL),
	(3251, 319, 1, '2012-11-04', 0, '', NULL),
	(3252, 313, 0, '2012-11-04', 1, '', NULL),
	(3253, 307, 0, '2012-11-04', 1, '', NULL),
	(3254, 309, 0, '2012-11-04', 1, '', NULL),
	(3255, 318, 0, '2012-11-04', 1, '', NULL),
	(3256, 311, 0, '2012-11-04', 1, '', NULL),
	(3257, 306, 0, '2012-11-16', 1, '', NULL),
	(3258, 301, 0, '2012-11-16', 1, '', NULL),
	(3259, 297, 0, '2012-11-16', 1, '', NULL),
	(3260, 298, 0, '2012-11-16', 1, '', NULL),
	(3261, 303, 0, '2012-11-16', 1, '', NULL),
	(3262, 305, 0, '2012-11-16', 1, '', NULL),
	(3263, 304, 0, '2012-11-16', 1, '', NULL),
	(3264, 299, 0, '2012-11-16', 1, '', NULL),
	(3265, 302, 1, '2012-11-16', 0, '', NULL),
	(3266, 296, 1, '2012-11-16', 0, '', NULL),
	(3267, 300, 1, '2012-11-16', 0, '', NULL),
	(3268, 25, 1, '2012-11-02', 0, '', NULL),
	(3269, 24, 0, '2012-11-02', 1, '', NULL),
	(3270, 26, 0, '2012-11-02', 1, '', NULL),
	(3271, 27, 0, '2012-11-02', 1, '', NULL),
	(3272, 34, 1, '2012-11-02', 0, '', NULL),
	(3273, 29, 0, '2012-11-02', 1, '', NULL),
	(3274, 30, 0, '2012-11-02', 1, '', NULL),
	(3275, 22, 1, '2012-11-02', 0, '', NULL),
	(3276, 21, 0, '2012-11-02', 1, '', NULL),
	(3277, 32, 1, '2012-11-02', 0, '', NULL),
	(3278, 35, 1, '2012-11-02', 0, '', NULL),
	(3279, 23, 0, '2012-11-02', 1, '', NULL),
	(3280, 28, 0, '2012-11-02', 1, '', NULL),
	(3281, 328, 1, '2012-11-02', 0, '', NULL),
	(3282, 329, 0, '2012-11-02', 1, '', NULL),
	(3283, 330, 0, '2012-11-02', 1, '', NULL),
	(3284, 331, 0, '2012-11-02', 1, '', NULL),
	(3285, 37, 0, '2012-11-02', 1, '', NULL),
	(3286, 31, 1, '2012-11-02', 0, '', NULL),
	(3287, 20, 1, '2012-11-02', 0, '', NULL),
	(3288, 36, 0, '2012-11-02', 1, '', NULL),
	(3289, 33, 1, '2012-11-02', 0, '', NULL),
	(3290, 25, 1, '2012-11-08', 0, 'No class ', NULL),
	(3291, 24, 1, '2012-11-08', 0, '', NULL),
	(3292, 26, 1, '2012-11-08', 0, '', NULL),
	(3293, 27, 1, '2012-11-08', 0, '', NULL),
	(3294, 34, 1, '2012-11-08', 0, '', NULL),
	(3295, 29, 1, '2012-11-08', 0, '', NULL),
	(3296, 30, 1, '2012-11-08', 0, '', NULL),
	(3297, 22, 1, '2012-11-08', 0, '', NULL),
	(3298, 21, 1, '2012-11-08', 0, '', NULL),
	(3299, 32, 1, '2012-11-08', 0, '', NULL),
	(3300, 35, 1, '2012-11-08', 0, '', NULL),
	(3301, 23, 1, '2012-11-08', 0, '', NULL),
	(3302, 28, 1, '2012-11-08', 0, '', NULL),
	(3303, 328, 1, '2012-11-08', 0, '', NULL),
	(3304, 329, 1, '2012-11-08', 0, '', NULL),
	(3305, 330, 1, '2012-11-08', 0, '', NULL),
	(3306, 331, 1, '2012-11-08', 0, '', NULL),
	(3307, 37, 1, '2012-11-08', 0, '', NULL),
	(3308, 31, 1, '2012-11-08', 0, '', NULL),
	(3309, 20, 1, '2012-11-08', 0, '', NULL),
	(3310, 36, 1, '2012-11-08', 0, '', NULL),
	(3311, 33, 1, '2012-11-08', 0, '', NULL),
	(3312, 25, 1, '2012-11-09', 0, 'No class', NULL),
	(3313, 24, 1, '2012-11-09', 0, '', NULL),
	(3314, 26, 1, '2012-11-09', 0, '', NULL),
	(3315, 27, 1, '2012-11-09', 0, '', NULL),
	(3316, 34, 1, '2012-11-09', 0, '', NULL),
	(3317, 29, 1, '2012-11-09', 0, '', NULL),
	(3318, 30, 1, '2012-11-09', 0, '', NULL),
	(3319, 22, 1, '2012-11-09', 0, '', NULL),
	(3320, 21, 1, '2012-11-09', 0, '', NULL),
	(3321, 32, 1, '2012-11-09', 0, '', NULL),
	(3322, 35, 1, '2012-11-09', 0, '', NULL),
	(3323, 23, 1, '2012-11-09', 0, '', NULL),
	(3324, 28, 1, '2012-11-09', 0, '', NULL),
	(3325, 328, 1, '2012-11-09', 0, '', NULL),
	(3326, 329, 1, '2012-11-09', 0, '', NULL),
	(3327, 330, 1, '2012-11-09', 0, '', NULL),
	(3328, 331, 1, '2012-11-09', 0, '', NULL),
	(3329, 37, 1, '2012-11-09', 0, '', NULL),
	(3330, 31, 1, '2012-11-09', 0, '', NULL),
	(3331, 20, 1, '2012-11-09', 0, '', NULL),
	(3332, 36, 1, '2012-11-09', 0, '', NULL),
	(3333, 33, 1, '2012-11-09', 0, '', NULL),
	(3334, 25, 1, '2012-11-15', 0, '', NULL),
	(3335, 24, 0, '2012-11-15', 1, '', NULL),
	(3336, 26, 0, '2012-11-15', 1, '', NULL),
	(3337, 27, 0, '2012-11-15', 1, '', NULL),
	(3338, 34, 1, '2012-11-15', 0, '', NULL),
	(3339, 29, 0, '2012-11-15', 1, '', NULL),
	(3340, 30, 0, '2012-11-15', 1, '', NULL),
	(3341, 22, 1, '2012-11-15', 0, '', NULL),
	(3342, 21, 0, '2012-11-15', 1, '', NULL),
	(3343, 32, 1, '2012-11-15', 0, '', NULL),
	(3344, 35, 1, '2012-11-15', 0, '', NULL),
	(3345, 23, 0, '2012-11-15', 1, '', NULL),
	(3346, 28, 0, '2012-11-15', 1, '', NULL),
	(3347, 328, 1, '2012-11-15', 0, '', NULL),
	(3348, 329, 0, '2012-11-15', 1, '', NULL),
	(3349, 330, 0, '2012-11-15', 1, '', NULL),
	(3350, 331, 0, '2012-11-15', 1, '', NULL),
	(3351, 37, 0, '2012-11-15', 1, '', NULL),
	(3352, 31, 1, '2012-11-15', 0, '', NULL),
	(3353, 20, 1, '2012-11-15', 0, '', NULL),
	(3354, 36, 0, '2012-11-15', 1, '', NULL),
	(3355, 33, 1, '2012-11-15', 0, '', NULL),
	(3356, 25, 1, '2012-11-16', 0, '', NULL),
	(3357, 24, 0, '2012-11-16', 1, '', NULL),
	(3358, 26, 0, '2012-11-16', 1, '', NULL),
	(3359, 27, 0, '2012-11-16', 1, '', NULL),
	(3360, 34, 1, '2012-11-16', 0, '', NULL),
	(3361, 29, 0, '2012-11-16', 1, '', NULL),
	(3362, 30, 0, '2012-11-16', 1, '', NULL),
	(3363, 22, 1, '2012-11-16', 0, '', NULL),
	(3364, 21, 0, '2012-11-16', 1, '', NULL),
	(3365, 32, 1, '2012-11-16', 0, '', NULL),
	(3366, 35, 1, '2012-11-16', 0, '', NULL),
	(3367, 23, 1, '2012-11-16', 0, '', NULL),
	(3368, 28, 0, '2012-11-16', 1, '', NULL),
	(3369, 328, 1, '2012-11-16', 0, '', NULL),
	(3370, 329, 0, '2012-11-16', 1, '', NULL),
	(3371, 330, 0, '2012-11-16', 1, '', NULL),
	(3372, 331, 0, '2012-11-16', 1, '', NULL),
	(3373, 37, 1, '2012-11-16', 0, '', NULL),
	(3374, 31, 1, '2012-11-16', 0, '', NULL),
	(3375, 20, 1, '2012-11-16', 0, '', NULL),
	(3376, 36, 0, '2012-11-16', 1, '', NULL),
	(3377, 33, 1, '2012-11-16', 0, '', NULL),
	(3378, 25, 1, '2012-11-22', 0, '', NULL),
	(3379, 24, 0, '2012-11-22', 1, '', NULL),
	(3380, 26, 0, '2012-11-22', 1, '', NULL),
	(3381, 27, 0, '2012-11-22', 1, '', NULL),
	(3382, 34, 1, '2012-11-22', 0, '', NULL),
	(3383, 29, 0, '2012-11-22', 1, '', NULL),
	(3384, 30, 0, '2012-11-22', 1, '', NULL),
	(3385, 22, 1, '2012-11-22', 0, '', NULL),
	(3386, 21, 0, '2012-11-22', 1, '', NULL),
	(3387, 32, 1, '2012-11-22', 0, '', NULL),
	(3388, 35, 1, '2012-11-22', 0, '', NULL),
	(3389, 23, 0, '2012-11-22', 1, '', NULL),
	(3390, 28, 1, '2012-11-22', 0, '', NULL),
	(3391, 328, 1, '2012-11-22', 0, '', NULL),
	(3392, 329, 0, '2012-11-22', 1, '', NULL),
	(3393, 330, 0, '2012-11-22', 1, '', NULL),
	(3394, 331, 0, '2012-11-22', 1, '', NULL),
	(3395, 37, 0, '2012-11-22', 1, '', NULL),
	(3396, 31, 1, '2012-11-22', 0, '', NULL),
	(3397, 20, 1, '2012-11-22', 0, '', NULL),
	(3398, 36, 0, '2012-11-22', 1, '', NULL),
	(3399, 33, 1, '2012-11-22', 0, '', NULL),
	(3400, 389, 0, '2012-11-11', 1, '', NULL),
	(3401, 314, 0, '2012-11-11', 1, '', NULL),
	(3402, 315, 0, '2012-11-11', 1, '', NULL),
	(3403, 312, 0, '2012-11-11', 1, '', NULL),
	(3404, 308, 0, '2012-11-11', 1, '', NULL),
	(3405, 317, 1, '2012-11-11', 0, '', NULL),
	(3406, 310, 0, '2012-11-11', 1, '', NULL),
	(3407, 319, 1, '2012-11-11', 0, '', NULL),
	(3408, 313, 0, '2012-11-11', 1, '', NULL),
	(3409, 307, 0, '2012-11-11', 1, '', NULL),
	(3410, 309, 0, '2012-11-11', 1, '', NULL),
	(3411, 318, 0, '2012-11-11', 1, '', NULL),
	(3412, 311, 0, '2012-11-11', 1, '', NULL),
	(3413, 389, 1, '2012-11-18', 0, '', NULL),
	(3414, 314, 0, '2012-11-18', 1, '', NULL),
	(3415, 315, 0, '2012-11-18', 1, '', NULL),
	(3416, 312, 0, '2012-11-18', 1, '', NULL),
	(3417, 308, 0, '2012-11-18', 1, '', NULL),
	(3418, 317, 0, '2012-11-18', 1, '', NULL),
	(3419, 310, 0, '2012-11-18', 1, '', NULL),
	(3420, 319, 0, '2012-11-18', 1, '', NULL),
	(3421, 313, 0, '2012-11-18', 1, '', NULL),
	(3422, 307, 0, '2012-11-18', 1, '', NULL),
	(3423, 309, 0, '2012-11-18', 1, '', NULL),
	(3424, 318, 0, '2012-11-18', 1, '', NULL),
	(3425, 311, 0, '2012-11-18', 1, '', NULL),
	(3426, 25, 1, '2012-08-02', 0, '', NULL),
	(3427, 24, 1, '2012-08-02', 0, '', NULL),
	(3428, 26, 1, '2012-08-02', 0, '', NULL),
	(3429, 27, 1, '2012-08-02', 0, '', NULL),
	(3430, 34, 1, '2012-08-02', 0, '', NULL),
	(3431, 29, 1, '2012-08-02', 0, '', NULL),
	(3432, 30, 1, '2012-08-02', 0, '', NULL),
	(3433, 22, 1, '2012-08-02', 0, '', NULL),
	(3434, 21, 1, '2012-08-02', 0, '', NULL),
	(3435, 32, 1, '2012-08-02', 0, '', NULL),
	(3436, 35, 1, '2012-08-02', 0, '', NULL),
	(3437, 23, 1, '2012-08-02', 0, '', NULL),
	(3438, 28, 1, '2012-08-02', 0, '', NULL),
	(3439, 328, 1, '2012-08-02', 0, '', NULL),
	(3440, 329, 1, '2012-08-02', 0, '', NULL),
	(3441, 330, 1, '2012-08-02', 0, '', NULL),
	(3442, 331, 1, '2012-08-02', 0, '', NULL),
	(3443, 37, 1, '2012-08-02', 0, '', NULL),
	(3444, 31, 1, '2012-08-02', 0, '', NULL),
	(3445, 20, 1, '2012-08-02', 0, '', NULL),
	(3446, 36, 1, '2012-08-02', 0, '', NULL),
	(3447, 33, 1, '2012-08-02', 0, '', NULL),
	(3448, 389, 1, '2012-07-13', 0, 'No class', NULL),
	(3449, 314, 1, '2012-07-13', 0, '', NULL),
	(3450, 315, 1, '2012-07-13', 0, '', NULL),
	(3451, 312, 1, '2012-07-13', 0, '', NULL),
	(3452, 308, 1, '2012-07-13', 0, '', NULL),
	(3453, 317, 1, '2012-07-13', 0, '', NULL),
	(3454, 310, 1, '2012-07-13', 0, '', NULL),
	(3455, 319, 1, '2012-07-13', 0, '', NULL),
	(3456, 313, 1, '2012-07-13', 0, '', NULL),
	(3457, 307, 1, '2012-07-13', 0, '', NULL),
	(3458, 309, 1, '2012-07-13', 0, '', NULL),
	(3459, 318, 1, '2012-07-13', 0, '', NULL),
	(3460, 311, 1, '2012-07-13', 0, '', NULL),
	(3461, 389, 0, '2012-12-02', 1, '', NULL),
	(3462, 314, 1, '2012-12-02', 0, '', NULL),
	(3463, 315, 0, '2012-12-02', 1, '', NULL),
	(3464, 312, 0, '2012-12-02', 1, '', NULL),
	(3465, 308, 0, '2012-12-02', 1, '', NULL),
	(3466, 317, 0, '2012-12-02', 1, '', NULL),
	(3467, 310, 0, '2012-12-02', 1, '', NULL),
	(3468, 319, 1, '2012-12-02', 0, '', NULL),
	(3469, 313, 0, '2012-12-02', 1, '', NULL),
	(3470, 307, 0, '2012-12-02', 1, '', NULL),
	(3471, 309, 0, '2012-12-02', 1, '', NULL),
	(3472, 318, 0, '2012-12-02', 1, '', NULL),
	(3473, 311, 0, '2012-12-02', 1, '', NULL),
	(3474, 389, 0, '2012-12-16', 1, '', NULL),
	(3475, 314, 1, '2012-12-16', 0, '', NULL),
	(3476, 315, 1, '2012-12-16', 0, '', NULL),
	(3477, 312, 0, '2012-12-16', 1, '', NULL),
	(3478, 308, 0, '2012-12-16', 1, '', NULL),
	(3479, 317, 0, '2012-12-16', 1, '', NULL),
	(3480, 310, 0, '2012-12-16', 1, '', NULL),
	(3481, 319, 0, '2012-12-16', 1, '', NULL),
	(3482, 313, 0, '2012-12-16', 1, '', NULL),
	(3483, 307, 0, '2012-12-16', 1, '', NULL),
	(3484, 309, 0, '2012-12-16', 1, '', NULL),
	(3485, 318, 0, '2012-12-16', 1, '', NULL),
	(3486, 311, 0, '2012-12-16', 1, '', NULL),
	(3487, 389, 1, '2012-12-09', 0, 'No class', NULL),
	(3488, 314, 1, '2012-12-09', 0, '', NULL),
	(3489, 315, 1, '2012-12-09', 0, '', NULL),
	(3490, 312, 1, '2012-12-09', 0, '', NULL),
	(3491, 308, 1, '2012-12-09', 0, '', NULL),
	(3492, 317, 1, '2012-12-09', 0, '', NULL),
	(3493, 310, 1, '2012-12-09', 0, '', NULL),
	(3494, 319, 1, '2012-12-09', 0, '', NULL),
	(3495, 313, 1, '2012-12-09', 0, '', NULL),
	(3496, 307, 1, '2012-12-09', 0, '', NULL),
	(3497, 309, 1, '2012-12-09', 0, '', NULL),
	(3498, 318, 1, '2012-12-09', 0, '', NULL),
	(3499, 311, 1, '2012-12-09', 0, '', NULL),
	(3500, 25, 1, '2012-10-04', 0, '', NULL),
	(3501, 24, 0, '2012-10-04', 1, '', NULL),
	(3502, 26, 0, '2012-10-04', 1, '', NULL),
	(3503, 27, 0, '2012-10-04', 1, '', NULL),
	(3504, 34, 0, '2012-10-04', 1, '', NULL),
	(3505, 29, 0, '2012-10-04', 1, '', NULL),
	(3506, 30, 0, '2012-10-04', 1, '', NULL),
	(3507, 21, 0, '2012-10-04', 1, '', NULL),
	(3508, 32, 1, '2012-10-04', 0, '', NULL),
	(3509, 35, 1, '2012-10-04', 0, '', NULL),
	(3510, 23, 0, '2012-10-04', 1, '', NULL),
	(3511, 28, 0, '2012-10-04', 1, '', NULL),
	(3512, 328, 0, '2012-10-04', 1, '', NULL),
	(3513, 329, 1, '2012-10-04', 0, '', NULL),
	(3514, 330, 0, '2012-10-04', 1, '', NULL),
	(3515, 331, 0, '2012-10-04', 1, '', NULL),
	(3516, 37, 0, '2012-10-04', 1, '', NULL),
	(3517, 31, 1, '2012-10-04', 0, '', NULL),
	(3518, 20, 1, '2012-10-04', 0, '', NULL),
	(3519, 36, 0, '2012-10-04', 1, '', NULL),
	(3520, 22, 0, '2012-10-04', 1, '', NULL),
	(3521, 33, 1, '2012-10-04', 0, '', NULL),
	(3522, 25, 1, '2012-10-05', 0, '', NULL),
	(3523, 24, 0, '2012-10-05', 1, '', NULL),
	(3524, 26, 0, '2012-10-05', 1, '', NULL),
	(3525, 27, 0, '2012-10-05', 1, '', NULL),
	(3526, 34, 1, '2012-10-05', 0, '', NULL),
	(3527, 29, 0, '2012-10-05', 1, '', NULL),
	(3528, 30, 0, '2012-10-05', 1, '', NULL),
	(3529, 21, 0, '2012-10-05', 1, '', NULL),
	(3530, 32, 1, '2012-10-05', 0, '', NULL),
	(3531, 35, 1, '2012-10-05', 0, '', NULL),
	(3532, 23, 0, '2012-10-05', 1, '', NULL),
	(3533, 28, 0, '2012-10-05', 1, '', NULL),
	(3534, 328, 0, '2012-10-05', 1, '', NULL),
	(3535, 329, 1, '2012-10-05', 0, '', NULL),
	(3536, 330, 0, '2012-10-05', 1, '', NULL),
	(3537, 331, 0, '2012-10-05', 1, '', NULL),
	(3538, 37, 0, '2012-10-05', 1, '', NULL),
	(3539, 31, 1, '2012-10-05', 0, '', NULL),
	(3540, 20, 1, '2012-10-05', 0, '', NULL),
	(3541, 36, 0, '2012-10-05', 1, '', NULL),
	(3542, 22, 0, '2012-10-05', 1, '', NULL),
	(3543, 33, 1, '2012-10-05', 0, '', NULL),
	(3544, 25, 1, '2012-10-11', 0, '', NULL),
	(3545, 24, 0, '2012-10-11', 1, '', NULL),
	(3546, 26, 0, '2012-10-11', 1, '', NULL),
	(3547, 27, 0, '2012-10-11', 1, '', NULL),
	(3548, 34, 1, '2012-10-11', 0, '', NULL),
	(3549, 29, 0, '2012-10-11', 1, '', NULL),
	(3550, 30, 0, '2012-10-11', 1, '', NULL),
	(3551, 21, 0, '2012-10-11', 1, '', NULL),
	(3552, 32, 1, '2012-10-11', 0, '', NULL),
	(3553, 35, 1, '2012-10-11', 0, '', NULL),
	(3554, 23, 0, '2012-10-11', 1, '', NULL),
	(3555, 28, 0, '2012-10-11', 1, '', NULL),
	(3556, 328, 0, '2012-10-11', 1, '', NULL),
	(3557, 329, 1, '2012-10-11', 0, '', NULL),
	(3558, 330, 0, '2012-10-11', 1, '', NULL),
	(3559, 331, 0, '2012-10-11', 1, '', NULL),
	(3560, 37, 0, '2012-10-11', 1, '', NULL),
	(3561, 31, 1, '2012-10-11', 0, '', NULL),
	(3562, 20, 1, '2012-10-11', 0, '', NULL),
	(3563, 36, 0, '2012-10-11', 1, '', NULL),
	(3564, 22, 0, '2012-10-11', 1, '', NULL),
	(3565, 33, 1, '2012-10-11', 0, '', NULL),
	(3566, 25, 1, '2012-10-12', 0, '', NULL),
	(3567, 24, 0, '2012-10-12', 1, '', NULL),
	(3568, 26, 0, '2012-10-12', 1, '', NULL),
	(3569, 27, 0, '2012-10-12', 1, '', NULL),
	(3570, 34, 1, '2012-10-12', 0, '', NULL),
	(3571, 29, 0, '2012-10-12', 1, '', NULL),
	(3572, 30, 0, '2012-10-12', 1, '', NULL),
	(3573, 21, 0, '2012-10-12', 1, '', NULL),
	(3574, 32, 1, '2012-10-12', 0, '', NULL),
	(3575, 35, 1, '2012-10-12', 0, '', NULL),
	(3576, 23, 0, '2012-10-12', 1, '', NULL),
	(3577, 28, 0, '2012-10-12', 1, '', NULL),
	(3578, 328, 0, '2012-10-12', 1, '', NULL),
	(3579, 329, 1, '2012-10-12', 0, '', NULL),
	(3580, 330, 0, '2012-10-12', 1, '', NULL),
	(3581, 331, 0, '2012-10-12', 1, '', NULL),
	(3582, 37, 0, '2012-10-12', 1, '', NULL),
	(3583, 31, 1, '2012-10-12', 0, '', NULL),
	(3584, 20, 1, '2012-10-12', 0, '', NULL),
	(3585, 36, 0, '2012-10-12', 1, '', NULL),
	(3586, 22, 0, '2012-10-12', 1, '', NULL),
	(3587, 33, 1, '2012-10-12', 0, '', NULL),
	(3588, 25, 1, '2012-10-18', 0, '', NULL),
	(3589, 24, 0, '2012-10-18', 1, '', NULL),
	(3590, 26, 0, '2012-10-18', 1, '', NULL),
	(3591, 27, 0, '2012-10-18', 1, '', NULL),
	(3592, 34, 1, '2012-10-18', 0, '', NULL),
	(3593, 29, 0, '2012-10-18', 1, '', NULL),
	(3594, 30, 0, '2012-10-18', 1, '', NULL),
	(3595, 21, 0, '2012-10-18', 1, '', NULL),
	(3596, 32, 1, '2012-10-18', 0, '', NULL),
	(3597, 35, 1, '2012-10-18', 0, '', NULL),
	(3598, 23, 0, '2012-10-18', 1, '', NULL),
	(3599, 28, 0, '2012-10-18', 1, '', NULL),
	(3600, 328, 0, '2012-10-18', 1, '', NULL),
	(3601, 329, 1, '2012-10-18', 0, '', NULL),
	(3602, 330, 0, '2012-10-18', 1, '', NULL),
	(3603, 331, 0, '2012-10-18', 1, '', NULL),
	(3604, 37, 0, '2012-10-18', 1, '', NULL),
	(3605, 31, 1, '2012-10-18', 0, '', NULL),
	(3606, 20, 1, '2012-10-18', 0, '', NULL),
	(3607, 36, 0, '2012-10-18', 1, '', NULL),
	(3608, 22, 0, '2012-10-18', 1, '', NULL),
	(3609, 33, 1, '2012-10-18', 0, '', NULL),
	(3610, 25, 1, '2012-10-19', 0, '', NULL),
	(3611, 24, 0, '2012-10-19', 1, '', NULL),
	(3612, 26, 0, '2012-10-19', 1, '', NULL),
	(3613, 27, 0, '2012-10-19', 1, '', NULL),
	(3614, 34, 1, '2012-10-19', 0, '', NULL),
	(3615, 29, 0, '2012-10-19', 1, '', NULL),
	(3616, 30, 0, '2012-10-19', 1, '', NULL),
	(3617, 21, 0, '2012-10-19', 1, '', NULL),
	(3618, 32, 1, '2012-10-19', 0, '', NULL),
	(3619, 35, 1, '2012-10-19', 0, '', NULL),
	(3620, 23, 0, '2012-10-19', 1, '', NULL),
	(3621, 28, 0, '2012-10-19', 1, '', NULL),
	(3622, 328, 0, '2012-10-19', 1, '', NULL),
	(3623, 329, 1, '2012-10-19', 0, '', NULL),
	(3624, 330, 0, '2012-10-19', 1, '', NULL),
	(3625, 331, 0, '2012-10-19', 1, '', NULL),
	(3626, 37, 0, '2012-10-19', 1, '', NULL),
	(3627, 31, 1, '2012-10-19', 0, '', NULL),
	(3628, 20, 1, '2012-10-19', 0, '', NULL),
	(3629, 36, 0, '2012-10-19', 1, '', NULL),
	(3630, 22, 0, '2012-10-19', 1, '', NULL),
	(3631, 33, 1, '2012-10-19', 0, '', NULL),
	(3632, 25, 1, '2012-11-30', 0, '', NULL),
	(3633, 24, 0, '2012-11-30', 1, '', NULL),
	(3634, 26, 0, '2012-11-30', 1, '', NULL),
	(3635, 27, 0, '2012-11-30', 1, '', NULL),
	(3636, 34, 1, '2012-11-30', 0, '', NULL),
	(3637, 29, 0, '2012-11-30', 1, '', NULL),
	(3638, 30, 0, '2012-11-30', 1, '', NULL),
	(3639, 21, 0, '2012-11-30', 1, '', NULL),
	(3640, 32, 1, '2012-11-30', 0, '', NULL),
	(3641, 35, 1, '2012-11-30', 0, '', NULL),
	(3642, 23, 0, '2012-11-30', 1, '', NULL),
	(3643, 28, 0, '2012-11-30', 1, '', NULL),
	(3644, 328, 0, '2012-11-30', 1, '', NULL),
	(3645, 329, 1, '2012-11-30', 0, '', NULL),
	(3646, 330, 0, '2012-11-30', 1, '', NULL),
	(3647, 331, 0, '2012-11-30', 1, '', NULL),
	(3648, 37, 0, '2012-11-30', 1, '', NULL),
	(3649, 31, 1, '2012-11-30', 0, '', NULL),
	(3650, 20, 1, '2012-11-30', 0, '', NULL),
	(3651, 36, 0, '2012-11-30', 1, '', NULL),
	(3652, 22, 0, '2012-11-30', 1, '', NULL),
	(3653, 33, 1, '2012-11-30', 0, '', NULL),
	(3654, 25, 1, '2012-11-29', 0, '', NULL),
	(3655, 24, 0, '2012-11-29', 1, '', NULL),
	(3656, 26, 0, '2012-11-29', 1, '', NULL),
	(3657, 27, 0, '2012-11-29', 1, '', NULL),
	(3658, 34, 1, '2012-11-29', 0, '', NULL),
	(3659, 29, 0, '2012-11-29', 1, '', NULL),
	(3660, 30, 0, '2012-11-29', 1, '', NULL),
	(3661, 21, 0, '2012-11-29', 1, '', NULL),
	(3662, 32, 1, '2012-11-29', 0, '', NULL),
	(3663, 35, 1, '2012-11-29', 0, '', NULL),
	(3664, 23, 0, '2012-11-29', 1, '', NULL),
	(3665, 28, 0, '2012-11-29', 1, '', NULL),
	(3666, 328, 0, '2012-11-29', 1, '', NULL),
	(3667, 329, 1, '2012-11-29', 0, '', NULL),
	(3668, 330, 0, '2012-11-29', 1, '', NULL),
	(3669, 331, 0, '2012-11-29', 1, '', NULL),
	(3670, 37, 0, '2012-11-29', 1, '', NULL),
	(3671, 31, 1, '2012-11-29', 0, '', NULL),
	(3672, 20, 1, '2012-11-29', 0, '', NULL),
	(3673, 36, 0, '2012-11-29', 1, '', NULL),
	(3674, 22, 0, '2012-11-29', 1, '', NULL),
	(3675, 33, 1, '2012-11-29', 0, '', NULL),
	(3676, 25, 1, '2012-11-23', 0, '', NULL),
	(3677, 24, 0, '2012-11-23', 1, '', NULL),
	(3678, 26, 0, '2012-11-23', 1, '', NULL),
	(3679, 27, 0, '2012-11-23', 1, '', NULL),
	(3680, 34, 1, '2012-11-23', 0, '', NULL),
	(3681, 29, 0, '2012-11-23', 1, '', NULL),
	(3682, 30, 0, '2012-11-23', 1, '', NULL),
	(3683, 21, 0, '2012-11-23', 1, '', NULL),
	(3684, 32, 1, '2012-11-23', 0, '', NULL),
	(3685, 35, 1, '2012-11-23', 0, '', NULL),
	(3686, 23, 0, '2012-11-23', 1, '', NULL),
	(3687, 28, 0, '2012-11-23', 1, '', NULL),
	(3688, 328, 0, '2012-11-23', 1, '', NULL),
	(3689, 329, 1, '2012-11-23', 0, '', NULL),
	(3690, 330, 0, '2012-11-23', 1, '', NULL),
	(3691, 331, 0, '2012-11-23', 1, '', NULL),
	(3692, 37, 0, '2012-11-23', 1, '', NULL),
	(3693, 31, 1, '2012-11-23', 0, '', NULL),
	(3694, 20, 1, '2012-11-23', 0, '', NULL),
	(3695, 36, 1, '2012-11-23', 0, '', NULL),
	(3696, 22, 0, '2012-11-23', 1, '', NULL),
	(3697, 33, 1, '2012-11-23', 0, '', NULL),
	(3698, 25, 1, '2012-12-06', 0, '', NULL),
	(3699, 24, 0, '2012-12-06', 1, '', NULL),
	(3700, 26, 0, '2012-12-06', 1, '', NULL),
	(3701, 27, 0, '2012-12-06', 1, '', NULL),
	(3702, 34, 1, '2012-12-06', 0, '', NULL),
	(3703, 29, 0, '2012-12-06', 1, '', NULL),
	(3704, 30, 0, '2012-12-06', 1, '', NULL),
	(3705, 21, 0, '2012-12-06', 1, '', NULL),
	(3706, 32, 1, '2012-12-06', 0, '', NULL),
	(3707, 35, 1, '2012-12-06', 0, '', NULL),
	(3708, 23, 0, '2012-12-06', 1, '', NULL),
	(3709, 28, 0, '2012-12-06', 1, '', NULL),
	(3710, 328, 0, '2012-12-06', 1, '', NULL),
	(3711, 329, 1, '2012-12-06', 0, '', NULL),
	(3712, 330, 0, '2012-12-06', 1, '', NULL),
	(3713, 331, 0, '2012-12-06', 1, '', NULL),
	(3714, 37, 0, '2012-12-06', 1, '', NULL),
	(3715, 31, 1, '2012-12-06', 0, '', NULL),
	(3716, 20, 1, '2012-12-06', 0, '', NULL),
	(3717, 36, 0, '2012-12-06', 1, '', NULL),
	(3718, 22, 0, '2012-12-06', 1, '', NULL),
	(3719, 33, 1, '2012-12-06', 0, '', NULL),
	(3720, 25, 1, '2012-12-07', 0, '', NULL),
	(3721, 24, 0, '2012-12-07', 1, '', NULL),
	(3722, 26, 0, '2012-12-07', 1, '', NULL),
	(3723, 27, 0, '2012-12-07', 1, '', NULL),
	(3724, 34, 1, '2012-12-07', 0, '', NULL),
	(3725, 29, 1, '2012-12-07', 0, '', NULL),
	(3726, 30, 1, '2012-12-07', 0, '', NULL),
	(3727, 21, 0, '2012-12-07', 1, '', NULL),
	(3728, 32, 1, '2012-12-07', 0, '', NULL),
	(3729, 35, 1, '2012-12-07', 0, '', NULL),
	(3730, 23, 0, '2012-12-07', 1, '', NULL),
	(3731, 28, 0, '2012-12-07', 1, '', NULL),
	(3732, 328, 0, '2012-12-07', 1, '', NULL),
	(3733, 329, 1, '2012-12-07', 0, '', NULL),
	(3734, 330, 0, '2012-12-07', 1, '', NULL),
	(3735, 331, 0, '2012-12-07', 1, '', NULL),
	(3736, 37, 0, '2012-12-07', 1, '', NULL),
	(3737, 31, 1, '2012-12-07', 0, '', NULL),
	(3738, 20, 1, '2012-12-07', 0, '', NULL),
	(3739, 36, 1, '2012-12-07', 0, '', NULL),
	(3740, 22, 0, '2012-12-07', 1, '', NULL),
	(3741, 33, 1, '2012-12-07', 0, '', NULL),
	(3742, 25, 1, '2012-12-13', 0, '', NULL),
	(3743, 24, 0, '2012-12-13', 1, '', NULL),
	(3744, 26, 0, '2012-12-13', 1, '', NULL),
	(3745, 27, 0, '2012-12-13', 1, '', NULL),
	(3746, 34, 1, '2012-12-13', 0, '', NULL),
	(3747, 29, 0, '2012-12-13', 1, '', NULL),
	(3748, 30, 0, '2012-12-13', 1, '', NULL),
	(3749, 21, 1, '2012-12-13', 0, '', NULL),
	(3750, 32, 1, '2012-12-13', 0, '', NULL),
	(3751, 35, 1, '2012-12-13', 0, '', NULL),
	(3752, 23, 0, '2012-12-13', 1, '', NULL),
	(3753, 28, 0, '2012-12-13', 1, '', NULL),
	(3754, 328, 0, '2012-12-13', 1, '', NULL),
	(3755, 329, 1, '2012-12-13', 0, '', NULL),
	(3756, 330, 0, '2012-12-13', 1, '', NULL),
	(3757, 331, 0, '2012-12-13', 1, '', NULL),
	(3758, 37, 0, '2012-12-13', 1, '', NULL),
	(3759, 31, 1, '2012-12-13', 0, '', NULL),
	(3760, 20, 1, '2012-12-13', 0, '', NULL),
	(3761, 36, 1, '2012-12-13', 0, '', NULL),
	(3762, 22, 0, '2012-12-13', 1, '', NULL),
	(3763, 33, 1, '2012-12-13', 0, '', NULL),
	(3764, 25, 1, '2012-12-14', 0, '', NULL),
	(3765, 24, 0, '2012-12-14', 1, '', NULL),
	(3766, 26, 0, '2012-12-14', 1, '', NULL),
	(3767, 27, 0, '2012-12-14', 1, '', NULL),
	(3768, 34, 1, '2012-12-14', 0, '', NULL),
	(3769, 29, 0, '2012-12-14', 1, '', NULL),
	(3770, 30, 0, '2012-12-14', 1, '', NULL),
	(3771, 21, 0, '2012-12-14', 1, '', NULL),
	(3772, 32, 1, '2012-12-14', 0, '', NULL),
	(3773, 35, 1, '2012-12-14', 0, '', NULL),
	(3774, 23, 0, '2012-12-14', 1, '', NULL),
	(3775, 28, 0, '2012-12-14', 1, '', NULL),
	(3776, 328, 0, '2012-12-14', 1, '', NULL),
	(3777, 329, 1, '2012-12-14', 0, '', NULL),
	(3778, 330, 0, '2012-12-14', 1, '', NULL),
	(3779, 331, 0, '2012-12-14', 1, '', NULL),
	(3780, 37, 0, '2012-12-14', 1, '', NULL),
	(3781, 31, 1, '2012-12-14', 0, '', NULL),
	(3782, 20, 1, '2012-12-14', 0, '', NULL),
	(3783, 36, 0, '2012-12-14', 1, '', NULL),
	(3784, 22, 0, '2012-12-14', 1, '', NULL),
	(3785, 33, 1, '2012-12-14', 0, '', NULL),
	(3786, 446, 0, '2012-11-07', 1, '', NULL),
	(3787, 461, 0, '2012-11-07', 1, '', NULL),
	(3788, 456, 0, '2012-11-07', 1, '', NULL),
	(3789, 459, 0, '2012-11-07', 1, '', NULL),
	(3790, 447, 0, '2012-11-07', 1, '', NULL),
	(3791, 464, 0, '2012-11-07', 1, '', NULL),
	(3792, 450, 0, '2012-11-07', 1, '', NULL),
	(3793, 460, 0, '2012-11-07', 1, '', NULL),
	(3794, 445, 0, '2012-11-07', 1, '', NULL),
	(3795, 451, 0, '2012-11-07', 1, '', NULL),
	(3796, 453, 0, '2012-11-07', 1, '', NULL),
	(3797, 462, 0, '2012-11-07', 1, '', NULL),
	(3798, 454, 0, '2012-11-07', 1, '', NULL),
	(3799, 466, 0, '2012-11-07', 1, '', NULL),
	(3800, 449, 0, '2012-11-07', 1, '', NULL),
	(3801, 448, 0, '2012-11-07', 1, '', NULL),
	(3802, 452, 0, '2012-11-07', 1, '', NULL),
	(3803, 457, 0, '2012-11-07', 1, '', NULL),
	(3804, 458, 0, '2012-11-07', 1, '', NULL),
	(3805, 455, 0, '2012-11-07', 1, '', NULL),
	(3806, 463, 0, '2012-11-07', 1, '', NULL),
	(3807, 465, 0, '2012-11-07', 1, '', NULL),
	(3808, 446, 0, '2012-11-14', 1, '', NULL),
	(3809, 461, 0, '2012-11-14', 1, '', NULL),
	(3810, 456, 0, '2012-11-14', 1, '', NULL),
	(3811, 459, 0, '2012-11-14', 1, '', NULL),
	(3812, 447, 0, '2012-11-14', 1, '', NULL),
	(3813, 464, 0, '2012-11-14', 1, '', NULL),
	(3814, 450, 0, '2012-11-14', 1, '', NULL),
	(3815, 460, 0, '2012-11-14', 1, '', NULL),
	(3816, 445, 0, '2012-11-14', 1, '', NULL),
	(3817, 451, 0, '2012-11-14', 1, '', NULL),
	(3818, 453, 0, '2012-11-14', 1, '', NULL),
	(3819, 462, 0, '2012-11-14', 1, '', NULL),
	(3820, 454, 0, '2012-11-14', 1, '', NULL),
	(3821, 466, 0, '2012-11-14', 1, '', NULL),
	(3822, 449, 0, '2012-11-14', 1, '', NULL),
	(3823, 448, 0, '2012-11-14', 1, '', NULL),
	(3824, 452, 0, '2012-11-14', 1, '', NULL),
	(3825, 457, 0, '2012-11-14', 1, '', NULL),
	(3826, 458, 0, '2012-11-14', 1, '', NULL),
	(3827, 455, 0, '2012-11-14', 1, '', NULL),
	(3828, 463, 0, '2012-11-14', 1, '', NULL),
	(3829, 465, 0, '2012-11-14', 1, '', NULL),
	(3830, 446, 1, '2012-11-21', 0, 'No class because class room teach busy.', NULL),
	(3831, 461, 1, '2012-11-21', 0, '', NULL),
	(3832, 456, 1, '2012-11-21', 0, '', NULL),
	(3833, 459, 1, '2012-11-21', 0, '', NULL),
	(3834, 447, 1, '2012-11-21', 0, '', NULL),
	(3835, 464, 1, '2012-11-21', 0, '', NULL),
	(3836, 450, 1, '2012-11-21', 0, '', NULL),
	(3837, 460, 1, '2012-11-21', 0, '', NULL),
	(3838, 445, 1, '2012-11-21', 0, '', NULL),
	(3839, 451, 1, '2012-11-21', 0, '', NULL),
	(3840, 453, 1, '2012-11-21', 0, '', NULL),
	(3841, 462, 1, '2012-11-21', 0, '', NULL),
	(3842, 454, 1, '2012-11-21', 0, '', NULL),
	(3843, 466, 1, '2012-11-21', 0, '', NULL),
	(3844, 449, 1, '2012-11-21', 0, '', NULL),
	(3845, 448, 1, '2012-11-21', 0, '', NULL),
	(3846, 452, 1, '2012-11-21', 0, '', NULL),
	(3847, 457, 1, '2012-11-21', 0, '', NULL),
	(3848, 458, 1, '2012-11-21', 0, '', NULL),
	(3849, 455, 1, '2012-11-21', 0, '', NULL),
	(3850, 463, 1, '2012-11-21', 0, '', NULL),
	(3851, 465, 1, '2012-11-21', 0, '', NULL),
	(3852, 446, 0, '2012-11-28', 1, '', NULL),
	(3853, 461, 0, '2012-11-28', 1, '', NULL),
	(3854, 456, 0, '2012-11-28', 1, '', NULL),
	(3855, 459, 0, '2012-11-28', 1, '', NULL),
	(3856, 447, 0, '2012-11-28', 1, '', NULL),
	(3857, 464, 0, '2012-11-28', 1, '', NULL),
	(3858, 450, 0, '2012-11-28', 1, '', NULL),
	(3859, 460, 0, '2012-11-28', 1, '', NULL),
	(3860, 445, 0, '2012-11-28', 1, '', NULL),
	(3861, 451, 0, '2012-11-28', 1, '', NULL),
	(3862, 453, 0, '2012-11-28', 1, '', NULL),
	(3863, 462, 0, '2012-11-28', 1, '', NULL),
	(3864, 454, 0, '2012-11-28', 1, '', NULL),
	(3865, 466, 0, '2012-11-28', 1, '', NULL),
	(3866, 449, 0, '2012-11-28', 1, '', NULL),
	(3867, 448, 0, '2012-11-28', 1, '', NULL),
	(3868, 452, 0, '2012-11-28', 1, '', NULL),
	(3869, 457, 0, '2012-11-28', 1, '', NULL),
	(3870, 458, 0, '2012-11-28', 1, '', NULL),
	(3871, 455, 0, '2012-11-28', 1, '', NULL),
	(3872, 463, 0, '2012-11-28', 1, '', NULL),
	(3873, 465, 0, '2012-11-28', 1, '', NULL),
	(3874, 446, 0, '2012-12-05', 1, '', NULL),
	(3875, 461, 0, '2012-12-05', 1, '', NULL),
	(3876, 456, 0, '2012-12-05', 1, '', NULL),
	(3877, 459, 0, '2012-12-05', 1, '', NULL),
	(3878, 447, 0, '2012-12-05', 1, '', NULL),
	(3879, 464, 0, '2012-12-05', 1, '', NULL),
	(3880, 450, 0, '2012-12-05', 1, '', NULL),
	(3881, 460, 0, '2012-12-05', 1, '', NULL),
	(3882, 445, 0, '2012-12-05', 1, '', NULL),
	(3883, 451, 0, '2012-12-05', 1, '', NULL),
	(3884, 453, 0, '2012-12-05', 1, '', NULL),
	(3885, 462, 0, '2012-12-05', 1, '', NULL),
	(3886, 454, 0, '2012-12-05', 1, '', NULL),
	(3887, 466, 0, '2012-12-05', 1, '', NULL),
	(3888, 449, 0, '2012-12-05', 1, '', NULL),
	(3889, 448, 0, '2012-12-05', 1, '', NULL),
	(3890, 452, 0, '2012-12-05', 1, '', NULL),
	(3891, 457, 0, '2012-12-05', 1, '', NULL),
	(3892, 458, 0, '2012-12-05', 1, '', NULL),
	(3893, 455, 0, '2012-12-05', 1, '', NULL),
	(3894, 463, 0, '2012-12-05', 1, '', NULL),
	(3895, 465, 0, '2012-12-05', 1, '', NULL),
	(3896, 243, 0, '2012-10-07', 1, '', NULL),
	(3897, 249, 0, '2012-10-07', 1, '', NULL),
	(3898, 251, 0, '2012-10-07', 1, '', NULL),
	(3899, 248, 0, '2012-10-07', 1, '', NULL),
	(3900, 421, 0, '2012-10-07', 1, '', NULL),
	(3901, 246, 0, '2012-10-07', 1, '', NULL),
	(3902, 422, 0, '2012-10-07', 1, '', NULL),
	(3903, 247, 0, '2012-10-07', 1, '', NULL),
	(3904, 245, 0, '2012-10-07', 1, '', NULL),
	(3905, 244, 0, '2012-10-07', 1, '', NULL),
	(3906, 250, 0, '2012-10-07', 1, '', NULL),
	(3907, 423, 0, '2012-10-07', 1, '', NULL),
	(3908, 242, 0, '2012-10-07', 1, '', NULL),
	(3909, 252, 0, '2012-10-07', 1, '', NULL),
	(3910, 243, 0, '2012-10-14', 1, '', NULL),
	(3911, 249, 0, '2012-10-14', 1, '', NULL),
	(3912, 251, 0, '2012-10-14', 1, '', NULL),
	(3913, 248, 0, '2012-10-14', 1, '', NULL),
	(3914, 421, 0, '2012-10-14', 1, '', NULL),
	(3915, 246, 0, '2012-10-14', 1, '', NULL),
	(3916, 422, 0, '2012-10-14', 1, '', NULL),
	(3917, 247, 0, '2012-10-14', 1, '', NULL),
	(3918, 245, 0, '2012-10-14', 1, '', NULL),
	(3919, 244, 0, '2012-10-14', 1, '', NULL),
	(3920, 250, 0, '2012-10-14', 1, '', NULL),
	(3921, 423, 0, '2012-10-14', 1, '', NULL),
	(3922, 242, 0, '2012-10-14', 1, '', NULL),
	(3923, 252, 0, '2012-10-14', 1, '', NULL),
	(3924, 243, 0, '2012-10-21', 1, '', NULL),
	(3925, 249, 0, '2012-10-21', 1, '', NULL),
	(3926, 251, 0, '2012-10-21', 1, '', NULL),
	(3927, 248, 0, '2012-10-21', 1, '', NULL),
	(3928, 421, 0, '2012-10-21', 1, '', NULL),
	(3929, 246, 0, '2012-10-21', 1, '', NULL),
	(3930, 422, 0, '2012-10-21', 1, '', NULL),
	(3931, 247, 0, '2012-10-21', 1, '', NULL),
	(3932, 245, 0, '2012-10-21', 1, '', NULL),
	(3933, 244, 0, '2012-10-21', 1, '', NULL),
	(3934, 250, 0, '2012-10-21', 1, '', NULL),
	(3935, 423, 0, '2012-10-21', 1, '', NULL),
	(3936, 242, 0, '2012-10-21', 1, '', NULL),
	(3937, 252, 0, '2012-10-21', 1, '', NULL),
	(3938, 243, 0, '2012-10-28', 1, '', NULL),
	(3939, 249, 0, '2012-10-28', 1, '', NULL),
	(3940, 251, 0, '2012-10-28', 1, '', NULL),
	(3941, 248, 0, '2012-10-28', 1, '', NULL),
	(3942, 421, 0, '2012-10-28', 1, '', NULL),
	(3943, 246, 0, '2012-10-28', 1, '', NULL),
	(3944, 422, 0, '2012-10-28', 1, '', NULL),
	(3945, 247, 0, '2012-10-28', 1, '', NULL),
	(3946, 245, 0, '2012-10-28', 1, '', NULL),
	(3947, 244, 0, '2012-10-28', 1, '', NULL),
	(3948, 250, 0, '2012-10-28', 1, '', NULL),
	(3949, 423, 0, '2012-10-28', 1, '', NULL),
	(3950, 242, 0, '2012-10-28', 1, '', NULL),
	(3951, 252, 0, '2012-10-28', 1, '', NULL),
	(3952, 243, 0, '2012-11-04', 1, '', NULL),
	(3953, 249, 0, '2012-11-04', 1, '', NULL),
	(3954, 251, 0, '2012-11-04', 1, '', NULL),
	(3955, 248, 0, '2012-11-04', 1, '', NULL),
	(3956, 421, 0, '2012-11-04', 1, '', NULL),
	(3957, 246, 0, '2012-11-04', 1, '', NULL),
	(3958, 422, 0, '2012-11-04', 1, '', NULL),
	(3959, 247, 0, '2012-11-04', 1, '', NULL),
	(3960, 245, 0, '2012-11-04', 1, '', NULL),
	(3961, 244, 0, '2012-11-04', 1, '', NULL),
	(3962, 250, 0, '2012-11-04', 1, '', NULL),
	(3963, 423, 0, '2012-11-04', 1, '', NULL),
	(3964, 242, 0, '2012-11-04', 1, '', NULL),
	(3965, 252, 0, '2012-11-04', 1, '', NULL),
	(3966, 243, 0, '2012-11-18', 1, '', NULL),
	(3967, 249, 0, '2012-11-18', 1, '', NULL),
	(3968, 251, 0, '2012-11-18', 1, '', NULL),
	(3969, 248, 0, '2012-11-18', 1, '', NULL),
	(3970, 421, 0, '2012-11-18', 1, '', NULL),
	(3971, 246, 0, '2012-11-18', 1, '', NULL),
	(3972, 422, 0, '2012-11-18', 1, '', NULL),
	(3973, 247, 0, '2012-11-18', 1, '', NULL),
	(3974, 245, 0, '2012-11-18', 1, '', NULL),
	(3975, 244, 0, '2012-11-18', 1, '', NULL),
	(3976, 250, 0, '2012-11-18', 1, '', NULL),
	(3977, 423, 0, '2012-11-18', 1, '', NULL),
	(3978, 242, 0, '2012-11-18', 1, '', NULL),
	(3979, 252, 0, '2012-11-18', 1, '', NULL),
	(3980, 243, 0, '2012-11-25', 1, '', NULL),
	(3981, 249, 0, '2012-11-25', 1, '', NULL),
	(3982, 251, 0, '2012-11-25', 1, '', NULL),
	(3983, 248, 0, '2012-11-25', 1, '', NULL),
	(3984, 421, 0, '2012-11-25', 1, '', NULL),
	(3985, 246, 0, '2012-11-25', 1, '', NULL),
	(3986, 422, 0, '2012-11-25', 1, '', NULL),
	(3987, 247, 0, '2012-11-25', 1, '', NULL),
	(3988, 245, 0, '2012-11-25', 1, '', NULL),
	(3989, 244, 0, '2012-11-25', 1, '', NULL),
	(3990, 250, 0, '2012-11-25', 1, '', NULL),
	(3991, 423, 0, '2012-11-25', 1, '', NULL),
	(3992, 242, 0, '2012-11-25', 1, '', NULL),
	(3993, 252, 0, '2012-11-25', 1, '', NULL),
	(3994, 243, 0, '2012-12-02', 1, '', NULL),
	(3995, 249, 0, '2012-12-02', 1, '', NULL),
	(3996, 251, 0, '2012-12-02', 1, '', NULL),
	(3997, 248, 0, '2012-12-02', 1, '', NULL),
	(3998, 421, 0, '2012-12-02', 1, '', NULL),
	(3999, 246, 0, '2012-12-02', 1, '', NULL),
	(4000, 422, 0, '2012-12-02', 1, '', NULL),
	(4001, 247, 0, '2012-12-02', 1, '', NULL),
	(4002, 245, 0, '2012-12-02', 1, '', NULL),
	(4003, 244, 0, '2012-12-02', 1, '', NULL),
	(4004, 250, 0, '2012-12-02', 1, '', NULL),
	(4005, 423, 0, '2012-12-02', 1, '', NULL),
	(4006, 242, 0, '2012-12-02', 1, '', NULL),
	(4007, 252, 0, '2012-12-02', 1, '', NULL),
	(4008, 243, 0, '2012-12-09', 1, '', NULL),
	(4009, 249, 0, '2012-12-09', 1, '', NULL),
	(4010, 251, 0, '2012-12-09', 1, '', NULL),
	(4011, 248, 0, '2012-12-09', 1, '', NULL),
	(4012, 421, 0, '2012-12-09', 1, '', NULL),
	(4013, 246, 0, '2012-12-09', 1, '', NULL),
	(4014, 422, 0, '2012-12-09', 1, '', NULL),
	(4015, 247, 0, '2012-12-09', 1, '', NULL),
	(4016, 245, 0, '2012-12-09', 1, '', NULL),
	(4017, 244, 0, '2012-12-09', 1, '', NULL),
	(4018, 250, 0, '2012-12-09', 1, '', NULL),
	(4019, 423, 0, '2012-12-09', 1, '', NULL),
	(4020, 242, 0, '2012-12-09', 1, '', NULL),
	(4021, 252, 0, '2012-12-09', 1, '', NULL),
	(4022, 243, 0, '2012-12-16', 1, '', NULL),
	(4023, 249, 0, '2012-12-16', 1, '', NULL),
	(4024, 251, 0, '2012-12-16', 1, '', NULL),
	(4025, 248, 0, '2012-12-16', 1, '', NULL),
	(4026, 421, 0, '2012-12-16', 1, '', NULL),
	(4027, 246, 0, '2012-12-16', 1, '', NULL),
	(4028, 422, 0, '2012-12-16', 1, '', NULL),
	(4029, 247, 0, '2012-12-16', 1, '', NULL),
	(4030, 245, 0, '2012-12-16', 1, '', NULL),
	(4031, 244, 0, '2012-12-16', 1, '', NULL),
	(4032, 250, 0, '2012-12-16', 1, '', NULL),
	(4033, 423, 0, '2012-12-16', 1, '', NULL),
	(4034, 242, 0, '2012-12-16', 1, '', NULL),
	(4035, 252, 0, '2012-12-16', 1, '', NULL),
	(4036, 243, 0, '2012-12-23', 1, '', NULL),
	(4037, 249, 0, '2012-12-23', 1, '', NULL),
	(4038, 251, 0, '2012-12-23', 1, '', NULL),
	(4039, 248, 0, '2012-12-23', 1, '', NULL),
	(4040, 421, 0, '2012-12-23', 1, '', NULL),
	(4041, 246, 0, '2012-12-23', 1, '', NULL),
	(4042, 422, 0, '2012-12-23', 1, '', NULL),
	(4043, 247, 0, '2012-12-23', 1, '', NULL),
	(4044, 245, 0, '2012-12-23', 1, '', NULL),
	(4045, 244, 0, '2012-12-23', 1, '', NULL),
	(4046, 250, 0, '2012-12-23', 1, '', NULL),
	(4047, 423, 0, '2012-12-23', 1, '', NULL),
	(4048, 242, 0, '2012-12-23', 1, '', NULL),
	(4049, 252, 0, '2012-12-23', 1, '', NULL),
	(4050, 243, 0, '2012-12-30', 1, '', NULL),
	(4051, 249, 0, '2012-12-30', 1, '', NULL),
	(4052, 251, 0, '2012-12-30', 1, '', NULL),
	(4053, 248, 0, '2012-12-30', 1, '', NULL),
	(4054, 421, 0, '2012-12-30', 1, '', NULL),
	(4055, 246, 0, '2012-12-30', 1, '', NULL),
	(4056, 422, 0, '2012-12-30', 1, '', NULL),
	(4057, 247, 0, '2012-12-30', 1, '', NULL),
	(4058, 245, 0, '2012-12-30', 1, '', NULL),
	(4059, 244, 0, '2012-12-30', 1, '', NULL),
	(4060, 250, 0, '2012-12-30', 1, '', NULL),
	(4061, 423, 0, '2012-12-30', 1, '', NULL),
	(4062, 242, 0, '2012-12-30', 1, '', NULL),
	(4063, 252, 0, '2012-12-30', 1, '', NULL),
	(4064, 426, 0, '2012-11-18', 1, '', NULL),
	(4065, 429, 0, '2012-11-18', 1, '', NULL),
	(4066, 428, 0, '2012-11-18', 1, '', NULL),
	(4067, 425, 0, '2012-11-18', 1, '', NULL),
	(4068, 430, 0, '2012-11-18', 1, '', NULL),
	(4069, 424, 0, '2012-11-18', 1, '', NULL),
	(4070, 427, 0, '2012-11-18', 1, '', NULL),
	(4071, 431, 0, '2012-11-18', 1, '', NULL),
	(4072, 432, 0, '2012-11-18', 1, '', NULL),
	(4073, 426, 0, '2012-12-16', 1, '', NULL),
	(4074, 429, 0, '2012-12-16', 1, '', NULL),
	(4075, 428, 0, '2012-12-16', 1, '', NULL),
	(4076, 425, 0, '2012-12-16', 1, '', NULL),
	(4077, 430, 0, '2012-12-16', 1, '', NULL),
	(4078, 424, 0, '2012-12-16', 1, '', NULL),
	(4079, 427, 0, '2012-12-16', 1, '', NULL),
	(4080, 431, 0, '2012-12-16', 1, '', NULL),
	(4081, 432, 0, '2012-12-16', 1, '', NULL),
	(4082, 426, 0, '2012-12-23', 1, '', NULL),
	(4083, 429, 0, '2012-12-23', 1, '', NULL),
	(4084, 428, 0, '2012-12-23', 1, '', NULL),
	(4085, 425, 0, '2012-12-23', 1, '', NULL),
	(4086, 430, 0, '2012-12-23', 1, '', NULL),
	(4087, 424, 0, '2012-12-23', 1, '', NULL),
	(4088, 427, 0, '2012-12-23', 1, '', NULL),
	(4089, 431, 0, '2012-12-23', 1, '', NULL),
	(4090, 432, 0, '2012-12-23', 1, '', NULL),
	(4091, 389, 0, '2012-12-23', 1, '', NULL),
	(4092, 314, 1, '2012-12-23', 0, '', NULL),
	(4093, 315, 1, '2012-12-23', 0, '', NULL),
	(4094, 312, 0, '2012-12-23', 1, '', NULL),
	(4095, 308, 0, '2012-12-23', 1, '', NULL),
	(4096, 317, 0, '2012-12-23', 1, '', NULL),
	(4097, 310, 0, '2012-12-23', 1, '', NULL),
	(4098, 319, 0, '2012-12-23', 1, '', NULL),
	(4099, 313, 0, '2012-12-23', 1, '', NULL),
	(4100, 307, 0, '2012-12-23', 1, '', NULL),
	(4101, 309, 0, '2012-12-23', 1, '', NULL),
	(4102, 318, 0, '2012-12-23', 1, '', NULL),
	(4103, 311, 0, '2012-12-23', 1, '', NULL),
	(4104, 25, 1, '2012-12-20', 0, 'No Class ', NULL),
	(4105, 24, 1, '2012-12-20', 0, '', NULL),
	(4106, 26, 1, '2012-12-20', 0, '', NULL),
	(4107, 27, 1, '2012-12-20', 0, '', NULL),
	(4108, 34, 1, '2012-12-20', 0, '', NULL),
	(4109, 29, 1, '2012-12-20', 0, '', NULL),
	(4110, 30, 1, '2012-12-20', 0, '', NULL),
	(4111, 21, 1, '2012-12-20', 0, '', NULL),
	(4112, 32, 1, '2012-12-20', 0, '', NULL),
	(4113, 35, 1, '2012-12-20', 0, '', NULL),
	(4114, 23, 1, '2012-12-20', 0, '', NULL),
	(4115, 28, 1, '2012-12-20', 0, '', NULL),
	(4116, 328, 1, '2012-12-20', 0, '', NULL),
	(4117, 329, 1, '2012-12-20', 0, '', NULL),
	(4118, 330, 1, '2012-12-20', 0, '', NULL),
	(4119, 331, 1, '2012-12-20', 0, '', NULL),
	(4120, 37, 1, '2012-12-20', 0, '', NULL),
	(4121, 31, 1, '2012-12-20', 0, '', NULL),
	(4122, 20, 1, '2012-12-20', 0, '', NULL),
	(4123, 36, 1, '2012-12-20', 0, '', NULL),
	(4124, 22, 1, '2012-12-20', 0, '', NULL),
	(4125, 33, 1, '2012-12-20', 0, '', NULL),
	(4126, 25, 1, '2012-12-27', 0, 'No class . holiday ', NULL),
	(4127, 24, 1, '2012-12-27', 0, '', NULL),
	(4128, 26, 1, '2012-12-27', 0, '', NULL),
	(4129, 27, 1, '2012-12-27', 0, '', NULL),
	(4130, 34, 1, '2012-12-27', 0, '', NULL),
	(4131, 29, 1, '2012-12-27', 0, '', NULL),
	(4132, 30, 1, '2012-12-27', 0, '', NULL),
	(4133, 21, 1, '2012-12-27', 0, '', NULL),
	(4134, 32, 1, '2012-12-27', 0, '', NULL),
	(4135, 35, 1, '2012-12-27', 0, '', NULL),
	(4136, 23, 1, '2012-12-27', 0, '', NULL),
	(4137, 28, 1, '2012-12-27', 0, '', NULL),
	(4138, 328, 1, '2012-12-27', 0, '', NULL),
	(4139, 329, 1, '2012-12-27', 0, '', NULL),
	(4140, 330, 1, '2012-12-27', 0, '', NULL),
	(4141, 331, 1, '2012-12-27', 0, '', NULL),
	(4142, 37, 1, '2012-12-27', 0, '', NULL),
	(4143, 31, 1, '2012-12-27', 0, '', NULL),
	(4144, 20, 1, '2012-12-27', 0, '', NULL),
	(4145, 36, 1, '2012-12-27', 0, '', NULL),
	(4146, 22, 1, '2012-12-27', 0, '', NULL),
	(4147, 33, 1, '2012-12-27', 0, '', NULL),
	(4148, 25, 1, '2012-12-28', 0, 'No class . holiday', NULL),
	(4149, 24, 1, '2012-12-28', 0, '', NULL),
	(4150, 26, 1, '2012-12-28', 0, '', NULL),
	(4151, 27, 1, '2012-12-28', 0, '', NULL),
	(4152, 34, 1, '2012-12-28', 0, '', NULL),
	(4153, 29, 1, '2012-12-28', 0, '', NULL),
	(4154, 30, 1, '2012-12-28', 0, '', NULL),
	(4155, 21, 1, '2012-12-28', 0, '', NULL),
	(4156, 32, 1, '2012-12-28', 0, '', NULL),
	(4157, 35, 1, '2012-12-28', 0, '', NULL),
	(4158, 23, 1, '2012-12-28', 0, '', NULL),
	(4159, 28, 1, '2012-12-28', 0, '', NULL),
	(4160, 328, 1, '2012-12-28', 0, '', NULL),
	(4161, 329, 1, '2012-12-28', 0, '', NULL),
	(4162, 330, 1, '2012-12-28', 0, '', NULL),
	(4163, 331, 1, '2012-12-28', 0, '', NULL),
	(4164, 37, 1, '2012-12-28', 0, '', NULL),
	(4165, 31, 1, '2012-12-28', 0, '', NULL),
	(4166, 20, 1, '2012-12-28', 0, '', NULL),
	(4167, 36, 1, '2012-12-28', 0, '', NULL),
	(4168, 22, 1, '2012-12-28', 0, '', NULL),
	(4169, 33, 1, '2012-12-28', 0, '', NULL);
/*!40000 ALTER TABLE `tbl_attendances` ENABLE KEYS */;


# Dumping structure for table db_saa.tbl_classes
DROP TABLE IF EXISTS `tbl_classes`;
CREATE TABLE IF NOT EXISTS `tbl_classes` (
  `cla_id` int(11) NOT NULL AUTO_INCREMENT,
  `cla_name` varchar(250) NOT NULL,
  `cla_student_number` int(11) NOT NULL,
  `cla_time` varchar(50) NOT NULL,
  `cla_description` text NOT NULL,
  `cla_age_leval` varchar(20) NOT NULL,
  `cla_gen_id` int(11) NOT NULL,
  `cla_status` int(11) NOT NULL DEFAULT '1',
  PRIMARY KEY (`cla_id`)
) ENGINE=InnoDB AUTO_INCREMENT=32 DEFAULT CHARSET=utf8;

# Dumping data for table db_saa.tbl_classes: ~31 rows (approximately)
DELETE FROM `tbl_classes`;
/*!40000 ALTER TABLE `tbl_classes` DISABLE KEYS */;
INSERT INTO `tbl_classes` (`cla_id`, `cla_name`, `cla_student_number`, `cla_time`, `cla_description`, `cla_age_leval`, `cla_gen_id`, `cla_status`) VALUES
	(1, 'ISF 3C', 0, '03:04-04:05', '', '18', 1, 1),
	(2, 'ISF 4B', 0, '03:04', '', '9-13', 1, 1),
	(3, 'ISF 1D', 0, '04:00-5:00', '', '6', 1, 1),
	(4, 'ISF 1E', 0, '00:00:00', '', '6', 1, 1),
	(5, 'ISF 2F', 0, '04:00-5:00', '', '8', 1, 1),
	(6, 'AZAHAR A', 0, '00:00:02', '', '14', 1, 0),
	(7, 'AZAHAR B', 0, '00:00:03', '', '16', 1, 0),
	(8, 'PN.A', 0, '04:00-5:00', '', '18-22', 1, 1),
	(9, 'CKF', 0, '08:00-09:00', '', '12 13', 1, 1),
	(10, 'AZIZA school C', 0, '08:00-09:00', '', '9-11', 1, 1),
	(11, 'AZIZA school A', 0, '5:30-6:30', '', '10-15', 1, 1),
	(12, 'AZIZA school B', 0, '6:30-7:30', '', '18-25', 1, 1),
	(13, 'AZIZA school D', 0, '3:00-4:00', '', '10-20', 1, 1),
	(14, 'T.G', 0, '1:30-2:30', '', '18-25', 1, 1),
	(15, 'PN.B', 0, '3:00-4:00', '', '18-22', 1, 1),
	(16, 'PN.C', 0, '3:00-4:00', '', '18-22', 1, 1),
	(17, 'AZAHAR 1', 0, '2-3 pm', '', '13-20', 1, 1),
	(18, 'AZAHAR 2', 0, '3-4 pm', '', '10-18', 1, 1),
	(19, 'Narthbridge School', 0, '3:00-4:00', '', '9-10', 1, 1),
	(20, 'Peace Corps1', 0, '3-4 pm', 'village project', '5-8 yd', 5, 1),
	(21, 'Peace Corps2', 0, '8-9 am', 'Village project', '5-8 yd', 5, 1),
	(22, 'ISF 1B', 0, '3-4 pm', 'New student', '7-10  yd', 1, 1),
	(23, 'ISF E', 0, '3:00-5:00', '', '9-11', 4, 0),
	(24, 'ISF D', 0, '4:00-4:45', '', '10-13', 4, 0),
	(25, 'ISF 3D', 0, '4:00-4:45', '', '10-13', 4, 0),
	(26, 'ISF 2C', 0, '3:00-4:45', '', '9-12', 4, 0),
	(27, '1G', 0, '6:30-7:45', '', '7-10  yd', 1, 1),
	(28, 'CWDA', 0, '3:00pm4:00pm', '', '20-15', 1, 1),
	(29, 'ISF 1B-1', 0, '3-4 pm', 'New students', '7-10  years old', 1, 1),
	(30, 'ISF 2C-1', 0, '4-5 pm', 'New students', '9-12 years old', 1, 1),
	(31, '1G-1', 0, '9-10 am', 'New students', '7-12 years old', 1, 1);
/*!40000 ALTER TABLE `tbl_classes` ENABLE KEYS */;


# Dumping structure for table db_saa.tbl_concerns
DROP TABLE IF EXISTS `tbl_concerns`;
CREATE TABLE IF NOT EXISTS `tbl_concerns` (
  `con_id` int(11) NOT NULL AUTO_INCREMENT,
  `con_stu_id` int(11) NOT NULL,
  `con_unfocused` varchar(250) NOT NULL,
  `con_disruptive` varchar(250) NOT NULL,
  `con_withdrawn` varchar(250) NOT NULL,
  `con_improved` varchar(250) NOT NULL,
  `con_other_comment` text NOT NULL,
  PRIMARY KEY (`con_id`)
) ENGINE=InnoDB DEFAULT CHARSET=utf8;

# Dumping data for table db_saa.tbl_concerns: ~0 rows (approximately)
DELETE FROM `tbl_concerns`;
/*!40000 ALTER TABLE `tbl_concerns` DISABLE KEYS */;
/*!40000 ALTER TABLE `tbl_concerns` ENABLE KEYS */;


# Dumping structure for table db_saa.tbl_generations
DROP TABLE IF EXISTS `tbl_generations`;
CREATE TABLE IF NOT EXISTS `tbl_generations` (
  `gen_id` int(11) NOT NULL AUTO_INCREMENT,
  `gen_year` varchar(20) NOT NULL,
  `gen_description` text NOT NULL,
  `gen_status` tinyint(4) NOT NULL DEFAULT '1',
  PRIMARY KEY (`gen_id`)
) ENGINE=InnoDB AUTO_INCREMENT=6 DEFAULT CHARSET=utf8;

# Dumping data for table db_saa.tbl_generations: ~5 rows (approximately)
DELETE FROM `tbl_generations`;
/*!40000 ALTER TABLE `tbl_generations` DISABLE KEYS */;
INSERT INTO `tbl_generations` (`gen_id`, `gen_year`, `gen_description`, `gen_status`) VALUES
	(1, 'Yoga 2012', '', 1),
	(2, 'test', '', 0),
	(3, 'Yoga 2013', '', 0),
	(4, '2012', 'Liya teaching', 0),
	(5, 'Yoga village 2012', '', 1);
/*!40000 ALTER TABLE `tbl_generations` ENABLE KEYS */;


# Dumping structure for table db_saa.tbl_ngos
DROP TABLE IF EXISTS `tbl_ngos`;
CREATE TABLE IF NOT EXISTS `tbl_ngos` (
  `ngo_id` int(11) NOT NULL AUTO_INCREMENT,
  `ngo_name` varchar(250) NOT NULL,
  `ngo_address` text NOT NULL,
  `ngo_contact_person` varchar(250) NOT NULL,
  `ngo_url` varchar(250) NOT NULL,
  `ngo_email` varchar(250) NOT NULL,
  `ngo_description` text NOT NULL,
  `ngo_status` int(11) NOT NULL DEFAULT '1',
  `ngo_sdate` date NOT NULL,
  `ngo_edate` date NOT NULL,
  PRIMARY KEY (`ngo_id`)
) ENGINE=InnoDB AUTO_INCREMENT=11 DEFAULT CHARSET=utf8;

# Dumping data for table db_saa.tbl_ngos: ~10 rows (approximately)
DELETE FROM `tbl_ngos`;
/*!40000 ALTER TABLE `tbl_ngos` DISABLE KEYS */;
INSERT INTO `tbl_ngos` (`ngo_id`, `ngo_name`, `ngo_address`, `ngo_contact_person`, `ngo_url`, `ngo_email`, `ngo_description`, `ngo_status`, `ngo_sdate`, `ngo_edate`) VALUES
	(1, 'PN', '#55 street 271', 'Sochy choeun', '', 'pn@pas.com', '', 1, '0000-00-00', '0000-00-00'),
	(2, 'AZIZA School', '#9A, Street 370, BBK1, PP', '097 889 788 9', '', 'sotheasky@yahoo.com', '', 1, '0000-00-00', '0000-00-00'),
	(3, 'ISF', '#52; street 77; BTP; PP', '012 500 375', '', 'kong_seiha001@yahoo.com', '', 1, '0000-00-00', '0000-00-00'),
	(4, 'Riverkids Foudation', '#1882 Bis; st. 60; TSK; PP', '092 826 056', '', 'chhunsrun.cambodiaymca@gmail.com', '', 1, '0000-00-00', '0000-00-00'),
	(5, 'CKF', '#06; st. 514; Psa Dermtkov; PP', '012 950 767', '', 'putsetmanagement@gmail.com', '', 1, '0000-00-00', '0000-00-00'),
	(6, 'Transition Global', 'no', 'Ms. Sola', '092187073', 'sola@trasiitionglobal.org', '', 0, '0000-00-00', '0000-00-00'),
	(7, 'AZAHAR', 'no', '090 311 341', '', 'lunpiseth@gmail.com', '', 1, '0000-00-00', '0000-00-00'),
	(8, 'T.G', 'no', 'no', 'no', 'longsola@trainsitionsglobal.org', '', 1, '0000-00-00', '0000-00-00'),
	(9, 'Peace Corps', 'Stueng, Komgpong Cham privince', '017658512', '', 'primmerir11@mounties.mansfield.edu', 'Village project.', 1, '2012-09-01', '2012-12-31'),
	(10, 'CWDA', '000000', 'Anna Reilly', '0000000000', 'ms.anna.reilly@gmail.com', 'Edit later ', 1, '2012-08-01', '2012-12-31');
/*!40000 ALTER TABLE `tbl_ngos` ENABLE KEYS */;


# Dumping structure for table db_saa.tbl_scores
DROP TABLE IF EXISTS `tbl_scores`;
CREATE TABLE IF NOT EXISTS `tbl_scores` (
  `sco_id` int(11) NOT NULL AUTO_INCREMENT,
  `sco_stu_id` int(11) NOT NULL,
  `sco_effort` double NOT NULL,
  `sco_pe` double NOT NULL,
  `sco_progress` double NOT NULL,
  `sco_unfocused` int(1) NOT NULL,
  `sco_discruptive` int(1) NOT NULL,
  `sco_withdrawn` int(1) NOT NULL,
  `sco_improve` int(1) NOT NULL,
  `sco_comment` varchar(500) NOT NULL,
  `sco_ter_id` int(11) NOT NULL,
  PRIMARY KEY (`sco_id`)
) ENGINE=InnoDB AUTO_INCREMENT=572 DEFAULT CHARSET=utf8;

# Dumping data for table db_saa.tbl_scores: ~535 rows (approximately)
DELETE FROM `tbl_scores`;
/*!40000 ALTER TABLE `tbl_scores` DISABLE KEYS */;
INSERT INTO `tbl_scores` (`sco_id`, `sco_stu_id`, `sco_effort`, `sco_pe`, `sco_progress`, `sco_unfocused`, `sco_discruptive`, `sco_withdrawn`, `sco_improve`, `sco_comment`, `sco_ter_id`) VALUES
	(1, 47, 10, 9, 9, 1, 0, 1, 1, 'Very good student, keep going on', 1),
	(2, 40, 0, 0, 0, 0, 1, 1, 1, '', 1),
	(3, 53, 0, 0, 0, 0, 1, 1, 1, '', 1),
	(4, 57, 0, 0, 0, 0, 1, 1, 1, '', 1),
	(5, 52, 0, 0, 0, 0, 1, 1, 1, '', 1),
	(6, 55, 0, 0, 0, 0, 1, 1, 1, '', 1),
	(7, 39, 0, 0, 0, 0, 1, 1, 1, '', 1),
	(8, 49, 0, 0, 0, 0, 1, 1, 1, '', 1),
	(9, 51, 0, 0, 0, 0, 1, 1, 1, '', 1),
	(10, 48, 0, 0, 0, 0, 1, 1, 1, '', 1),
	(11, 58, 0, 0, 0, 0, 1, 1, 1, '', 1),
	(12, 54, 0, 0, 0, 0, 1, 1, 1, '', 1),
	(13, 56, 0, 0, 0, 0, 1, 1, 1, '', 1),
	(14, 2, 0, 0, 0, 0, 1, 1, 1, '', 1),
	(15, 1, 0, 0, 0, 0, 1, 1, 1, '', 1),
	(16, 50, 0, 0, 0, 0, 1, 1, 1, '', 1),
	(17, 44, 0, 0, 0, 0, 1, 1, 1, '', 1),
	(18, 38, 0, 0, 0, 0, 0, 0, 0, '', 1),
	(19, 45, 0, 0, 0, 0, 0, 0, 0, '', 1),
	(20, 46, 0, 0, 0, 1, 0, 0, 0, '', 1),
	(21, 41, 0, 0, 0, 1, 0, 0, 0, '', 1),
	(22, 42, 0, 0, 0, 1, 0, 0, 0, '', 1),
	(23, 43, 0, 0, 0, 1, 0, 0, 0, '', 1),
	(50, 108, 0, 0, 0, 0, 1, 1, 1, 'didn\'t come to the class', 1),
	(51, 3, 7, 6, 5, 0, 0, 1, 0, '', 1),
	(52, 4, 4, 3, 3, 0, 0, 1, 0, '', 1),
	(53, 5, 2, 3, 2, 0, 1, 1, 0, 'He has very low energy and has difficulty  in participate.', 1),
	(54, 6, 7, 8, 9, 1, 0, 0, 1, 'She is good at every things but a bit shy in some posture.', 1),
	(55, 7, 2, 2, 1, 0, 1, 1, 0, 'She has very high energy but not engage.', 1),
	(56, 8, 7, 6, 7, 1, 0, 0, 1, '', 1),
	(57, 9, 4, 5, 3, 0, 1, 0, 0, '', 1),
	(58, 10, 4, 5, 3, 1, 1, 0, 0, '', 1),
	(59, 11, 5, 6, 4, 0, 0, 0, 1, '', 1),
	(60, 12, 8, 7, 8, 1, 0, 0, 1, 'She is a good student. she like new postures.', 1),
	(61, 13, 7, 6, 7, 1, 0, 0, 1, 'When he motivated he is the best student in class.', 1),
	(62, 14, 3, 4, 2, 0, 0, 1, 0, '', 1),
	(63, 15, 4, 5, 3, 0, 0, 1, 1, '', 1),
	(64, 16, 7, 6, 8, 1, 1, 0, 1, '', 1),
	(65, 18, 5, 6, 4, 0, 0, 0, 1, '', 1),
	(66, 19, 6, 7, 7, 1, 0, 0, 1, '', 1),
	(78, 186, 5, 6, 5, 1, 0, 0, 1, '', 2),
	(79, 187, 0, 0, 0, 1, 0, 0, 0, '', 2),
	(80, 188, 7, 7, 6, 1, 0, 0, 1, '', 2),
	(81, 189, 8, 7, 7, 1, 0, 0, 1, '', 2),
	(82, 190, 8, 8, 9, 1, 0, 0, 1, '', 2),
	(83, 191, 8, 8, 7, 1, 0, 0, 1, '', 2),
	(84, 192, 8, 7, 7, 1, 0, 0, 1, '', 2),
	(85, 193, 7, 8, 7, 1, 0, 0, 1, '', 2),
	(86, 194, 7, 8, 5, 1, 0, 0, 1, '', 2),
	(87, 195, 6, 5, 5, 1, 0, 0, 1, '', 2),
	(88, 196, 8, 7, 8, 1, 0, 0, 1, '', 2),
	(89, 197, 8, 7, 7, 1, 0, 0, 1, '', 2),
	(90, 198, 5, 6, 5, 1, 0, 0, 1, '', 2),
	(91, 199, 7, 8, 8, 1, 0, 0, 1, '', 2),
	(92, 200, 8, 5, 5, 1, 0, 0, 1, '', 2),
	(93, 201, 8, 9, 7, 1, 0, 0, 1, '', 2),
	(94, 202, 9, 7, 7, 1, 0, 0, 1, '', 2),
	(95, 203, 9, 7, 8, 1, 0, 0, 1, '', 2),
	(96, 204, 6, 7, 6, 1, 0, 0, 1, '', 2),
	(97, 205, 0, 0, 0, 1, 0, 0, 0, '', 2),
	(98, 206, 0, 0, 0, 1, 0, 0, 0, '', 2),
	(99, 207, 0, 0, 0, 1, 0, 0, 1, '', 2),
	(100, 208, 6, 4, 5, 1, 0, 0, 1, '', 2),
	(101, 209, 5, 6, 7, 1, 0, 0, 1, '', 2),
	(102, 210, 0, 0, 0, 1, 0, 0, 0, '', 2),
	(103, 216, 8, 8, 5, 1, 0, 0, 1, '', 2),
	(104, 217, 7, 8, 4, 1, 0, 0, 1, '', 2),
	(105, 218, 7, 6, 4, 1, 0, 0, 1, '', 2),
	(106, 219, 0, 0, 0, 1, 0, 0, 0, '', 2),
	(107, 220, 8, 9, 7, 1, 0, 0, 1, '', 2),
	(108, 221, 4, 5, 5, 1, 0, 0, 1, '', 2),
	(109, 222, 7, 6, 7, 1, 0, 0, 1, '', 2),
	(110, 223, 7, 5, 7, 1, 0, 0, 1, '', 2),
	(111, 224, 8, 7, 7, 1, 0, 0, 1, '', 2),
	(112, 225, 8, 8, 7, 1, 0, 0, 1, '', 2),
	(113, 226, 9, 8, 8, 1, 0, 0, 1, '', 2),
	(114, 227, 0, 0, 0, 1, 0, 0, 0, '', 2),
	(115, 228, 0, 0, 0, 1, 0, 0, 0, '', 2),
	(116, 229, 9, 8, 7, 1, 0, 0, 1, '', 2),
	(117, 230, 7, 8, 5, 1, 0, 0, 1, '', 2),
	(118, 231, 8, 6, 7, 1, 0, 0, 1, '', 2),
	(119, 232, 9, 8, 7, 1, 0, 0, 1, '', 2),
	(120, 233, 8, 9, 8, 1, 0, 0, 1, '', 2),
	(121, 234, 4, 6, 2, 1, 0, 0, 1, '', 2),
	(122, 235, 0, 0, 0, 1, 0, 0, 1, '', 2),
	(123, 236, 8, 7, 8, 1, 0, 0, 1, '', 2),
	(124, 237, 7, 8, 8, 1, 0, 0, 1, '', 2),
	(125, 238, 8, 7, 7, 1, 0, 0, 1, '', 2),
	(126, 239, 6, 6, 7, 1, 0, 1, 1, '', 2),
	(127, 240, 8, 9, 8, 1, 0, 0, 1, '', 2),
	(128, 241, 6, 5, 5, 1, 0, 0, 0, '', 2),
	(129, 161, 8, 7, 7, 1, 0, 0, 1, '', 2),
	(130, 162, 9, 8, 8, 1, 0, 0, 1, '', 2),
	(131, 163, 7, 5, 7, 1, 0, 0, 1, '', 2),
	(132, 164, 7, 5, 6, 1, 0, 0, 1, '', 2),
	(133, 165, 8, 7, 8, 1, 0, 0, 1, '', 2),
	(134, 166, 7, 8, 8, 1, 0, 0, 1, '', 2),
	(135, 167, 8, 7, 7, 1, 0, 0, 1, '', 2),
	(136, 168, 6, 6, 5, 1, 0, 0, 1, '', 2),
	(137, 169, 9, 8, 8, 1, 0, 0, 1, '', 2),
	(138, 170, 5, 7, 5, 1, 0, 0, 1, '', 2),
	(139, 171, 7, 8, 7, 1, 0, 0, 1, '', 2),
	(140, 172, 7, 7, 6, 1, 0, 0, 1, '', 2),
	(141, 173, 7, 8, 7, 1, 0, 0, 1, '', 2),
	(142, 174, 7, 7, 5, 1, 0, 0, 1, '', 2),
	(143, 175, 5, 4, 4, 1, 0, 0, 1, '', 2),
	(144, 176, 5, 4, 3, 1, 0, 0, 1, '', 2),
	(145, 177, 5, 4, 4, 1, 0, 0, 1, '', 2),
	(146, 178, 7, 8, 6, 1, 0, 0, 1, '', 2),
	(147, 179, 6, 6, 7, 1, 0, 0, 1, '', 2),
	(148, 180, 6, 5, 5, 1, 0, 0, 1, '', 2),
	(149, 181, 6, 7, 7, 1, 0, 0, 1, '', 2),
	(150, 182, 7, 8, 6, 1, 0, 0, 1, '', 2),
	(151, 183, 6, 8, 7, 1, 0, 0, 1, '', 2),
	(152, 184, 5, 7, 4, 1, 0, 0, 1, '', 2),
	(153, 185, 5, 6, 7, 1, 0, 0, 1, '', 2),
	(154, 211, 5, 8, 4, 1, 0, 0, 1, '', 2),
	(155, 212, 4, 5, 3, 1, 1, 0, 1, '', 2),
	(156, 213, 7, 8, 5, 1, 0, 0, 1, '', 2),
	(157, 214, 5, 6, 3, 1, 1, 0, 1, '', 2),
	(158, 215, 7, 8, 7, 1, 0, 0, 1, '', 2),
	(159, 276, 6, 8, 4, 1, 0, 0, 1, '', 2),
	(160, 277, 5, 5, 4, 1, 1, 0, 1, '', 2),
	(161, 278, 5, 6, 5, 1, 0, 0, 1, '', 2),
	(162, 280, 4, 4, 2, 1, 1, 0, 1, '', 2),
	(163, 282, 4, 5, 3, 1, 0, 0, 1, '', 2),
	(164, 283, 6, 5, 4, 1, 0, 0, 1, '', 2),
	(165, 285, 7, 8, 5, 1, 0, 0, 1, '', 2),
	(166, 155, 0, 0, 0, 2, 2, 2, 2, '', 2),
	(167, 156, 0, 0, 0, 2, 2, 2, 2, '', 2),
	(168, 157, 0, 0, 0, 2, 2, 2, 2, '', 2),
	(169, 158, 0, 0, 0, 2, 2, 2, 2, '', 2),
	(170, 159, 0, 0, 0, 2, 2, 2, 2, '', 2),
	(171, 160, 0, 0, 0, 2, 2, 2, 2, '', 2),
	(172, 3, 6, 8, 6, 0, 0, 0, 1, '', 2),
	(173, 4, 4, 5, 5, 0, 0, 0, 0, '', 2),
	(174, 5, 4, 5, 4, 0, 0, 1, 0, '', 2),
	(175, 6, 8, 9, 8, 1, 0, 0, 1, '', 2),
	(176, 7, 4, 3, 3, 0, 0, 0, 0, '', 2),
	(177, 8, 4, 5, 4, 0, 0, 0, 0, '', 2),
	(178, 9, 5, 6, 6, 1, 0, 0, 1, '', 2),
	(179, 10, 5, 6, 5, 0, 1, 0, 1, '', 2),
	(180, 11, 6, 7, 6, 1, 0, 0, 1, '', 2),
	(181, 12, 8, 8, 7, 1, 0, 0, 1, '', 2),
	(182, 13, 7, 8, 8, 1, 0, 0, 1, '', 2),
	(183, 14, 4, 5, 4, 0, 0, 0, 0, '', 2),
	(184, 15, 5, 4, 3, 0, 0, 0, 0, '', 2),
	(185, 16, 7, 8, 7, 1, 0, 0, 1, '', 2),
	(186, 18, 6, 5, 6, 1, 0, 0, 1, '', 2),
	(187, 19, 7, 7, 6, 1, 0, 0, 1, '', 2),
	(188, 1, 0, 0, 0, 2, 2, 2, 2, '', 2),
	(189, 2, 0, 0, 0, 2, 2, 2, 2, '', 2),
	(190, 38, 5, 6, 4, 1, 0, 0, 1, '', 2),
	(191, 39, 5, 5, 4, 2, 2, 2, 2, '', 2),
	(192, 40, 6, 5, 5, 1, 0, 0, 1, '', 2),
	(193, 41, 6, 5, 6, 1, 1, 0, 1, '', 2),
	(194, 42, 5, 4, 4, 1, 0, 0, 0, '', 2),
	(195, 43, 5, 6, 4, 1, 1, 0, 1, '', 2),
	(196, 44, 6, 7, 6, 1, 0, 0, 1, '', 2),
	(197, 45, 8, 7, 7, 1, 0, 0, 1, '', 2),
	(198, 46, 1, 1, 1, 1, 0, 0, 0, '', 2),
	(199, 47, 2, 4, 3, 1, 0, 0, 0, '', 2),
	(200, 48, 5, 6, 4, 1, 0, 0, 1, '', 2),
	(201, 49, 7, 6, 5, 1, 0, 0, 1, '', 2),
	(202, 50, 1, 1, 1, 1, 0, 0, 0, '', 2),
	(203, 51, 7, 8, 8, 1, 0, 0, 1, '', 2),
	(204, 52, 5, 6, 5, 1, 0, 0, 1, '', 2),
	(205, 53, 6, 7, 5, 1, 0, 1, 1, '', 2),
	(206, 54, 6, 6, 5, 1, 0, 0, 1, '', 2),
	(207, 55, 5, 6, 4, 1, 0, 1, 1, '', 2),
	(208, 56, 6, 5, 5, 1, 1, 0, 1, '', 2),
	(209, 57, 5, 5, 4, 1, 0, 1, 0, '', 2),
	(210, 20, 9, 8, 8, 0, 0, 0, 1, '', 2),
	(211, 21, 5, 4, 5, 1, 0, 1, 1, '', 2),
	(212, 22, 5, 4, 4, 0, 1, 0, 0, '', 2),
	(213, 23, 8, 7, 7, 0, 0, 0, 1, '', 2),
	(214, 24, 7, 6, 7, 0, 0, 0, 1, '', 2),
	(215, 25, 5, 5, 6, 1, 1, 1, 1, '', 2),
	(216, 26, 6, 6, 7, 0, 0, 0, 1, '', 2),
	(217, 27, 9, 9, 9, 0, 0, 0, 1, '', 2),
	(218, 28, 7, 6, 7, 0, 0, 0, 1, '', 2),
	(219, 29, 7, 7, 7, 0, 0, 0, 1, '', 2),
	(220, 30, 7, 6, 7, 0, 0, 0, 1, '', 2),
	(221, 31, 7, 6, 7, 0, 0, 0, 1, '', 2),
	(222, 32, 5, 5, 5, 1, 1, 1, 1, '', 2),
	(223, 33, 5, 5, 5, 1, 0, 0, 1, '', 2),
	(224, 34, 8, 7, 8, 0, 0, 0, 1, '', 2),
	(225, 35, 5, 5, 6, 1, 1, 0, 1, '', 2),
	(226, 36, 10, 10, 10, 0, 0, 0, 1, '', 2),
	(227, 37, 7, 6, 7, 0, 0, 0, 1, '', 2),
	(228, 113, 7, 6, 6, 1, 0, 0, 1, '', 2),
	(229, 114, 5, 5, 6, 1, 0, 0, 1, '', 2),
	(230, 115, 4, 4, 4, 1, 0, 0, 0, '', 2),
	(231, 116, 8, 7, 8, 1, 0, 0, 1, '', 2),
	(232, 117, 8, 7, 8, 1, 0, 0, 1, '', 2),
	(233, 118, 6, 5, 6, 1, 0, 0, 1, '', 2),
	(234, 119, 6, 6, 6, 0, 0, 0, 1, '', 2),
	(235, 120, 9, 8, 8, 1, 0, 0, 1, '', 2),
	(236, 121, 7, 6, 6, 1, 0, 0, 1, '', 2),
	(237, 122, 9, 8, 8, 1, 0, 0, 1, '', 2),
	(238, 123, 7, 6, 7, 1, 0, 0, 1, '', 2),
	(239, 124, 9, 8, 9, 1, 0, 0, 1, '', 2),
	(240, 125, 8, 7, 7, 1, 0, 0, 1, '', 2),
	(241, 108, 0, 0, 0, 0, 1, 1, 1, 'didn\'t come to the class', 2),
	(242, 137, 0, 0, 0, 2, 2, 2, 2, 'didn\'t come to the class', 2),
	(243, 138, 8, 9, 8, 1, 1, 0, 1, '', 2),
	(244, 139, 7, 5, 5, 1, 0, 0, 1, '', 2),
	(245, 140, 8, 7, 8, 1, 0, 0, 1, '', 2),
	(246, 141, 0, 0, 0, 2, 2, 2, 2, 'didn\'t come to the class', 2),
	(247, 142, 0, 0, 0, 2, 2, 2, 2, 'didn\'t come to the class', 2),
	(248, 143, 5, 4, 6, 1, 0, 0, 1, '', 2),
	(249, 144, 4, 4, 5, 1, 1, 0, 1, '', 2),
	(250, 145, 5, 4, 6, 1, 0, 0, 1, '', 2),
	(251, 146, 5, 5, 7, 1, 0, 0, 1, '', 2),
	(252, 147, 7, 6, 8, 1, 0, 0, 1, '', 2),
	(253, 148, 8, 8, 9, 1, 0, 0, 1, '', 2),
	(254, 149, 7, 8, 9, 1, 0, 0, 1, '', 2),
	(255, 150, 0, 0, 0, 2, 2, 2, 2, 'didn\'t come to the class', 2),
	(256, 151, 5, 5, 7, 1, 0, 0, 0, '', 2),
	(257, 152, 9, 8, 9, 1, 0, 0, 1, '', 2),
	(258, 153, 9, 9, 9, 1, 0, 0, 1, '', 2),
	(259, 154, 0, 0, 0, 2, 2, 2, 2, 'didn\'t come to the class', 2),
	(260, 126, 8, 7, 9, 1, 0, 0, 1, '', 2),
	(261, 127, 8, 9, 9, 1, 0, 0, 1, '', 2),
	(262, 128, 7, 8, 9, 1, 0, 0, 1, '', 2),
	(263, 129, 9, 8, 9, 1, 0, 0, 1, '', 2),
	(264, 130, 8, 9, 9, 1, 0, 0, 1, '', 2),
	(265, 131, 8, 8, 9, 1, 0, 0, 1, '', 2),
	(266, 132, 7, 7, 9, 1, 0, 1, 1, '', 2),
	(267, 133, 7, 6, 8, 1, 0, 0, 1, '', 2),
	(268, 134, 6, 6, 7, 1, 0, 0, 1, '', 2),
	(269, 135, 8, 8, 9, 1, 0, 0, 1, '', 2),
	(270, 136, 8, 9, 9, 1, 0, 0, 1, '', 2),
	(271, 126, 8, 7, 9, 1, 0, 0, 1, '', 2),
	(272, 127, 8, 9, 9, 1, 0, 0, 1, '', 2),
	(273, 128, 7, 8, 9, 1, 0, 0, 1, '', 2),
	(274, 129, 9, 8, 9, 1, 0, 0, 1, '', 2),
	(275, 130, 8, 9, 9, 1, 0, 0, 1, '', 2),
	(276, 131, 8, 8, 9, 1, 0, 0, 1, '', 2),
	(277, 132, 7, 7, 9, 1, 0, 1, 1, '', 2),
	(278, 133, 7, 6, 8, 1, 0, 0, 1, '', 2),
	(279, 134, 6, 6, 7, 1, 0, 0, 1, '', 2),
	(280, 135, 8, 8, 9, 1, 0, 0, 1, '', 2),
	(281, 136, 8, 9, 9, 1, 0, 0, 1, '', 2),
	(282, 81, 5, 5, 5, 0, 1, 1, 1, '', 1),
	(283, 82, 5, 4, 4, 0, 0, 1, 1, '', 1),
	(284, 83, 0, 0, 0, 2, 2, 2, 2, 'Stop study', 1),
	(285, 84, 5, 4, 4, 0, 0, 1, 1, '', 1),
	(286, 85, 5, 5, 5, 0, 0, 1, 1, '', 1),
	(287, 86, 5, 6, 7, 0, 0, 1, 1, '', 1),
	(288, 87, 5, 6, 4, 1, 0, 1, 1, '', 1),
	(289, 88, 6, 5, 5, 0, 0, 1, 1, '', 1),
	(290, 89, 4, 4, 5, 0, 2, 1, 1, '', 1),
	(291, 90, 5, 5, 5, 0, 0, 1, 1, '', 1),
	(292, 91, 3, 3, 5, 0, 1, 1, 1, '', 1),
	(293, 92, 0, 0, 0, 2, 2, 2, 2, 'Stop study', 1),
	(294, 93, 5, 5, 5, 0, 0, 1, 1, '', 1),
	(295, 94, 6, 6, 4, 1, 0, 1, 1, '', 1),
	(296, 95, 0, 0, 0, 2, 2, 2, 2, 'Stop study', 1),
	(297, 96, 4, 3, 4, 0, 1, 1, 1, '', 1),
	(298, 97, 0, 0, 0, 2, 2, 2, 2, 'Stop study', 1),
	(299, 98, 5, 5, 4, 0, 0, 1, 1, '', 1),
	(300, 99, 5, 5, 5, 0, 0, 1, 1, '', 1),
	(301, 100, 4, 4, 4, 0, 1, 1, 1, '', 1),
	(302, 101, 5, 5, 5, 0, 0, 1, 1, '', 1),
	(303, 102, 4, 5, 4, 0, 1, 1, 1, '', 1),
	(304, 103, 5, 5, 5, 0, 0, 1, 1, '', 1),
	(305, 104, 5, 5, 5, 0, 0, 1, 1, '', 1),
	(306, 105, 5, 5, 5, 1, 0, 1, 1, '', 1),
	(307, 106, 5, 6, 7, 0, 0, 1, 1, '', 1),
	(308, 107, 5, 6, 6, 1, 0, 1, 1, '', 1),
	(309, 111, 0, 0, 0, 2, 2, 2, 2, 'Stop study', 1),
	(310, 112, 5, 5, 5, 1, 0, 1, 1, '', 1),
	(311, 81, 5, 5, 5, 0, 1, 1, 1, '', 6),
	(312, 82, 5, 4, 4, 0, 0, 1, 1, '', 6),
	(313, 83, 0, 0, 0, 2, 2, 2, 2, 'Stop study', 6),
	(314, 84, 5, 4, 4, 0, 0, 1, 1, '', 6),
	(315, 85, 5, 5, 5, 0, 0, 1, 1, '', 6),
	(316, 86, 5, 6, 7, 0, 0, 1, 1, '', 6),
	(317, 87, 5, 6, 4, 1, 0, 1, 1, '', 6),
	(318, 88, 6, 5, 5, 0, 0, 1, 1, '', 6),
	(319, 89, 4, 4, 5, 0, 2, 1, 1, '', 6),
	(320, 90, 5, 5, 5, 0, 0, 1, 1, '', 6),
	(321, 91, 3, 3, 5, 0, 1, 1, 1, '', 6),
	(322, 92, 0, 0, 0, 2, 2, 2, 2, 'Stop study', 6),
	(323, 93, 5, 5, 5, 0, 0, 1, 1, '', 6),
	(324, 94, 6, 6, 4, 1, 0, 1, 1, '', 6),
	(325, 95, 0, 0, 0, 2, 2, 2, 2, 'Stop study', 6),
	(326, 96, 4, 3, 4, 0, 1, 1, 1, '', 6),
	(327, 97, 0, 0, 0, 2, 2, 2, 2, 'Stop study', 6),
	(328, 98, 5, 5, 4, 0, 0, 1, 1, '', 6),
	(329, 99, 5, 5, 5, 0, 0, 1, 1, '', 6),
	(330, 100, 4, 4, 4, 0, 1, 1, 1, '', 6),
	(331, 101, 5, 5, 5, 0, 0, 1, 1, '', 6),
	(332, 102, 4, 5, 4, 0, 1, 1, 1, '', 6),
	(333, 103, 5, 5, 5, 0, 0, 1, 1, '', 6),
	(334, 104, 5, 5, 5, 0, 0, 1, 1, '', 6),
	(335, 105, 5, 5, 5, 1, 0, 1, 1, '', 6),
	(336, 106, 5, 6, 7, 0, 0, 1, 1, '', 6),
	(337, 107, 5, 6, 6, 1, 0, 1, 1, '', 6),
	(338, 111, 0, 0, 0, 2, 2, 2, 2, 'Stop study', 6),
	(339, 112, 5, 5, 5, 1, 0, 1, 1, '', 6),
	(340, 307, 6, 5, 6, 1, 0, 0, 1, '', 2),
	(341, 308, 5, 5, 6, 1, 0, 0, 1, '', 2),
	(342, 309, 9, 7, 8, 1, 0, 0, 1, '', 2),
	(343, 310, 5, 5, 6, 1, 0, 0, 1, '', 2),
	(344, 311, 9, 7, 7, 1, 0, 0, 1, '', 2),
	(345, 312, 7, 5, 6, 1, 0, 0, 1, '', 2),
	(346, 313, 6, 5, 6, 1, 0, 0, 1, '', 2),
	(347, 314, 5, 5, 5, 1, 0, 1, 0, '', 2),
	(348, 315, 6, 5, 5, 1, 0, 0, 1, '', 2),
	(349, 316, 6, 5, 6, 1, 0, 0, 1, '', 2),
	(350, 317, 8, 6, 6, 1, 0, 0, 1, '', 2),
	(351, 318, 6, 5, 5, 1, 0, 0, 1, '', 2),
	(352, 319, 7, 5, 5, 1, 0, 0, 1, '', 2),
	(353, 296, 8, 9, 9, 1, 0, 0, 1, '', 2),
	(354, 297, 9, 9, 9, 1, 0, 0, 1, '', 2),
	(355, 298, 8, 9, 9, 1, 0, 0, 1, '', 2),
	(356, 299, 7, 9, 8, 1, 0, 0, 1, '', 2),
	(357, 300, 8, 9, 9, 1, 0, 0, 1, '', 2),
	(358, 301, 9, 9, 9, 1, 0, 0, 1, '', 2),
	(359, 302, 8, 8, 8, 1, 0, 0, 1, '', 2),
	(360, 303, 7, 8, 9, 2, 2, 2, 2, '', 2),
	(361, 304, 9, 9, 9, 1, 0, 0, 1, '', 2),
	(362, 305, 7, 7, 8, 1, 0, 0, 1, '', 2),
	(363, 306, 8, 8, 8, 1, 0, 0, 1, '', 2),
	(364, 296, 8, 9, 9, 1, 0, 0, 1, '', 6),
	(365, 297, 9, 9, 9, 1, 0, 0, 1, '', 6),
	(366, 298, 8, 9, 9, 1, 0, 0, 1, '', 6),
	(367, 299, 7, 9, 8, 1, 0, 0, 1, '', 6),
	(368, 300, 8, 9, 9, 1, 0, 0, 1, '', 6),
	(369, 301, 9, 9, 9, 1, 0, 0, 1, '', 6),
	(370, 302, 8, 8, 8, 1, 0, 0, 1, '', 6),
	(371, 303, 7, 8, 9, 2, 2, 2, 2, '', 6),
	(372, 304, 9, 9, 9, 1, 0, 0, 1, '', 6),
	(373, 305, 7, 7, 8, 1, 0, 0, 1, '', 6),
	(374, 306, 8, 8, 8, 1, 0, 0, 1, '', 6),
	(375, 253, 4, 8, 5, 1, 1, 0, 1, '', 2),
	(376, 254, 5, 8, 5, 1, 1, 0, 1, '', 2),
	(377, 255, 5, 7, 6, 1, 1, 0, 1, '', 2),
	(378, 256, 7, 9, 8, 1, 0, 0, 1, '', 2),
	(379, 257, 5, 7, 6, 1, 1, 0, 1, '', 2),
	(380, 258, 6, 8, 7, 1, 1, 0, 1, '', 2),
	(381, 259, 6, 7, 7, 1, 1, 0, 1, '', 2),
	(382, 260, 6, 6, 7, 1, 1, 0, 1, '', 2),
	(383, 261, 6, 4, 4, 1, 1, 0, 1, '', 2),
	(384, 262, 4, 4, 3, 1, 1, 0, 1, '', 2),
	(385, 263, 4, 3, 2, 1, 1, 0, 1, '', 2),
	(386, 264, 5, 6, 4, 1, 0, 0, 1, '', 2),
	(387, 265, 7, 4, 5, 1, 0, 0, 1, '', 2),
	(388, 266, 5, 4, 4, 1, 1, 0, 1, '', 2),
	(389, 267, 5, 4, 5, 1, 1, 0, 1, '', 2),
	(390, 268, 5, 4, 3, 1, 1, 0, 1, '', 2),
	(391, 269, 6, 7, 5, 1, 1, 0, 1, '', 2),
	(392, 270, 5, 4, 5, 1, 1, 0, 1, '', 2),
	(393, 271, 5, 5, 4, 1, 1, 0, 1, '', 2),
	(394, 272, 4, 5, 4, 1, 0, 0, 0, '', 2),
	(395, 273, 4, 7, 4, 1, 1, 0, 1, '', 2),
	(396, 274, 5, 4, 4, 1, 1, 0, 1, '', 2),
	(397, 275, 4, 7, 4, 1, 0, 0, 1, '', 2),
	(398, 3, 8, 7, 7, 1, 0, 0, 1, '', 6),
	(399, 4, 6, 5, 4, 0, 0, 0, 1, '', 6),
	(400, 5, 4, 5, 3, 0, 1, 0, 0, '', 6),
	(401, 6, 7, 8, 7, 1, 0, 0, 1, '', 6),
	(402, 7, 3, 4, 3, 0, 1, 1, 0, '', 6),
	(403, 8, 4, 5, 3, 0, 1, 0, 0, '', 6),
	(404, 9, 6, 7, 5, 1, 0, 0, 1, '', 6),
	(405, 10, 5, 6, 5, 1, 0, 0, 1, '', 6),
	(406, 11, 5, 5, 5, 1, 0, 0, 1, '', 6),
	(407, 12, 8, 9, 7, 1, 0, 0, 1, '', 6),
	(408, 13, 8, 7, 6, 1, 0, 0, 1, '', 6),
	(409, 14, 4, 5, 3, 1, 0, 0, 1, '', 6),
	(410, 15, 5, 6, 5, 1, 0, 0, 1, '', 6),
	(411, 16, 7, 7, 6, 1, 0, 0, 1, '', 6),
	(412, 18, 6, 7, 4, 1, 0, 0, 1, '', 6),
	(413, 19, 6, 7, 5, 1, 0, 0, 1, '', 6),
	(434, 307, 6, 5, 6, 1, 0, 0, 1, '', 6),
	(435, 308, 5, 5, 6, 1, 0, 0, 1, '', 6),
	(436, 309, 9, 7, 8, 1, 0, 0, 1, '', 6),
	(437, 310, 5, 5, 6, 1, 0, 0, 1, '', 6),
	(438, 311, 9, 7, 7, 1, 0, 0, 1, '', 6),
	(439, 312, 7, 5, 6, 1, 0, 0, 1, '', 6),
	(440, 313, 6, 5, 6, 1, 0, 0, 1, '', 6),
	(441, 314, 5, 5, 5, 1, 0, 1, 0, '', 6),
	(442, 315, 6, 5, 5, 1, 0, 0, 1, '', 6),
	(443, 316, 6, 5, 6, 1, 0, 0, 1, '', 6),
	(444, 317, 8, 6, 6, 1, 0, 0, 1, '', 6),
	(445, 318, 6, 5, 5, 1, 0, 0, 1, '', 6),
	(446, 319, 7, 5, 5, 1, 0, 0, 1, '', 6),
	(447, 242, 7, 9, 5, 1, 1, 1, 1, '', 7),
	(448, 243, 5, 6, 8, 1, 0, 1, 1, '', 7),
	(449, 244, 2, 4, 5, 1, 0, 1, 1, '', 7),
	(450, 245, 6, 7, 5, 1, 0, 1, 1, '', 7),
	(451, 246, 3, 5, 7, 1, 0, 1, 1, '', 7),
	(452, 247, 5, 5, 8, 1, 0, 1, 1, '', 7),
	(453, 248, 4, 3, 6, 1, 0, 1, 1, '', 7),
	(454, 249, 5, 6, 4, 1, 0, 1, 1, '', 7),
	(455, 250, 4, 5, 6, 1, 1, 1, 1, '', 7),
	(456, 251, 4, 5, 7, 1, 1, 1, 1, '', 7),
	(457, 252, 7, 8, 9, 1, 0, 1, 1, '', 7),
	(458, 421, 6, 5, 4, 1, 0, 1, 1, '', 7),
	(459, 422, 5, 6, 4, 1, 0, 1, 1, '', 7),
	(460, 423, 5, 6, 5, 1, 0, 1, 1, '', 7),
	(484, 424, 5, 6, 7, 1, 0, 1, 1, '', 2),
	(485, 425, 4, 5, 6, 1, 0, 1, 1, '', 2),
	(486, 426, 5, 7, 8, 1, 0, 1, 1, '', 2),
	(487, 427, 6, 4, 7, 1, 0, 1, 1, '', 2),
	(488, 428, 5, 6, 8, 1, 0, 1, 1, '', 2),
	(489, 429, 7, 5, 5, 1, 0, 1, 1, '', 2),
	(490, 430, 0, 0, 0, 2, 2, 2, 2, '', 2),
	(491, 431, 0, 0, 0, 2, 2, 2, 2, '', 2),
	(492, 432, 5, 6, 7, 1, 0, 1, 1, '', 2),
	(493, 307, 6, 5, 6, 1, 0, 0, 1, '', 7),
	(494, 308, 5, 5, 6, 1, 0, 0, 1, '', 7),
	(495, 309, 9, 7, 8, 1, 0, 0, 1, '', 7),
	(496, 310, 5, 5, 6, 1, 0, 0, 1, '', 7),
	(497, 311, 9, 7, 7, 1, 0, 0, 1, '', 7),
	(498, 312, 7, 5, 6, 1, 0, 0, 1, '', 7),
	(499, 313, 6, 5, 6, 1, 0, 0, 1, '', 7),
	(500, 314, 5, 5, 5, 1, 0, 1, 0, '', 7),
	(501, 315, 6, 5, 5, 1, 0, 0, 1, '', 7),
	(502, 317, 8, 6, 6, 1, 0, 0, 1, '', 7),
	(503, 318, 6, 5, 5, 1, 0, 0, 1, '', 7),
	(504, 319, 7, 5, 5, 1, 0, 0, 1, '', 7),
	(505, 389, 7, 6, 6, 1, 0, 0, 1, '', 7),
	(506, 20, 0, 0, 0, 2, 2, 2, 2, 'Stop study', 6),
	(507, 21, 6, 5, 5, 1, 0, 0, 1, '', 6),
	(508, 22, 6, 5, 5, 1, 0, 0, 1, '', 6),
	(509, 23, 7, 5, 5, 1, 0, 0, 1, '', 6),
	(510, 24, 7, 6, 6, 1, 0, 0, 1, '', 6),
	(511, 25, 0, 0, 0, 2, 2, 2, 2, 'Stop study', 6),
	(512, 26, 7, 6, 6, 1, 0, 0, 1, '', 6),
	(513, 27, 9, 7, 7, 1, 0, 0, 1, '', 6),
	(514, 28, 7, 6, 6, 1, 0, 0, 1, '', 6),
	(515, 29, 8, 6, 6, 1, 0, 0, 1, '', 6),
	(516, 30, 7, 6, 6, 1, 0, 0, 1, '', 6),
	(517, 31, 0, 0, 0, 2, 2, 2, 2, 'Stop study', 6),
	(518, 32, 0, 0, 0, 2, 2, 2, 2, 'Stop study', 6),
	(519, 33, 0, 0, 0, 2, 2, 2, 2, 'Stop study', 6),
	(520, 34, 0, 0, 0, 2, 2, 2, 2, 'Stop study', 6),
	(521, 35, 0, 0, 0, 2, 2, 2, 2, 'Stop study', 6),
	(522, 36, 8, 7, 7, 1, 0, 0, 1, '', 6),
	(523, 37, 6, 5, 5, 1, 0, 0, 1, '', 6),
	(524, 328, 7, 6, 6, 1, 0, 0, 1, '', 6),
	(525, 329, 0, 0, 0, 2, 2, 2, 2, '', 6),
	(526, 330, 7, 5, 5, 1, 0, 0, 1, '', 6),
	(527, 331, 7, 5, 5, 1, 0, 0, 1, '', 6),
	(528, 20, 0, 0, 0, 2, 2, 2, 2, 'Stop study', 7),
	(529, 21, 6, 5, 5, 1, 0, 0, 1, '', 7),
	(530, 22, 6, 5, 5, 1, 0, 0, 1, '', 7),
	(531, 23, 7, 5, 5, 1, 0, 0, 1, '', 7),
	(532, 24, 7, 6, 6, 1, 0, 0, 1, '', 7),
	(533, 25, 0, 0, 0, 2, 2, 2, 2, 'Stop study', 7),
	(534, 26, 7, 5, 5, 1, 0, 0, 1, '', 7),
	(535, 27, 9, 7, 7, 1, 0, 0, 1, '', 7),
	(536, 28, 7, 6, 6, 1, 0, 0, 1, '', 7),
	(537, 29, 8, 6, 6, 1, 0, 0, 1, '', 7),
	(538, 30, 7, 6, 6, 1, 0, 0, 1, '', 7),
	(539, 31, 0, 0, 0, 2, 2, 2, 2, 'Stop study', 7),
	(540, 32, 0, 0, 0, 2, 2, 2, 2, 'Stop study', 7),
	(541, 33, 0, 0, 0, 2, 2, 2, 2, 'Stop study', 7),
	(542, 34, 0, 0, 0, 2, 2, 2, 2, 'Stop study', 7),
	(543, 35, 0, 0, 0, 2, 2, 2, 2, 'Stop study', 7),
	(544, 36, 8, 7, 7, 1, 0, 0, 1, '', 7),
	(545, 37, 7, 6, 6, 1, 0, 0, 1, '', 7),
	(546, 328, 7, 5, 5, 1, 0, 0, 1, '', 7),
	(547, 329, 0, 0, 0, 2, 2, 2, 2, '', 7),
	(548, 330, 7, 6, 6, 1, 0, 0, 1, '', 7),
	(549, 331, 6, 5, 5, 1, 0, 0, 0, '', 7),
	(550, 445, 5, 4, 5, 1, 0, 0, 1, '', 2),
	(551, 446, 6, 4, 7, 1, 0, 1, 1, '', 2),
	(552, 447, 4, 5, 5, 1, 0, 1, 1, '', 2),
	(553, 448, 4, 5, 6, 1, 0, 1, 2, '', 2),
	(554, 449, 3, 4, 5, 1, 0, 1, 1, '', 2),
	(555, 450, 4, 5, 6, 1, 0, 1, 1, '', 2),
	(556, 451, 3, 4, 5, 1, 0, 1, 1, '', 2),
	(557, 452, 4, 3, 6, 1, 0, 1, 1, '', 2),
	(558, 453, 4, 5, 6, 1, 0, 1, 1, '', 2),
	(559, 454, 5, 4, 7, 1, 0, 1, 1, '', 2),
	(560, 455, 7, 5, 6, 1, 0, 1, 1, '', 2),
	(561, 456, 5, 6, 7, 1, 0, 1, 1, '', 2),
	(562, 457, 3, 5, 6, 1, 0, 1, 1, '', 2),
	(563, 458, 5, 6, 7, 1, 0, 1, 1, '', 2),
	(564, 459, 3, 4, 5, 1, 0, 1, 1, '', 2),
	(565, 460, 5, 6, 8, 1, 0, 1, 1, '', 2),
	(566, 461, 5, 6, 7, 1, 0, 1, 1, '', 2),
	(567, 462, 5, 3, 5, 1, 0, 0, 1, '', 2),
	(568, 463, 5, 6, 7, 1, 0, 1, 1, '', 2),
	(569, 464, 5, 4, 7, 1, 0, 1, 1, '', 2),
	(570, 465, 6, 5, 4, 1, 0, 1, 1, '', 2),
	(571, 466, 4, 5, 6, 1, 0, 1, 1, '', 2);
/*!40000 ALTER TABLE `tbl_scores` ENABLE KEYS */;


# Dumping structure for table db_saa.tbl_students
DROP TABLE IF EXISTS `tbl_students`;
CREATE TABLE IF NOT EXISTS `tbl_students` (
  `stu_id` int(11) NOT NULL AUTO_INCREMENT,
  `stu_khmer_name` varchar(250) NOT NULL,
  `stu_first_name` varchar(250) NOT NULL,
  `stu_last_name` varchar(250) NOT NULL,
  `stu_photo` varchar(250) NOT NULL DEFAULT 'default.png',
  `stu_sex` varchar(10) NOT NULL,
  `stu_dob` date NOT NULL,
  `stu_age` int(11) NOT NULL,
  `stu_ngo_id` int(11) NOT NULL,
  `stu_status` int(11) NOT NULL DEFAULT '1',
  `stu_cla_id` int(11) NOT NULL DEFAULT '0',
  PRIMARY KEY (`stu_id`)
) ENGINE=InnoDB AUTO_INCREMENT=467 DEFAULT CHARSET=utf8;

# Dumping data for table db_saa.tbl_students: ~472 rows (approximately)
DELETE FROM `tbl_students`;
/*!40000 ALTER TABLE `tbl_students` DISABLE KEYS */;
INSERT INTO `tbl_students` (`stu_id`, `stu_khmer_name`, `stu_first_name`, `stu_last_name`, `stu_photo`, `stu_sex`, `stu_dob`, `stu_age`, `stu_ngo_id`, `stu_status`, `stu_cla_id`) VALUES
	(1, '????', 'ou', 'sophea', 'IMG_2603.JPG', 'Male', '2000-03-08', 22, 1, 0, 1),
	(2, '???????', 'Phan Mai', '?', 'Delphin.jpeg', 'Female', '2012-09-20', 12, 1, 0, 1),
	(3, ' ', 'Sreynang', 'Yuth', 'IMG_3115.JPG', 'Female', '2000-09-20', 12, 3, 1, 2),
	(4, ' ', 'Rachana', 'Keourng', 'IMG_3120.JPG', 'Female', '1998-04-19', 14, 3, 1, 2),
	(5, ' ', 'Sophal', 'Korn', 'IMG_3121.JPG', 'Male', '2001-10-15', 11, 3, 1, 2),
	(6, ' ', 'Sopheak', 'Samnang', 'IMG_3116.JPG', 'Female', '1998-10-02', 14, 3, 1, 2),
	(7, ' ', 'Phany', 'Morng', 'IMG_3104.JPG', 'Female', '2000-10-02', 12, 3, 1, 2),
	(8, ' ', 'Porlrada', 'Kem', 'default.png', 'Male', '2002-09-03', 10, 3, 1, 2),
	(9, ' ', 'Tola', 'Van', 'default.png', 'Male', '2002-02-03', 10, 3, 1, 2),
	(10, ' ', 'Lyhuo', 'Hot', 'IMG_3100.JPG', 'Male', '2001-06-15', 11, 3, 1, 2),
	(11, ' ', 'Simeng', 'Sim', 'IMG_3107.JPG', 'Male', '1999-02-15', 13, 3, 1, 2),
	(12, ' ', 'Roitry', 'Ny', 'IMG_3112.JPG', 'Female', '2002-08-17', 10, 3, 1, 2),
	(13, ' ', 'Meng Leap', 'Lay', 'IMG_3103.JPG', 'Male', '0000-00-00', 11, 3, 1, 2),
	(14, ' ', 'Srey Luon', 'San', 'default.png', 'Female', '2003-10-25', 9, 3, 1, 2),
	(15, ' ', 'Seng Heang', 'San', 'default.png', 'Male', '2001-09-28', 11, 3, 1, 2),
	(16, ' ', 'Ratana', 'Gnem', 'IMG_3108.JPG', 'Female', '2000-12-05', 13, 3, 1, 2),
	(17, ' ', 'Kanha', 'Phat', 'default.png', 'Female', '2000-04-03', 12, 3, 0, 2),
	(18, ' ', 'Mara', 'Lov', 'IMG_3110.JPG', 'Male', '2000-04-13', 12, 3, 1, 2),
	(19, ' ', 'Try', 'Pov', 'IMG_3124.JPG', 'Female', '2001-03-03', 11, 3, 1, 2),
	(20, ' ', 'Vanny', 'Sorn', 'default.png', 'Female', '0000-00-00', 10, 3, 1, 5),
	(21, ' ', 'Raksmey', 'Korn', 'default.png', 'Female', '2001-02-02', 11, 3, 1, 5),
	(22, ' ', 'Vicheka', 'Sang', 'default.png', 'Male', '2001-05-07', 11, 3, 1, 5),
	(23, ' ', 'Skin', 'Sorl', 'default.png', 'Male', '2001-04-11', 11, 3, 1, 5),
	(24, ' ', 'Dara', 'Phal', 'default.png', 'Male', '2001-04-20', 11, 3, 1, 5),
	(25, ' ', 'Chanon', 'Na', 'default.png', 'Male', '2001-04-07', 11, 3, 1, 5),
	(26, ' ', 'Deth', 'Men', 'default.png', 'Male', '2001-03-07', 11, 3, 1, 5),
	(27, ' ', 'Horn', 'Dy', 'default.png', 'Female', '2001-06-05', 11, 3, 1, 5),
	(28, ' ', 'So Bin', 'Heng', 'default.png', 'Male', '1999-07-20', 13, 3, 1, 5),
	(29, ' ', 'Maneath', 'Khey', 'default.png', 'Female', '1999-06-24', 13, 3, 1, 5),
	(30, ' ', 'Phearak', 'Nong', 'default.png', 'Male', '2001-06-01', 11, 3, 1, 5),
	(31, ' ', 'Vanneth', 'Nheom', 'default.png', 'Male', '2003-06-05', 9, 3, 1, 5),
	(32, ' ', 'Ratana', 'Kry', 'default.png', 'Male', '2000-09-20', 12, 3, 1, 5),
	(33, ' ', 'Virak', 'Khuy', 'default.png', 'Male', '2003-04-24', 9, 3, 1, 5),
	(34, ' ', 'Konich', 'Dan', 'default.png', 'Male', '2002-09-11', 10, 3, 1, 5),
	(35, ' ', 'Rithy', 'Sam', 'default.png', 'Male', '2003-06-24', 9, 3, 1, 5),
	(36, ' ', 'Vatana', 'Gnem', 'default.png', 'Male', '0000-00-00', 11, 3, 1, 5),
	(37, ' ', 'Vannak', 'Nang', 'default.png', 'Male', '2000-02-12', 12, 3, 1, 5),
	(38, ' ', 'Lina', 'Vin', 'IMG_3154.JPG', 'Female', '1998-03-04', 14, 3, 1, 1),
	(39, ' ', 'Rin', 'Kham', 'default.png', 'Female', '1998-11-27', 14, 3, 1, 1),
	(40, ' ', 'Thip', 'Lei', 'IMG_3171.JPG', 'Female', '0000-00-00', 12, 3, 1, 1),
	(41, ' ', 'Khvann', 'Peung', 'IMG_3158.JPG', 'Male', '1999-07-05', 13, 3, 1, 1),
	(42, ' ', 'Khav', 'Kim', 'default.png', 'Male', '1998-10-21', 14, 3, 1, 1),
	(43, ' ', 'Chhailynon', 'Keourng', 'IMG_3179.JPG', 'Male', '2001-10-08', 11, 3, 1, 1),
	(44, ' ', 'Lyhap', 'Nu', 'IMG_3168.JPG', 'Male', '1999-09-01', 13, 3, 1, 1),
	(45, ' ', 'Leakhena', 'Gnor', 'IMG_3148.JPG', 'Female', '1998-06-01', 14, 3, 1, 1),
	(46, ' ', 'Le', 'Tha', 'default.png', 'Male', '2000-05-12', 12, 3, 1, 1),
	(47, ' ', 'Viseth', 'Tha', 'default.png', 'Male', '1988-11-08', 14, 3, 1, 1),
	(48, ' ', 'Raphy', 'Koy', 'default.png', 'Male', '1999-02-21', 13, 3, 1, 1),
	(49, ' ', 'Ravy', 'Reourn', 'IMG_3162.JPG', 'Male', '2001-02-15', 11, 3, 1, 1),
	(50, ' ', 'Nim', 'Thon', 'default.png', 'Male', '1999-08-04', 14, 3, 1, 1),
	(51, ' ', 'Ravin', 'Yin', 'default.png', 'Male', '0000-00-00', 11, 3, 1, 1),
	(52, ' ', 'Sreyna', 'Penn', 'IMG_31541.JPG', 'Female', '2001-03-11', 11, 3, 1, 1),
	(53, ' ', 'Theany', 'Aam', 'IMG_3175.JPG', 'Male', '1998-10-01', 14, 3, 1, 1),
	(54, ' ', 'Phirak', 'Chuong', 'IMG_3143.JPG', 'Male', '1998-04-13', 14, 3, 1, 1),
	(55, ' ', 'Sokea', 'Teng', 'IMG_3157.JPG', 'Female', '1999-07-06', 14, 3, 1, 1),
	(56, ' ', 'Phirak', 'Men', 'IMG_3152.JPG', 'Male', '1999-09-08', 14, 3, 1, 1),
	(57, ' ', 'Sreyphors', 'Samnang', 'IMG_3145.JPG', 'Female', '2003-12-04', 9, 3, 1, 1),
	(58, ' ', 'Raksmey', 'Prosh', 'default.png', 'Female', '2001-12-13', 11, 3, 0, 1),
	(59, ' ', 'Chury', 'Rom', 'default.png', 'Male', '2001-03-06', 11, 3, 1, 4),
	(60, ' ', 'Narakavei', 'Vin', 'default.png', 'Male', '2004-11-17', 8, 3, 1, 4),
	(61, ' ', 'Kemleang', 'Hot', 'default.png', 'Female', '2004-09-14', 8, 3, 1, 4),
	(62, ' ', 'Lyna', 'Prak', 'default.png', 'Female', '2004-04-22', 8, 3, 1, 4),
	(63, ' ', 'Sreyonn', 'Tork', 'default.png', 'Female', '2004-09-07', 8, 3, 1, 4),
	(64, ' ', 'Sochyta', 'Yeat', 'default.png', 'Female', '2003-11-30', 8, 3, 1, 4),
	(65, ' ', 'Lina', 'Paun', 'default.png', 'Female', '2003-05-14', 9, 3, 1, 4),
	(66, ' ', 'Veasna', 'Yann', 'default.png', 'Male', '2003-12-12', 9, 3, 1, 4),
	(67, ' ', 'Phearum', 'Khuy', 'default.png', 'Male', '2004-06-18', 8, 3, 0, 4),
	(68, ' ', 'Visal', 'Ly', 'default.png', 'Male', '0000-00-00', 9, 3, 1, 4),
	(69, ' ', 'Lyeng', 'Meourn', 'default.png', 'Male', '2003-03-24', 9, 3, 1, 4),
	(70, ' ', 'Sreynath', 'Soy', 'default.png', 'Female', '2004-07-03', 8, 3, 1, 4),
	(71, ' ', 'Seang Huo', 'Hach', 'default.png', 'Male', '0000-00-00', 9, 1, 1, 4),
	(72, ' ', 'Lychay Hvong', 'Phanri', 'default.png', 'Female', '2003-02-08', 9, 3, 1, 4),
	(73, ' ', 'Sreyleap', 'Cheoun', 'default.png', 'Female', '0000-00-00', 8, 1, 1, 4),
	(74, ' ', 'Vat', 'Loy', 'default.png', 'Male', '2004-09-21', 8, 3, 1, 4),
	(75, ' ', 'Saphorn', 'Samet', 'default.png', 'Female', '2003-08-28', 9, 3, 1, 4),
	(76, ' ', 'Sreyneang', 'Khorn', 'default.png', 'Female', '2003-03-28', 9, 3, 1, 4),
	(77, ' ', 'Sovanrakmey', 'Heang', 'default.png', 'Female', '0000-00-00', 8, 3, 1, 4),
	(78, ' ', 'Srey Much', 'San', 'default.png', 'Female', '2004-06-26', 8, 3, 1, 4),
	(79, ' ', 'Pros Pich', 'Yut', 'default.png', 'Male', '2003-08-03', 9, 3, 1, 4),
	(80, ' ', 'Sreyneth', 'Dorn', 'default.png', 'Female', '0000-00-00', 9, 3, 1, 4),
	(81, ' ', 'Oudom', 'Doeurn', 'default.png', 'Male', '1999-08-05', 13, 3, 1, 3),
	(82, ' ', 'Pon', 'Huon', 'default.png', 'Male', '2001-08-06', 11, 3, 1, 3),
	(83, ' ', 'Phea', 'Mai', 'default.png', 'Male', '2001-03-03', 11, 3, 1, 3),
	(84, ' ', 'Sreynith', 'But', 'default.png', 'Male', '2001-11-03', 11, 3, 1, 3),
	(85, ' ', 'Pheak', 'Phon', 'default.png', 'Male', '2001-02-17', 11, 3, 1, 3),
	(86, ' ', 'Samphos', 'Ren', 'default.png', 'Male', '2001-11-27', 11, 3, 1, 3),
	(87, ' ', 'Ratana', 'Doeurn', 'default.png', 'Female', '2001-03-03', 11, 3, 1, 3),
	(88, ' ', 'Malis', 'Proeurng', 'default.png', 'Female', '2001-07-10', 11, 3, 1, 3),
	(89, ' ', 'Sreynith', 'Kong', 'default.png', 'Female', '2003-06-23', 9, 3, 1, 3),
	(90, ' ', 'Sokchea', 'Nong', 'default.png', 'Female', '2002-12-12', 10, 3, 1, 3),
	(91, ' ', 'Channa', 'Sem', 'default.png', 'Male', '2002-09-15', 10, 3, 1, 3),
	(92, ' ', 'Kem Hong', 'Heang', 'default.png', 'Female', '2003-05-23', 9, 3, 1, 3),
	(93, ' ', 'Makara', 'Nhi', 'default.png', 'Male', '2002-06-26', 10, 3, 1, 3),
	(94, ' ', 'Srey Toch', 'Oun', 'default.png', 'Female', '2002-07-03', 10, 3, 1, 3),
	(95, ' ', 'Kemhuoy', 'Ton', 'default.png', 'Female', '2001-07-03', 12, 3, 1, 3),
	(96, ' ', 'Sokha', 'Chheourn', 'default.png', 'Male', '2003-11-01', 9, 3, 1, 3),
	(97, ' ', 'Sreyvi', 'Yin', 'default.png', 'Female', '0000-00-00', 9, 3, 1, 3),
	(98, ' ', 'Sareourn', 'Mann', 'default.png', 'Male', '2000-04-08', 12, 3, 1, 3),
	(99, ' ', 'Soknan', 'Korn', 'default.png', 'Female', '2004-02-05', 8, 3, 1, 3),
	(100, ' ', 'Da', 'Tha', 'default.png', 'Male', '2000-10-05', 12, 3, 1, 3),
	(101, ' ', 'Saleourn', 'Vun', 'default.png', 'Female', '1999-10-15', 13, 3, 1, 3),
	(102, ' ', 'Sok Ching', 'Eng', 'default.png', 'Male', '2001-02-08', 11, 3, 1, 3),
	(103, ' ', 'Sreyneang', 'Oun', 'default.png', 'Female', '2001-12-07', 13, 3, 1, 3),
	(104, ' ', 'Sothea', 'Reourng', 'default.png', 'Male', '2001-11-12', 11, 3, 1, 3),
	(105, ' ', 'Vanneth', 'Nang', 'default.png', 'Female', '0000-00-00', 9, 3, 1, 3),
	(106, ' ', 'Sorphea', 'Sok', 'default.png', 'Female', '2003-07-12', 9, 3, 1, 3),
	(107, ' ', 'Rong', 'Dorn', 'default.png', 'Male', '0000-00-00', 9, 3, 1, 3),
	(108, ' ', 'Sopha', 'Pin', 'default.png', 'Female', '0000-00-00', 14, 5, 1, 9),
	(109, ' ', 'Seang Huo', 'Hach', 'default.png', 'Male', '2003-12-11', 9, 3, 1, 4),
	(110, ' ', 'Sreyleap', 'Cheoun', 'default.png', 'Female', '2004-08-26', 8, 3, 1, 4),
	(111, ' ', 'Sreyvi', 'Yin', 'default.png', 'Female', '0000-00-00', 9, 3, 1, 3),
	(112, ' ', 'Vanneth', 'Nang', 'default.png', 'Female', '2003-09-15', 9, 3, 1, 3),
	(113, ' ', 'Song ley', 'Horn', 'default.png', 'Female', '1994-11-12', 18, 7, 0, 6),
	(114, ' ', 'Srey Neang', 'Khom', 'default.png', 'Female', '1993-01-10', 19, 7, 0, 6),
	(115, ' ', 'Nita', 'Khun', 'default.png', 'Female', '1995-09-08', 17, 7, 0, 6),
	(116, ' ', 'Raty', 'Khun', 'default.png', 'Female', '1993-09-30', 19, 7, 0, 6),
	(117, ' ', 'Samich', 'Kos', 'default.png', 'Female', '1998-03-16', 14, 7, 0, 6),
	(118, ' ', 'Srey Leak', 'Lim', 'default.png', 'Female', '1998-08-30', 14, 7, 0, 6),
	(119, ' ', 'Seavmeng', 'Ly', 'default.png', 'Male', '1992-06-05', 20, 7, 0, 6),
	(120, ' ', 'Sok Reoun', 'Sam', 'default.png', 'Male', '1994-06-25', 18, 7, 0, 6),
	(121, ' ', 'Sovan Neat', 'Srey', 'default.png', 'Female', '1997-04-25', 15, 7, 0, 6),
	(122, ' ', 'Chom Rong', 'Than', 'default.png', 'Male', '1993-09-21', 19, 7, 0, 6),
	(123, ' ', 'Sothim', 'Theun', 'default.png', 'Male', '1999-06-18', 13, 7, 0, 6),
	(124, ' ', 'Srey Lin', 'Vat', 'default.png', 'Female', '1994-09-06', 18, 7, 0, 6),
	(125, ' ', 'Srey pov', 'Vat', 'default.png', 'Female', '1998-06-05', 14, 7, 0, 6),
	(126, ' ', 'Sothy', 'Netn', 'default.png', 'Male', '1998-09-11', 14, 7, 1, 7),
	(127, ' ', 'Solan', 'Neth', 'default.png', 'Female', '1996-01-09', 16, 7, 1, 7),
	(128, ' ', 'Srey leap', 'Lim', 'default.png', 'Female', '1994-03-08', 18, 7, 1, 7),
	(129, ' ', 'Sophanmay', 'Meng', 'default.png', 'Female', '1995-05-07', 13, 7, 1, 7),
	(130, ' ', 'Leng', 'Kim', 'default.png', 'Male', '1993-06-05', 19, 7, 1, 7),
	(131, ' ', 'Srey Roth', 'Meng', 'default.png', 'Female', '1995-10-08', 17, 7, 1, 7),
	(132, ' ', 'Srey Mom', 'Keo', 'default.png', 'Female', '1994-06-07', 18, 7, 1, 7),
	(133, ' ', 'Tylin', 'Phalla', 'default.png', 'Male', '1994-08-11', 18, 7, 1, 7),
	(134, ' ', 'Veasna', 'Hok', 'default.png', 'Male', '1994-11-22', 18, 7, 1, 7),
	(135, ' ', 'Khunvireak', 'Ly', 'default.png', 'Male', '1994-05-02', 18, 7, 1, 7),
	(136, ' ', 'Davanvirakboth', 'Sam', 'default.png', 'Male', '2002-02-07', 10, 7, 1, 7),
	(137, ' ', 'Sopha', 'Pin', 'default.png', 'Male', '1998-06-01', 14, 5, 1, 9),
	(138, ' ', 'Makara', 'Polly', 'default.png', 'Male', '1997-01-07', 15, 5, 1, 9),
	(139, ' ', 'Sokyi', 'Poy', 'default.png', 'Male', '1996-01-26', 16, 5, 1, 9),
	(140, ' ', 'Khom', 'Chork', 'default.png', 'Male', '1987-12-03', 25, 5, 1, 9),
	(141, ' ', 'Chen', 'Men', 'default.png', 'Male', '1997-01-15', 15, 5, 1, 9),
	(142, ' ', 'Sopanha', 'Houn', 'default.png', 'Male', '1998-12-18', 14, 5, 1, 9),
	(143, ' ', 'Kov', 'Ki', 'default.png', 'Female', '1997-01-05', 15, 5, 1, 9),
	(144, ' ', 'Sokket', 'Phang', 'default.png', 'Female', '2002-01-01', 7, 5, 1, 9),
	(145, ' ', 'Sokhim', 'Hem', 'default.png', 'Female', '1999-09-01', 13, 5, 1, 9),
	(146, ' ', 'Phanith', 'Put', 'default.png', 'Male', '1999-09-18', 13, 5, 1, 9),
	(147, ' ', 'Srey Leak', 'Bo', 'default.png', 'Female', '1998-01-01', 14, 5, 1, 9),
	(148, ' ', 'Chandoeak', 'Nhel', 'default.png', 'Male', '1991-01-01', 21, 5, 1, 9),
	(149, ' ', 'Sophea', 'Pin', 'default.png', 'Male', '1993-07-08', 19, 5, 1, 9),
	(150, ' ', 'Liyoan', 'Te', 'default.png', 'Female', '1997-06-14', 15, 5, 1, 9),
	(151, ' ', 'Sokran', 'yeng', 'default.png', 'Female', '2002-01-01', 12, 5, 1, 9),
	(152, ' ', 'Phanonb', 'Kin', 'default.png', 'Male', '1995-08-08', 18, 5, 1, 9),
	(153, ' ', 'Moan', 'Phat', 'default.png', 'Male', '1994-10-25', 18, 5, 1, 9),
	(154, ' ', 'Chury', 'Nuy', 'default.png', 'Male', '2012-01-14', 12, 5, 1, 9),
	(155, '', 'Sokdalin', 'Sam', 'default.png', 'Female', '2001-08-17', 11, 2, 1, 10),
	(156, ' ', 'Sokdaly', 'Sam', 'default.png', 'Female', '2003-10-10', 9, 2, 1, 10),
	(157, ' ', 'Rachana', 'Khiev', 'default.png', 'Female', '1999-03-17', 14, 2, 1, 10),
	(158, ' ', 'Nita', 'Sope', 'default.png', 'Female', '2002-03-04', 10, 2, 1, 10),
	(159, ' ', 'Kenmonorom', 'Sok', 'default.png', 'Male', '2003-03-29', 9, 2, 1, 10),
	(160, ' ', 'Socheata', 'Vath', 'default.png', 'Female', '2001-05-03', 11, 2, 1, 10),
	(161, ' ', 'Chetra', 'UM', 'default.png', 'Male', '1999-01-01', 22, 1, 1, 8),
	(162, ' ', 'Rachana', 'Khe', 'default.png', 'Male', '1999-01-01', 22, 1, 1, 8),
	(163, ' ', 'Mala', 'Phoun', 'default.png', 'Male', '1999-01-01', 22, 1, 1, 8),
	(164, '', 'Metta', 'Chut', 'default.png', 'Male', '1999-01-01', 22, 1, 1, 8),
	(165, '', 'Sam', 'Koun', 'default.png', 'Male', '1999-01-01', 22, 1, 1, 8),
	(166, ' ', 'Chanmesa', 'Yos', 'default.png', 'Male', '1999-01-01', 22, 1, 1, 8),
	(167, ' ', 'Sopan', 'Nhean', 'default.png', 'Male', '1999-01-01', 22, 1, 1, 8),
	(168, ' ', 'Kiv', 'Ken', 'default.png', 'Male', '1999-01-01', 22, 1, 1, 8),
	(169, ' ', 'Tet', 'Chim', 'default.png', 'Male', '1999-01-01', 22, 1, 1, 8),
	(170, ' ', 'Sichoeum', 'Lon', 'default.png', 'Male', '1999-01-01', 22, 1, 1, 8),
	(171, ' ', 'Nary', 'Somrach', 'default.png', 'Male', '1999-01-01', 22, 1, 1, 8),
	(172, ' ', 'Sarat', 'Chan', 'default.png', 'Male', '1999-01-01', 22, 1, 1, 8),
	(173, ' ', 'Voleak', 'Srong', 'default.png', 'Male', '1999-01-01', 22, 1, 1, 8),
	(174, ' ', 'Sokuntheara', 'Sory', 'default.png', 'Male', '1999-01-01', 22, 1, 1, 8),
	(175, ' ', 'Phally', 'Eng', 'default.png', 'Male', '1999-01-01', 22, 1, 1, 8),
	(176, ' ', 'Sopheap', 'Pov', 'default.png', 'Male', '1999-01-01', 22, 1, 1, 8),
	(177, ' ', 'Amara', 'Men', 'default.png', 'Male', '1999-01-01', 22, 1, 1, 8),
	(178, ' ', 'Danet', 'Chhoun', 'default.png', 'Male', '1999-01-01', 22, 1, 1, 8),
	(179, ' ', 'Sreyrath', 'Soth', 'default.png', 'Male', '1999-01-01', 22, 1, 1, 8),
	(180, ' ', 'Sreytin', 'Long', 'default.png', 'Male', '1999-01-01', 22, 1, 1, 8),
	(181, ' ', 'Sreymom', 'Chea', 'default.png', 'Female', '1999-01-01', 22, 1, 1, 8),
	(182, ' ', 'Phally', 'Chea', 'default.png', 'Male', '1999-01-01', 22, 1, 1, 8),
	(183, ' ', 'Soklin', 'Khal', 'default.png', 'Male', '1999-01-01', 22, 1, 1, 8),
	(184, ' ', 'Phorly', 'Chhen', 'default.png', 'Male', '1999-01-01', 22, 1, 1, 8),
	(185, ' ', 'Seyla', 'Sorn', 'default.png', 'Male', '1999-01-01', 22, 1, 1, 8),
	(186, ' ', 'Laiheak', 'Sun', 'default.png', 'Male', '1999-01-01', 22, 1, 1, 15),
	(187, ' ', 'Sinoeurn', 'Sim', 'default.png', 'Male', '1999-01-01', 22, 1, 1, 15),
	(188, ' ', 'Sovannara', 'Chhom', 'default.png', 'Male', '1999-01-01', 22, 1, 1, 15),
	(189, ' ', 'Sounly', 'Chhang', 'default.png', 'Male', '1999-01-01', 22, 1, 1, 15),
	(190, ' ', 'Chanthou', 'Vong', 'default.png', 'Male', '1999-01-01', 22, 1, 1, 15),
	(191, ' ', 'Vibol', 'Than', 'default.png', 'Male', '1999-01-01', 22, 1, 1, 15),
	(192, ' ', 'Chanda', 'Heng', 'default.png', 'Male', '1999-01-01', 22, 1, 1, 15),
	(193, ' ', 'Doeun', 'Koch', 'default.png', 'Male', '1999-01-01', 22, 1, 1, 15),
	(194, ' ', 'Channy', 'Sooeun', 'default.png', 'Male', '1999-01-01', 22, 1, 1, 15),
	(195, ' ', 'Dara', 'Khan', 'default.png', 'Male', '1999-01-01', 22, 1, 1, 15),
	(196, ' ', 'Saokea', 'Ros', 'default.png', 'Male', '1999-01-01', 22, 1, 1, 15),
	(197, ' ', 'Sreymom', 'Moeun', 'default.png', 'Male', '1999-01-01', 22, 1, 1, 15),
	(198, ' ', 'Sokheng', 'Sen', 'default.png', 'Male', '1999-01-01', 22, 1, 1, 15),
	(199, ' ', 'Sareoun', 'Ren', 'default.png', 'Male', '1999-01-01', 22, 1, 1, 15),
	(200, ' ', 'Mom', 'Soeung', 'default.png', 'Male', '1999-02-01', 22, 1, 1, 15),
	(201, ' ', 'Sophal', 'Horn', 'default.png', 'Male', '1999-01-01', 22, 1, 1, 15),
	(202, ' ', 'Sothary', 'Phorn', 'default.png', 'Male', '1999-01-01', 22, 1, 1, 15),
	(203, ' ', 'Lina', 'Ty', 'default.png', 'Female', '1999-01-01', 22, 1, 1, 15),
	(204, ' ', 'Sophanna', 'Sek', 'default.png', 'Male', '1999-01-01', 22, 1, 1, 15),
	(205, '', 'Sophea', 'Chhuon', 'default.png', 'Male', '1999-01-01', 22, 1, 1, 15),
	(206, ' ', 'Tynay', 'Vong', 'default.png', 'Male', '1999-01-01', 22, 1, 1, 15),
	(207, ' ', 'Vida', 'Chan', 'default.png', 'Female', '1999-01-01', 22, 1, 1, 15),
	(208, ' ', 'Pidor', 'Chhiv', 'default.png', 'Male', '1999-01-01', 22, 1, 1, 15),
	(209, ' ', 'Thaina', 'Seang', 'default.png', 'Female', '1999-01-01', 22, 1, 1, 15),
	(210, ' ', 'Sophea', 'Ou', 'default.png', 'Female', '1999-01-01', 22, 1, 1, 15),
	(211, ' ', 'Sereiroth', 'Soun', 'default.png', 'Female', '1998-08-20', 14, 2, 1, 11),
	(212, ' ', 'Hokly', 'Sophea', 'default.png', 'Male', '1997-04-20', 14, 2, 1, 11),
	(213, ' ', 'Sreyroth', 'Chon', 'default.png', 'Female', '1995-09-12', 16, 2, 1, 11),
	(214, ' ', 'Chetra', 'Noeun', 'default.png', 'Male', '1999-01-03', 13, 2, 1, 11),
	(215, ' ', 'kolboth', 'Kov', 'default.png', 'Male', '1998-07-31', 14, 2, 1, 11),
	(216, ' ', 'Pokeang', 'Ung', 'default.png', 'Male', '1999-01-01', 22, 1, 1, 16),
	(217, ' ', 'Dalin', 'Um', 'default.png', 'Female', '1999-01-01', 22, 1, 1, 16),
	(218, ' ', 'Tetyasak', 'Nem', 'default.png', 'Male', '1999-01-01', 22, 1, 1, 16),
	(219, ' ', 'Tola', 'Mech', 'default.png', 'Male', '1999-01-01', 22, 1, 1, 16),
	(220, ' ', 'Sirem', 'Em', 'default.png', 'Male', '1999-01-01', 22, 1, 1, 16),
	(221, ' ', 'Kunthea', 'Hoeung', 'default.png', 'Male', '1999-01-01', 22, 4, 1, 16),
	(222, ' ', 'Sinot', 'Yun', 'default.png', 'Male', '1999-01-01', 22, 1, 1, 16),
	(223, ' ', 'Kunthea', 'Hoeung', 'default.png', 'Male', '1999-01-01', 22, 1, 1, 16),
	(224, ' ', 'Sreylin', 'Heng', 'default.png', 'Female', '1999-01-01', 22, 1, 1, 16),
	(225, ' ', 'Sophany', 'Pheng', 'default.png', 'Female', '1999-01-01', 22, 1, 1, 16),
	(226, ' ', 'Yan', 'Say', 'default.png', 'Male', '1999-01-01', 22, 1, 1, 16),
	(227, ' ', 'Pen', 'Pon', 'default.png', 'Female', '1999-01-01', 22, 1, 1, 16),
	(228, ' ', 'Chanheng', 'Sen', 'default.png', 'Male', '1999-01-01', 22, 1, 1, 16),
	(229, ' ', 'Sopheak', 'Chhem', 'default.png', 'Male', '1999-01-01', 22, 1, 1, 16),
	(230, ' ', 'Ratha', 'Heng', 'default.png', 'Male', '1999-01-01', 22, 1, 1, 16),
	(231, ' ', 'Sreymom', 'Prak', 'default.png', 'Female', '1999-01-01', 22, 1, 1, 16),
	(232, ' ', 'Usa', 'Neat', 'default.png', 'Male', '1999-01-01', 22, 1, 1, 16),
	(233, ' ', 'Sreypech', 'Ny', 'default.png', 'Female', '1999-01-01', 22, 1, 1, 16),
	(234, ' ', 'Veasna', 'Kong', 'default.png', 'Male', '1999-01-01', 22, 1, 1, 16),
	(235, ' ', 'Vichhay', 'Serey', 'default.png', 'Male', '1999-01-01', 22, 1, 1, 16),
	(236, '', 'Pheas', 'Phoub', 'default.png', 'Male', '1999-01-01', 22, 1, 1, 16),
	(237, '', 'Roeum', 'Sriep', 'default.png', 'Male', '1999-01-01', 22, 1, 1, 16),
	(238, ' ', 'Channy', 'Ben', 'default.png', 'Female', '1999-01-01', 22, 1, 1, 16),
	(239, ' ', 'Chantha', 'Houn', 'default.png', 'Male', '1999-01-01', 22, 1, 1, 16),
	(240, ' ', 'Chathea', 'Mal', 'default.png', 'Male', '1999-01-01', 22, 1, 1, 16),
	(241, ' ', 'Kamara', 'Khlan', 'default.png', 'Male', '1999-01-01', 22, 1, 1, 16),
	(242, '', 'Srey ya', 'Chea', 'default.png', 'Female', '1994-03-03', 18, 8, 1, 14),
	(243, '', 'Chanda', 'Mean', 'default.png', 'Female', '1994-02-01', 18, 8, 1, 14),
	(244, ' ', 'Sinoun', 'Loun', 'default.png', 'Female', '1991-09-01', 21, 8, 1, 14),
	(245, ' ', 'Sinat', 'Vinh', 'default.png', 'Female', '1999-03-10', 13, 8, 1, 14),
	(246, ' ', 'ly', 'peang', 'default.png', 'Female', '1997-03-03', 16, 8, 1, 14),
	(247, '', 'Oun', 'Srey', 'default.png', 'Female', '1995-03-27', 17, 8, 1, 14),
	(248, ' ', 'Heng', 'Mean', 'default.png', 'Female', '1995-01-01', 17, 8, 1, 14),
	(249, ' ', 'Chanthoeurn', 'Soth', 'default.png', 'Female', '1994-03-10', 19, 8, 1, 14),
	(250, ' ', 'Sokun', 'Lisa', 'default.png', 'Female', '1997-03-25', 15, 8, 1, 14),
	(251, ' ', 'Engsieng', 'San', 'default.png', 'Female', '1998-06-14', 14, 8, 1, 14),
	(252, ' ', 'Sreyneang', 'Ket', 'default.png', 'Female', '1995-01-20', 17, 8, 1, 14),
	(253, ' ', 'Bolbanha', 'Chan', 'default.png', 'Female', '2004-11-30', 8, 2, 1, 13),
	(254, ' ', 'Sochanborey', 'Pol', 'default.png', 'Female', '2005-07-23', 7, 2, 1, 13),
	(255, ' ', 'Chanpekdey', 'Kung', 'default.png', 'Male', '2005-01-12', 7, 2, 1, 13),
	(256, ' ', 'Pisey', 'Ti', 'default.png', 'Female', '2003-12-01', 9, 2, 1, 13),
	(257, ' ', 'Dararsmey', 'Kemchan', 'default.png', 'Female', '2003-03-01', 9, 2, 1, 13),
	(258, ' ', 'Vung', 'Nu', 'default.png', 'Male', '2000-01-01', 12, 2, 1, 13),
	(259, ' ', 'Virek', 'Ten', 'default.png', 'Male', '2002-12-02', 10, 2, 1, 13),
	(260, ' ', 'Daravichay', 'Pov', 'default.png', 'Male', '2003-02-01', 9, 2, 1, 13),
	(261, ' ', 'Chanrotha', 'Peng', 'default.png', 'Male', '2000-03-03', 12, 2, 1, 13),
	(262, ' ', 'Pileb', 'Tep', 'default.png', 'Male', '2000-09-07', 12, 2, 1, 13),
	(263, ' ', 'Lat', 'Pov', 'default.png', 'Male', '2001-12-25', 11, 2, 1, 13),
	(264, ' ', 'Chandaneth', 'Sok', 'default.png', 'Female', '2004-09-23', 8, 2, 1, 13),
	(265, ' ', 'Sokunmele', 'Men', 'default.png', 'Female', '2007-08-11', 5, 2, 1, 13),
	(266, ' ', 'Pisal', 'Ti', 'default.png', 'Male', '2003-06-30', 9, 2, 1, 13),
	(267, ' ', 'Sovanda', 'Kroch', 'default.png', 'Male', '2000-10-28', 12, 2, 1, 13),
	(268, ' ', 'Sreynech', 'Chan', 'default.png', 'Female', '2006-04-15', 6, 2, 1, 13),
	(269, ' ', 'Sreypich', 'Tep', 'default.png', 'Female', '2006-04-12', 6, 2, 1, 13),
	(270, ' ', 'Yalin', 'Van', 'default.png', 'Male', '2001-01-06', 11, 2, 1, 13),
	(271, ' ', 'Solien', 'Sun', 'default.png', 'Female', '1999-09-09', 14, 2, 1, 13),
	(272, ' ', 'Polla', 'Chey', 'default.png', 'Male', '1998-06-01', 15, 2, 1, 13),
	(273, ' ', 'Voy', 'Tip', 'default.png', 'Male', '1998-07-02', 15, 2, 1, 13),
	(274, ' ', 'Sreyroth', 'Van', 'default.png', 'Female', '2002-02-02', 10, 2, 1, 13),
	(275, ' ', 'Sreypich', 'Van', 'default.png', 'Female', '2004-06-12', 8, 2, 1, 13),
	(276, ' ', 'Sopheak', 'Phal', 'default.png', 'Female', '2000-09-21', 12, 2, 1, 11),
	(277, ' ', 'Piseth Panha', 'Kem', 'default.png', 'Male', '1999-09-01', 13, 2, 1, 11),
	(278, ' ', 'Sophyvatana', 'Tep', 'default.png', 'Male', '1999-01-28', 13, 2, 1, 11),
	(279, ' ', 'Thathiny', 'Tep', 'default.png', 'Female', '2002-07-12', 10, 2, 0, 11),
	(280, ' ', 'Suen', 'Sithysak', 'default.png', 'Male', '2002-10-20', 14, 2, 1, 11),
	(281, ' ', 'Piza', 'Khy', 'default.png', 'Male', '1997-06-30', 15, 2, 0, 11),
	(282, ' ', 'Kalin', 'Voung', 'default.png', 'Male', '1999-02-01', 13, 2, 1, 11),
	(283, ' ', 'Piza', 'Khy', 'default.png', 'Male', '1997-06-30', 15, 2, 1, 11),
	(284, ' ', 'Suen', 'Sithysak', 'default.png', 'Male', '2002-10-20', 14, 2, 0, 11),
	(285, ' ', 'Thathiny', 'Tep', 'default.png', 'Female', '2002-07-12', 10, 2, 1, 11),
	(286, ' ', 'Sophyvatana', 'Tep', 'default.png', 'Male', '1999-01-28', 13, 2, 0, 11),
	(287, ' ', 'Piseth Panha', 'Kem', 'default.png', 'Male', '1999-09-01', 13, 2, 0, 11),
	(288, ' ', 'Sopheak', 'Phal', 'default.png', 'Female', '2000-09-21', 12, 2, 0, 11),
	(289, ' ', 'Sopheak', 'Phal', 'default.png', 'Female', '2000-09-21', 12, 2, 0, 11),
	(290, ' ', 'Chantha', 'Soem', 'default.png', 'Female', '1994-02-01', 18, 2, 1, 12),
	(291, ' ', 'Bunly', 'Neam', 'default.png', 'Male', '1989-12-04', 23, 2, 1, 12),
	(292, ' ', 'Samnang', 'Nou', 'default.png', 'Male', '1993-09-04', 20, 2, 1, 12),
	(293, ' ', 'Kakada', 'Duk', 'default.png', 'Male', '1993-08-07', 20, 2, 1, 12),
	(294, ' ', 'Doeurn', 'Chev', 'default.png', 'Male', '1988-05-10', 24, 2, 1, 12),
	(295, ' ', 'Chansim', 'Vourng', 'default.png', 'Male', '1994-04-02', 19, 2, 1, 12),
	(296, ' ', 'Vireak Both', 'Somdavan', 'default.png', 'Male', '2002-02-07', 10, 7, 1, 18),
	(297, ' ', 'Sophanmai', 'Meng', 'default.png', 'Female', '1999-05-07', 13, 7, 1, 18),
	(298, ' ', 'Sothy', 'Neth', 'default.png', 'Male', '1997-09-11', 15, 7, 1, 18),
	(299, ' ', 'Tilin', 'Phala', 'default.png', 'Male', '1994-08-11', 18, 7, 1, 18),
	(300, ' ', 'Virek', 'Ly Khun', 'default.png', 'Male', '1995-05-02', 17, 7, 1, 18),
	(301, ' ', 'Solan', 'Neth', 'default.png', 'Female', '1996-01-09', 16, 7, 1, 18),
	(302, ' ', 'Veasna', 'Hok', 'default.png', 'Male', '1994-12-21', 18, 7, 1, 18),
	(303, ' ', 'Srey Leap', 'Lim', 'default.png', 'Female', '1994-03-08', 18, 7, 1, 18),
	(304, ' ', 'Srey Rath', 'Meng', 'default.png', 'Female', '1995-10-08', 17, 7, 1, 18),
	(305, ' ', 'Srey Mom', 'Keo', 'default.png', 'Female', '1996-02-07', 16, 7, 1, 18),
	(306, ' ', 'Leng', 'Kim', 'default.png', 'Male', '1992-06-05', 20, 7, 1, 18),
	(307, ' ', 'Srey Leak', 'Lim', 'default.png', 'Female', '1998-08-30', 14, 7, 1, 17),
	(308, ' ', 'Seav Meng', 'Ly', 'default.png', 'Male', '1992-06-05', 20, 7, 1, 17),
	(309, ' ', 'Srey Lin', 'Vath', 'default.png', 'Female', '1994-09-06', 18, 7, 1, 17),
	(310, ' ', 'Somthim', 'Theoun', 'default.png', 'Male', '1999-06-18', 13, 7, 1, 17),
	(311, ' ', 'Srey Pov', 'Vat', 'default.png', 'Female', '1998-06-05', 14, 7, 1, 17),
	(312, ' ', 'Samich', 'Kah', 'default.png', 'Female', '1998-03-16', 14, 7, 1, 17),
	(313, ' ', 'Sovan Neat', 'Srey', 'default.png', 'Female', '1997-04-25', 15, 7, 1, 17),
	(314, ' ', 'Nita', 'Khun', 'default.png', 'Female', '1995-09-08', 17, 7, 1, 17),
	(315, ' ', 'Raty', 'Khun', 'default.png', 'Female', '1993-09-30', 19, 7, 1, 17),
	(316, ' ', 'Cham Ronbg', 'Than', 'default.png', 'Male', '1993-09-21', 19, 7, 0, 17),
	(317, ' ', 'Sok Reoun', 'Sam', 'default.png', 'Male', '1994-06-25', 18, 7, 1, 17),
	(318, ' ', 'Srey Neang', 'Khom', 'default.png', 'Female', '1993-01-10', 19, 7, 1, 17),
	(319, ' ', 'Song Iey', 'Horn', 'default.png', 'Female', '1994-11-12', 18, 7, 1, 17),
	(320, ' ', 'Pav', 'Seourn', 'default.png', 'Male', '2005-02-10', 7, 3, 1, 22),
	(321, ' ', 'Chenda', 'Long', 'default.png', 'Female', '2005-07-04', 7, 3, 1, 22),
	(322, ' ', 'Pav', 'Seourn', 'default.png', 'Male', '2005-02-10', 7, 3, 0, 22),
	(323, ' ', 'Leakena', 'Chhin', 'default.png', 'Female', '2005-12-10', 2005, 3, 1, 22),
	(324, ' ', 'Leakena', 'Chhin', 'default.png', 'Female', '2005-12-10', 2005, 3, 1, 22),
	(325, ' ', 'Seangvanly', 'Sam', 'default.png', 'Male', '2005-02-10', 7, 3, 1, 22),
	(326, ' ', 'Samphos', 'Pov', 'default.png', 'Female', '2005-08-15', 7, 3, 1, 22),
	(327, ' ', 'Meas', 'Prum', 'default.png', 'Female', '2005-03-27', 7, 3, 1, 22),
	(328, ' ', 'Sophea', 'Sam', 'default.png', 'Male', '1997-02-24', 15, 3, 1, 5),
	(329, ' ', 'Sophea', 'Sam', 'default.png', 'Male', '0000-00-00', 16, 3, 1, 5),
	(330, ' ', 'Srey Toch', 'Vai', 'default.png', 'Female', '0000-00-00', 13, 3, 1, 5),
	(331, '    ', 'Sreyvaty', 'Pon', 'default.png', 'Female', '0000-00-00', 11, 3, 1, 5),
	(332, ' ', 'Pich', 'Prum', 'default.png', 'Female', '2005-03-27', 11, 3, 1, 22),
	(333, ' ', 'Seavmich', 'Eour', 'default.png', 'Female', '2005-03-23', 7, 3, 1, 22),
	(334, ' ', 'Ra', 'Chan', 'default.png', 'Female', '2004-04-02', 8, 3, 1, 22),
	(335, ' ', 'Sal', 'Heng', 'default.png', 'Female', '2004-11-04', 8, 3, 1, 22),
	(336, ' ', 'Sreyna', 'Krin', 'default.png', 'Female', '2004-08-17', 8, 3, 1, 22),
	(337, ' ', 'Chenda', 'Nat', 'default.png', 'Male', '2004-05-07', 8, 3, 1, 22),
	(338, ' ', 'Sophorn', 'Set', 'default.png', 'Male', '0000-00-00', 8, 3, 1, 22),
	(339, ' ', 'Sreytouch', 'Ly', 'default.png', 'Female', '2004-01-01', 8, 3, 1, 22),
	(340, ' ', 'Chhunleng', 'Van', 'default.png', 'Female', '2004-06-04', 8, 3, 1, 22),
	(341, ' ', 'Navy', 'Ry', 'default.png', 'Female', '2004-03-06', 8, 3, 1, 22),
	(342, ' ', 'Chandara', 'Seu', 'default.png', 'Male', '2003-06-03', 9, 3, 1, 22),
	(343, ' ', 'Rey', 'Chan', 'default.png', 'Male', '2003-06-04', 9, 3, 1, 22),
	(344, ' ', 'Tith', 'Sor', 'default.png', 'Male', '2003-01-03', 9, 3, 1, 22),
	(345, ' ', 'Makara', 'Sok', 'default.png', 'Male', '2003-01-05', 9, 3, 1, 22),
	(346, ' ', 'Vinyong', 'Phan', 'default.png', 'Female', '2003-05-13', 9, 3, 1, 22),
	(347, ' ', 'Samnang', 'Lanh', 'default.png', 'Male', '2002-12-31', 10, 3, 1, 22),
	(348, ' ', 'Chury', 'Rom', 'default.png', 'Male', '2020-00-01', 11, 3, 1, 23),
	(349, ' ', 'Sryonn', 'Tork', 'default.png', 'Female', '2004-09-07', 8, 3, 1, 23),
	(350, ' ', 'Lina', 'Paun', 'default.png', 'Female', '2003-05-14', 9, 3, 1, 23),
	(351, ' ', 'Veasna', 'Yann', 'default.png', 'Male', '2003-12-12', 9, 3, 1, 23),
	(352, ' ', 'Visal', 'Ly', 'default.png', 'Male', '0000-00-00', 9, 3, 1, 23),
	(353, ' ', 'Lyeng', 'Meourn', 'default.png', 'Male', '2003-03-24', 9, 3, 1, 23),
	(354, ' ', 'Sreynath', 'Soy', 'default.png', 'Female', '2004-07-03', 8, 3, 1, 23),
	(355, ' ', 'Seang Huo', 'Hach', 'default.png', 'Male', '2003-12-11', 9, 3, 1, 23),
	(356, ' ', 'Lychayt Hvong', 'Phanri', 'default.png', 'Female', '2003-02-08', 9, 3, 1, 23),
	(357, ' ', 'Vat', 'Loy', 'default.png', 'Male', '2004-09-21', 8, 3, 1, 23),
	(358, ' ', 'Samphorn', 'Met', 'default.png', 'Female', '2003-08-28', 9, 3, 1, 23),
	(359, ' ', 'Sreyneang', 'Khorn', 'default.png', 'Female', '2003-08-28', 9, 3, 1, 23),
	(360, ' ', 'Sovanrakmey', 'Khorn', 'default.png', 'Female', '0000-00-00', 8, 3, 1, 23),
	(361, ' ', 'Pros Pich', 'Yut', 'default.png', 'Male', '2003-08-03', 9, 3, 1, 23),
	(362, ' ', 'Srey neth', 'Dorn', 'default.png', 'Female', '0000-00-00', 9, 3, 1, 23),
	(363, ' ', 'Nat', 'Nang', 'default.png', 'Male', '0000-00-00', 12, 3, 1, 23),
	(364, ' ', 'Seophiorn', 'Sim', 'default.png', 'Female', '2002-03-18', 10, 3, 1, 23),
	(365, ' ', 'Lai Heang', 'Kroung', 'default.png', 'Male', '0000-00-00', 11, 3, 1, 23),
	(366, ' ', 'Chiya', 'Norn', 'default.png', 'Male', '2003-10-15', 9, 3, 1, 23),
	(367, ' ', 'Vibol', 'Kong', 'default.png', 'Male', '0000-00-00', 11, 3, 1, 23),
	(368, ' ', 'Outdom', 'Cheon', 'default.png', 'Male', '0000-00-00', 13, 3, 1, 25),
	(369, ' ', 'Pon', 'Huon', 'default.png', 'Male', '0000-00-00', 11, 3, 1, 25),
	(370, ' ', 'Sreynith', 'But', 'default.png', 'Male', '0000-00-00', 11, 3, 1, 25),
	(371, ' ', 'Pheak', 'Phon', 'default.png', 'Male', '0000-00-00', 11, 3, 1, 25),
	(372, ' ', 'Samphos', 'Ren', 'default.png', 'Male', '0000-00-00', 11, 3, 1, 25),
	(373, ' ', 'Ratana', 'Doeurn', 'default.png', 'Female', '0000-00-00', 11, 3, 1, 25),
	(374, ' ', 'Malis', 'Proeurng', 'default.png', 'Female', '0000-00-00', 11, 3, 1, 25),
	(375, ' ', 'Srey nith', 'Kong', 'default.png', 'Female', '2003-06-23', 9, 3, 1, 25),
	(376, ' ', 'Sokchea', 'Nong', 'default.png', 'Female', '2002-12-12', 10, 3, 1, 25),
	(377, ' ', 'Channa', 'Sem', 'default.png', 'Male', '2002-09-15', 10, 3, 1, 25),
	(378, ' ', 'Makara', 'Nhi', 'default.png', 'Male', '2002-01-26', 10, 3, 1, 25),
	(379, ' ', 'Srey Touch', 'Oun', 'default.png', 'Female', '2002-07-15', 10, 3, 1, 25),
	(380, ' ', 'Sareourn', 'Mann', 'default.png', 'Male', '0000-00-00', 12, 3, 1, 25),
	(381, ' ', 'Da', 'Tha', 'default.png', 'Male', '0000-00-00', 12, 3, 1, 25),
	(382, ' ', 'Saleorun', 'Van', 'default.png', 'Male', '0000-00-00', 12, 3, 1, 25),
	(383, ' ', 'Sok Ching', 'Eng', 'default.png', 'Male', '0000-00-00', 11, 3, 1, 25),
	(384, ' ', 'Sreyneang', 'Oun', 'default.png', 'Female', '0000-00-00', 13, 3, 1, 25),
	(385, ' ', 'Sothea', 'Reourng', 'default.png', 'Male', '0000-00-00', 11, 3, 1, 25),
	(386, ' ', 'Rong', 'Dorn', 'default.png', 'Male', '0000-00-00', 11, 3, 1, 25),
	(387, ' ', 'Sreyphea', 'Sok', 'default.png', 'Female', '0000-00-00', 11, 3, 1, 25),
	(388, ' ', 'Le', 'Tha', 'default.png', 'Male', '0000-00-00', 12, 3, 1, 25),
	(389, ' ', 'Chom Rong', 'Thorn', 'default.png', 'Male', '1993-09-21', 19, 7, 1, 17),
	(390, ' ', 'Vathith', 'Thai', 'default.png', 'Male', '0000-00-00', 11, 3, 1, 26),
	(391, ' ', 'Theara', 'Prak', 'default.png', 'Female', '0000-00-00', 10, 3, 1, 26),
	(392, ' ', 'Chum Nou', 'Chor', 'default.png', 'Male', '0000-00-00', 11, 3, 1, 26),
	(393, ' ', 'Sokheng', 'Nov', 'default.png', 'Female', '0000-00-00', 11, 3, 1, 26),
	(394, ' ', 'Kem houy', 'Ton', 'default.png', 'Female', '0000-00-00', 13, 3, 1, 26),
	(395, ' ', 'Srey Vik', 'Yin', 'default.png', 'Female', '0000-00-00', 11, 3, 1, 26),
	(396, ' ', 'Kim Hong', 'Heang', 'default.png', 'Female', '0000-00-00', 10, 3, 1, 26),
	(397, ' ', 'Srey Mey', 'Deourn', 'default.png', 'Female', '0000-00-00', 10, 3, 1, 26),
	(398, ' ', 'Sreyneang', 'Khorn', 'default.png', 'Female', '0000-00-00', 10, 3, 1, 26),
	(399, ' ', 'Darygnel', 'Chom', 'default.png', 'Male', '0000-00-00', 12, 3, 1, 26),
	(400, ' ', 'Srey Mom', 'Leang', 'default.png', 'Female', '0000-00-00', 12, 3, 1, 26),
	(401, ' ', 'Srey Oun', 'Chan', 'default.png', 'Female', '0000-00-00', 12, 3, 1, 26),
	(402, ' ', 'Long', 'Tha', 'default.png', 'Male', '0000-00-00', 10, 3, 1, 27),
	(403, ' ', 'Sinoun', 'Mann', 'default.png', 'Male', '0000-00-00', 8, 3, 1, 27),
	(404, ' ', 'Srey Leap', 'Cheoun', 'default.png', 'Female', '0000-00-00', 8, 3, 1, 27),
	(405, ' ', 'Phally', 'Leourng', 'default.png', 'Female', '0000-00-00', 8, 3, 1, 27),
	(406, ' ', 'Mannavy', 'Panha', 'default.png', 'Female', '0000-00-00', 10, 3, 1, 27),
	(407, ' ', 'Noy', 'Heang', 'default.png', 'Male', '0000-00-00', 10, 3, 1, 27),
	(408, ' ', 'Chan Try', 'Vit', 'default.png', 'Female', '0000-00-00', 10, 3, 1, 27),
	(409, ' ', 'Yat', 'Tum', 'default.png', 'Male', '0000-00-00', 11, 3, 1, 27),
	(410, ' ', 'Theary', 'Nai', 'default.png', 'Female', '0000-00-00', 12, 3, 1, 27),
	(411, ' ', 'Thavy', 'Cheon', 'default.png', 'Female', '0000-00-00', 12, 3, 1, 27),
	(412, ' ', 'Nouch', 'Heang', 'default.png', 'Male', '0000-00-00', 12, 3, 1, 27),
	(413, ' ', 'Chantha', 'Seng', 'default.png', 'Male', '0000-00-00', 12, 3, 1, 27),
	(414, ' ', 'Sopha', 'Pin', 'default.png', 'Male', '0000-00-00', 12, 3, 1, 27),
	(415, ' ', 'Khe', 'Pheong', 'default.png', 'Male', '0000-00-00', 10, 3, 1, 27),
	(416, ' ', 'Lai Heang', 'Kroung', 'default.png', 'Male', '0000-00-00', 11, 3, 1, 27),
	(417, ' ', 'Mithona', 'Nil', 'default.png', 'Male', '0000-00-00', 7, 3, 1, 27),
	(418, ' ', 'Tola', 'Cheat', 'default.png', 'Male', '0000-00-00', 7, 3, 1, 27),
	(419, ' ', 'Srey On', 'Chan', 'default.png', 'Female', '0000-00-00', 12, 3, 1, 27),
	(420, ' ', 'Saphon', 'Leok', 'default.png', 'Female', '0000-00-00', 7, 3, 1, 27),
	(421, ' ', 'Leakna', 'Sambet', 'default.png', 'Female', '1993-07-10', 19, 8, 1, 14),
	(422, '', 'Nan', 'Chhoun', 'default.png', 'Female', '1993-03-10', 19, 8, 1, 14),
	(423, ' ', 'Sopheak', 'Phin', 'default.png', 'Female', '1997-11-03', 15, 8, 1, 14),
	(424, '', 'Srey Nhoeun', 'Nang', 'default.png', 'Female', '1993-07-25', 20, 10, 1, 28),
	(425, '', 'Sokra', 'Sombath', 'default.png', 'Female', '2012-12-12', 20, 10, 1, 28),
	(426, '', 'Bopha', 'Ly', 'default.png', 'Female', '2012-10-08', 15, 10, 1, 28),
	(427, '', 'Sreyna', 'Roth Chan', 'default.png', 'Female', '1996-09-09', 16, 10, 1, 28),
	(428, '4', 'Mao', 'Srey', 'default.png', 'Female', '1999-12-12', 13, 10, 1, 28),
	(429, '', 'Malen', 'Ly', 'default.png', 'Female', '2000-07-10', 12, 10, 1, 28),
	(430, '', 'Sonita', 'Soun', 'default.png', 'Female', '2003-01-22', 9, 10, 1, 28),
	(431, '6', 'Sreynei', 'Lout', 'default.png', 'Female', '2003-11-30', 9, 10, 1, 28),
	(432, '9', 'Sroan', 'Sroeun', 'default.png', 'Female', '2005-09-06', 7, 10, 1, 28),
	(433, ' ', 'Vathith', 'Thai', 'default.png', 'Male', '2003-10-21', 9, 3, 1, 30),
	(434, ' ', 'Theara', 'Prak', 'default.png', 'Female', '2002-03-31', 12, 3, 1, 30),
	(435, ' ', 'Chum Nou', 'Chor', 'default.png', 'Male', '2003-09-11', 9, 3, 1, 30),
	(436, ' ', 'Sokheng', 'Nov', 'default.png', 'Female', '2000-01-01', 12, 3, 1, 30),
	(437, ' ', 'Kem houy', 'Ton', 'default.png', 'Female', '2001-07-03', 11, 3, 1, 30),
	(438, ' ', 'Srey Vik', 'Yin', 'default.png', 'Female', '2002-01-01', 12, 3, 1, 30),
	(439, ' ', 'Kim Hong', 'Heang', 'default.png', 'Female', '2002-05-25', 10, 3, 1, 30),
	(440, ' ', 'Srey Mey', 'Deourn', 'default.png', 'Female', '2002-01-01', 10, 3, 1, 30),
	(441, ' ', 'Sreyneang', 'Korn', 'default.png', 'Female', '2002-01-10', 10, 3, 1, 30),
	(442, ' ', 'Darygnel', 'Chom', 'default.png', 'Male', '2001-06-05', 11, 3, 1, 30),
	(443, ' ', 'Srey Mom', 'Leang', 'default.png', 'Female', '2000-01-01', 12, 3, 1, 30),
	(444, ' ', 'Srey Oun', 'Chan', 'default.png', 'Female', '2000-06-24', 12, 3, 1, 30),
	(445, ' ', 'Pav', 'Seourn', 'default.png', 'Male', '2005-09-02', 7, 3, 1, 29),
	(446, ' ', 'Chanda', 'Long', 'default.png', 'Female', '2005-07-04', 7, 3, 1, 29),
	(447, ' ', 'Leakena', 'Chhin', 'default.png', 'Female', '2005-09-12', 7, 3, 1, 29),
	(448, ' ', 'Seangvanly', 'Sam', 'default.png', 'Male', '2005-01-01', 7, 3, 1, 29),
	(449, ' ', 'Samphos', 'Pov', 'default.png', 'Female', '2005-08-15', 7, 3, 1, 29),
	(450, ' ', 'Meas', 'Prum', 'default.png', 'Male', '2005-03-27', 7, 3, 1, 29),
	(451, ' ', 'Pich', 'Prum', 'default.png', 'Male', '2005-03-27', 7, 3, 1, 29),
	(452, ' ', 'Seavmich', 'Eour', 'default.png', 'Female', '2005-03-23', 7, 3, 1, 29),
	(453, ' ', 'Re', 'Chan', 'default.png', 'Male', '2004-04-02', 8, 3, 1, 29),
	(454, ' ', 'Sal', 'Heng', 'default.png', 'Male', '2004-11-04', 8, 3, 1, 29),
	(455, ' ', 'Sreyna', 'Khrin', 'default.png', 'Female', '2004-08-17', 8, 3, 1, 29),
	(456, ' ', 'Chenda', 'Net', 'default.png', 'Male', '2004-05-07', 8, 3, 1, 29),
	(457, ' ', 'Sophorn', 'Set', 'default.png', 'Male', '2004-01-01', 8, 3, 1, 29),
	(458, ' ', 'Srey Thouch', 'Ly', 'default.png', 'Female', '2004-01-01', 8, 3, 1, 29),
	(459, ' ', 'Chhunleng', 'Van', 'default.png', 'Female', '2004-06-04', 8, 3, 1, 29),
	(460, ' ', 'Navy', 'Ry', 'default.png', 'Female', '2004-03-06', 8, 3, 1, 29),
	(461, ' ', 'Chandara', 'Seu', 'default.png', 'Male', '2003-06-30', 9, 3, 1, 29),
	(462, ' ', 'Rey', 'Chan', 'default.png', 'Male', '2003-06-04', 9, 3, 1, 29),
	(463, ' ', 'Tith', 'Sor', 'default.png', 'Male', '2003-01-03', 9, 3, 1, 29),
	(464, ' ', 'Makara', 'Sok', 'default.png', 'Male', '2003-01-15', 9, 3, 1, 29),
	(465, ' ', 'Vinyong', 'Phan', 'default.png', 'Female', '2003-05-13', 9, 3, 1, 29),
	(466, ' ', 'Samnang', 'Lanh', 'default.png', 'Male', '2002-12-31', 10, 3, 1, 29);
/*!40000 ALTER TABLE `tbl_students` ENABLE KEYS */;


# Dumping structure for table db_saa.tbl_teachers
DROP TABLE IF EXISTS `tbl_teachers`;
CREATE TABLE IF NOT EXISTS `tbl_teachers` (
  `tea_id` int(11) NOT NULL AUTO_INCREMENT,
  `tea_name` varchar(250) NOT NULL,
  `tea_sex` varchar(10) NOT NULL,
  `tea_phone` varchar(250) NOT NULL,
  `tea_address` text NOT NULL,
  `tea_email` varchar(250) NOT NULL,
  `tea_description` text NOT NULL,
  `tea_position` varchar(250) NOT NULL,
  `tea_password` varchar(250) NOT NULL,
  `tea_status` int(11) NOT NULL DEFAULT '1',
  PRIMARY KEY (`tea_id`)
) ENGINE=InnoDB AUTO_INCREMENT=12 DEFAULT CHARSET=utf8;

# Dumping data for table db_saa.tbl_teachers: ~11 rows (approximately)
DELETE FROM `tbl_teachers`;
/*!40000 ALTER TABLE `tbl_teachers` DISABLE KEYS */;
INSERT INTO `tbl_teachers` (`tea_id`, `tea_name`, `tea_sex`, `tea_phone`, `tea_address`, `tea_email`, `tea_description`, `tea_position`, `tea_password`, `tea_status`) VALUES
	(1, 'admin', 'Male', '0972 666 056', 'Phnom Pehn', 'sochy.choeun@gmail.comm', 'Trainer', 'Admin', '21232f297a57a5a743894a0e4a801fc3', 1),
	(2, 'Yan Vannac', 'Male', '012 584 930', '#14Eo, St242,Doun Penh,PP,Cambodia', 'vannac.yan@gmail.com', 'From 2005', 'Admin', '827ccb0eea8a706c4c34a16891f84e7b', 1),
	(3, 'Sineth', 'Female', '010696951', '', 'chansineth2008@gmail.com', '', 'Teacher', '604039b0b26d104d3ad66d99bd981622', 1),
	(4, 'Liya', 'Female', '093 291 912', '', 'chengliya@ymail.com', '', 'Teacher', '83bf6caa59c17cd19dc94c7c7ee5f9ab', 1),
	(5, 'Nich', 'Female', '092955289', '', 'ly.srey.nich@gmail.com', '', 'Teacher', '0fb51270e088823829a516f104d7bbce', 1),
	(6, 'Lita', 'Female', '093323150', '', '', 'Edit second time', 'Teacher', '033e78723deeab3241db6344aed10a9c', 1),
	(7, 'Dara', 'Female', '012769315', '', '', '', 'Teacher', 'b6af3f19458ec8e6faff8ee1e0440ecb', 1),
	(8, 'Piseth', 'Male', '090311341', '', 'lunpiseth@gmail.com', '', 'Teacher', '409e685e03177ec028e196f5d2603752', 1),
	(9, 'Kate', 'Female', '1237', '', '', '', 'Teacher', '5be0a66b86dd75ac8ca69b73425e6c81', 0),
	(10, 'tc sophea', 'Male', '', '', '', '', 'Teacher', 'dc65be99f8c6f6865715617955b85942', 1),
	(11, 'Vannac Yan', 'Male', '012 58 49 30', '#14 Eo,St 242, Doun Penh , Phnom Penh, Cambodia.', 'vannac.yan@gmail.com', 'Two position teacher and Admin', 'Teacher', '3e0101ecf0d8427cf14f3f6dc2f0282d', 1);
/*!40000 ALTER TABLE `tbl_teachers` ENABLE KEYS */;


# Dumping structure for table db_saa.tbl_terms
DROP TABLE IF EXISTS `tbl_terms`;
CREATE TABLE IF NOT EXISTS `tbl_terms` (
  `ter_id` int(11) NOT NULL AUTO_INCREMENT,
  `ter_gen_id` int(11) NOT NULL,
  `ter_start_date` date NOT NULL,
  `ter_end_date` date NOT NULL,
  `ter_status` int(11) NOT NULL DEFAULT '1',
  `ter_name` varchar(11) NOT NULL,
  PRIMARY KEY (`ter_id`)
) ENGINE=InnoDB AUTO_INCREMENT=20 DEFAULT CHARSET=utf8;

# Dumping data for table db_saa.tbl_terms: ~19 rows (approximately)
DELETE FROM `tbl_terms`;
/*!40000 ALTER TABLE `tbl_terms` DISABLE KEYS */;
INSERT INTO `tbl_terms` (`ter_id`, `ter_gen_id`, `ter_start_date`, `ter_end_date`, `ter_status`, `ter_name`) VALUES
	(1, 1, '2012-01-01', '2012-03-31', 1, 'Term 1'),
	(2, 1, '2012-04-01', '2012-06-30', 1, 'Term 2'),
	(3, 2, '2012-01-01', '2012-02-01', 1, 'Term 1'),
	(4, 2, '2012-02-02', '2012-03-01', 1, 'Term 2'),
	(5, 2, '2012-03-02', '2012-04-01', 1, 'Term 3'),
	(6, 1, '2012-07-01', '2012-09-30', 1, 'Term 3'),
	(7, 1, '2012-10-01', '2012-12-31', 1, 'Term 4'),
	(8, 3, '2013-01-01', '2013-03-31', 1, 'Term 1'),
	(9, 3, '2013-04-01', '2013-06-30', 1, 'Term 2'),
	(10, 3, '2013-07-01', '2013-09-30', 1, 'Term 3'),
	(11, 3, '2013-10-01', '2013-12-31', 1, 'Term 4'),
	(12, 4, '2012-09-07', '2012-10-19', 1, 'Term 1'),
	(13, 4, '2012-10-26', '2012-12-14', 1, 'Term 2'),
	(14, 4, '2012-12-14', '2012-12-14', 1, 'Term 3'),
	(15, 0, '2012-10-01', '2012-12-01', 1, 'Term 1'),
	(16, 5, '2012-01-01', '2012-03-31', 1, 'Term 1'),
	(17, 5, '2012-04-01', '2012-06-30', 1, 'Term 2'),
	(18, 5, '2012-07-01', '2012-09-30', 1, 'Term 3'),
	(19, 5, '2012-10-01', '2012-12-31', 1, 'Term 4');
/*!40000 ALTER TABLE `tbl_terms` ENABLE KEYS */;


# Dumping structure for table db_saa.tbl_workloads
DROP TABLE IF EXISTS `tbl_workloads`;
CREATE TABLE IF NOT EXISTS `tbl_workloads` (
  `wor_tea_id` int(11) NOT NULL,
  `wor_cla_id` int(11) NOT NULL,
  `wor_description` text NOT NULL
) ENGINE=InnoDB DEFAULT CHARSET=utf8;

# Dumping data for table db_saa.tbl_workloads: ~44 rows (approximately)
DELETE FROM `tbl_workloads`;
/*!40000 ALTER TABLE `tbl_workloads` DISABLE KEYS */;
INSERT INTO `tbl_workloads` (`wor_tea_id`, `wor_cla_id`, `wor_description`) VALUES
	(8, 3, ''),
	(3, 3, ''),
	(8, 8, ''),
	(7, 12, ''),
	(8, 15, ''),
	(8, 16, ''),
	(5, 5, ''),
	(3, 4, ''),
	(5, 6, ''),
	(7, 9, ''),
	(7, 18, ''),
	(4, 19, ''),
	(4, 13, ''),
	(4, 10, ''),
	(4, 11, ''),
	(4, 1, ''),
	(4, 2, ''),
	(6, 2, ''),
	(5, 17, ''),
	(8, 20, ''),
	(6, 21, ''),
	(8, 21, ''),
	(6, 20, ''),
	(8, 5, ''),
	(8, 4, ''),
	(6, 14, ''),
	(6, 22, ''),
	(6, 23, ''),
	(4, 23, ''),
	(6, 24, ''),
	(8, 24, ''),
	(6, 25, ''),
	(8, 25, ''),
	(6, 26, ''),
	(4, 26, ''),
	(7, 27, ''),
	(6, 28, ''),
	(6, 1, ''),
	(6, 29, ''),
	(4, 29, ''),
	(4, 30, ''),
	(6, 30, ''),
	(8, 31, ''),
	(5, 31, '');
/*!40000 ALTER TABLE `tbl_workloads` ENABLE KEYS */;
/*!40101 SET SQL_MODE=@OLD_SQL_MODE */;
/*!40014 SET FOREIGN_KEY_CHECKS=@OLD_FOREIGN_KEY_CHECKS */;
/*!40101 SET CHARACTER_SET_CLIENT=@OLD_CHARACTER_SET_CLIENT */;
