-- phpMyAdmin SQL Dump
-- version 3.3.9
-- http://www.phpmyadmin.net
--
-- Host: localhost
-- Generation Time: Aug 29, 2012 at 06:50 AM
-- Server version: 5.5.8
-- PHP Version: 5.3.5

SET SQL_MODE="NO_AUTO_VALUE_ON_ZERO";


/*!40101 SET @OLD_CHARACTER_SET_CLIENT=@@CHARACTER_SET_CLIENT */;
/*!40101 SET @OLD_CHARACTER_SET_RESULTS=@@CHARACTER_SET_RESULTS */;
/*!40101 SET @OLD_COLLATION_CONNECTION=@@COLLATION_CONNECTION */;
/*!40101 SET NAMES utf8 */;

--
-- Database: `db_saa`
--

-- --------------------------------------------------------

--
-- Table structure for table `tbl_attendances`
--

CREATE TABLE IF NOT EXISTS `tbl_attendances` (
  `att_id` int(11) NOT NULL AUTO_INCREMENT,
  `att_stu_id` int(11) NOT NULL,
  `att_absent` int(11) NOT NULL,
  `att_date` date NOT NULL,
  `att_attended` int(11) NOT NULL,
  `att_description` text NOT NULL,
  PRIMARY KEY (`att_id`)
) ENGINE=InnoDB  DEFAULT CHARSET=utf8 AUTO_INCREMENT=2191 ;

--
-- Dumping data for table `tbl_attendances`
--

INSERT INTO `tbl_attendances` (`att_id`, `att_stu_id`, `att_absent`, `att_date`, `att_attended`, `att_description`) VALUES
(1, 1, 1, '2012-03-30', 0, ''),
(2, 17, 1, '2012-03-30', 0, ''),
(3, 10, 1, '2012-03-30', 0, ''),
(4, 18, 1, '2012-03-30', 0, ''),
(5, 13, 1, '2012-03-30', 0, ''),
(6, 7, 1, '2012-03-30', 0, ''),
(7, 8, 1, '2012-03-30', 0, ''),
(8, 4, 1, '2012-03-30', 0, ''),
(9, 16, 1, '2012-03-30', 0, ''),
(10, 12, 1, '2012-03-30', 0, ''),
(11, 15, 0, '2012-03-30', 1, ''),
(12, 11, 0, '2012-03-30', 1, ''),
(13, 5, 1, '2012-03-30', 0, ''),
(14, 6, 0, '2012-03-30', 1, ''),
(15, 14, 0, '2012-03-30', 1, ''),
(16, 3, 0, '2012-03-30', 1, ''),
(17, 9, 0, '2012-03-30', 1, ''),
(18, 19, 0, '2012-03-30', 1, ''),
(19, 43, 0, '2012-04-02', 1, ''),
(20, 42, 0, '2012-04-02', 1, ''),
(21, 41, 0, '2012-04-02', 1, ''),
(22, 46, 0, '2012-04-02', 1, ''),
(23, 45, 0, '2012-04-02', 1, ''),
(24, 38, 0, '2012-04-02', 1, ''),
(25, 44, 0, '2012-04-02', 1, ''),
(26, 50, 0, '2012-04-02', 1, ''),
(27, 1, 0, '2012-04-02', 1, ''),
(28, 2, 0, '2012-04-02', 1, ''),
(29, 54, 0, '2012-04-02', 1, ''),
(30, 56, 0, '2012-04-02', 1, ''),
(31, 58, 0, '2012-04-02', 1, ''),
(32, 48, 0, '2012-04-02', 1, ''),
(33, 51, 1, '2012-04-02', 0, ''),
(34, 49, 1, '2012-04-02', 0, ''),
(35, 39, 1, '2012-04-02', 0, ''),
(36, 55, 1, '2012-04-02', 0, ''),
(37, 52, 1, '2012-04-02', 0, ''),
(38, 57, 1, '2012-04-02', 0, ''),
(39, 53, 1, '2012-04-02', 0, ''),
(40, 40, 1, '2012-04-02', 0, ''),
(41, 47, 1, '2012-04-02', 0, ''),
(42, 17, 1, '2012-04-24', 0, ''),
(43, 10, 1, '2012-04-24', 0, ''),
(44, 18, 1, '2012-04-24', 0, ''),
(45, 13, 1, '2012-04-24', 0, ''),
(46, 7, 1, '2012-04-24', 0, ''),
(47, 8, 1, '2012-04-24', 0, ''),
(48, 4, 1, '2012-04-24', 0, ''),
(49, 16, 1, '2012-04-24', 0, ''),
(50, 12, 1, '2012-04-24', 0, ''),
(51, 15, 1, '2012-04-24', 0, ''),
(52, 11, 1, '2012-04-24', 0, ''),
(53, 5, 1, '2012-04-24', 0, ''),
(54, 6, 1, '2012-04-24', 0, ''),
(55, 14, 1, '2012-04-24', 0, ''),
(56, 3, 1, '2012-04-24', 0, ''),
(57, 9, 1, '2012-04-24', 0, ''),
(58, 19, 1, '2012-04-24', 0, ''),
(59, 91, 0, '2012-04-24', 1, ''),
(60, 100, 0, '2012-04-24', 1, ''),
(61, 92, 0, '2012-04-24', 1, ''),
(62, 95, 0, '2012-04-24', 1, ''),
(63, 93, 0, '2012-04-24', 1, ''),
(64, 88, 0, '2012-04-24', 1, ''),
(65, 81, 0, '2012-04-24', 1, ''),
(66, 83, 0, '2012-04-24', 1, ''),
(67, 85, 0, '2012-04-24', 1, ''),
(68, 82, 0, '2012-04-24', 1, ''),
(69, 87, 1, '2012-04-24', 0, ''),
(70, 107, 0, '2012-04-24', 1, ''),
(71, 101, 0, '2012-04-24', 1, ''),
(72, 86, 1, '2012-04-24', 0, ''),
(73, 98, 0, '2012-04-24', 1, ''),
(74, 90, 0, '2012-04-24', 1, ''),
(75, 96, 0, '2012-04-24', 1, ''),
(76, 99, 0, '2012-04-24', 1, ''),
(77, 106, 0, '2012-04-24', 1, ''),
(78, 104, 0, '2012-04-24', 1, ''),
(79, 94, 0, '2012-04-24', 1, ''),
(80, 103, 1, '2012-04-24', 0, ''),
(81, 84, 0, '2012-04-24', 1, ''),
(82, 89, 0, '2012-04-24', 1, ''),
(83, 97, 0, '2012-04-24', 1, ''),
(84, 105, 0, '2012-04-24', 1, ''),
(85, 25, 0, '2012-01-18', 1, ''),
(86, 24, 0, '2012-01-18', 1, ''),
(87, 26, 0, '2012-01-18', 1, ''),
(88, 27, 0, '2012-01-18', 1, ''),
(89, 34, 0, '2012-01-18', 1, ''),
(90, 29, 0, '2012-01-18', 1, ''),
(91, 30, 0, '2012-01-18', 1, ''),
(92, 22, 0, '2012-01-18', 1, ''),
(93, 21, 0, '2012-01-18', 1, ''),
(94, 32, 0, '2012-01-18', 1, ''),
(95, 35, 0, '2012-01-18', 1, ''),
(96, 23, 1, '2012-01-18', 0, 'Permission he got sick'),
(97, 28, 0, '2012-01-18', 1, ''),
(98, 37, 0, '2012-01-18', 1, ''),
(99, 31, 0, '2012-01-18', 1, ''),
(100, 20, 0, '2012-01-18', 1, ''),
(101, 36, 0, '2012-01-18', 1, ''),
(102, 33, 0, '2012-01-18', 1, ''),
(103, 25, 0, '2012-01-25', 1, ''),
(104, 24, 0, '2012-01-25', 1, ''),
(105, 26, 0, '2012-01-25', 1, ''),
(106, 27, 0, '2012-01-25', 1, ''),
(107, 34, 0, '2012-01-25', 1, ''),
(108, 29, 0, '2012-01-25', 1, ''),
(109, 30, 0, '2012-01-25', 1, ''),
(110, 22, 0, '2012-01-25', 1, ''),
(111, 21, 0, '2012-01-25', 1, ''),
(112, 32, 0, '2012-01-25', 1, ''),
(113, 35, 0, '2012-01-25', 1, ''),
(114, 23, 1, '2012-01-25', 0, 'Permission he got sick'),
(115, 28, 0, '2012-01-25', 1, ''),
(116, 37, 0, '2012-01-25', 1, ''),
(117, 31, 0, '2012-01-25', 1, ''),
(118, 20, 0, '2012-01-25', 1, ''),
(119, 36, 0, '2012-01-25', 1, ''),
(120, 33, 0, '2012-01-25', 1, ''),
(121, 25, 1, '2012-02-08', 0, ''),
(122, 24, 0, '2012-02-08', 1, ''),
(123, 26, 0, '2012-02-08', 1, ''),
(124, 27, 0, '2012-02-08', 1, ''),
(125, 34, 1, '2012-02-08', 0, ''),
(126, 29, 0, '2012-02-08', 1, ''),
(127, 30, 1, '2012-02-08', 0, ''),
(128, 22, 1, '2012-02-08', 0, ''),
(129, 21, 1, '2012-02-08', 0, ''),
(130, 32, 1, '2012-02-08', 0, ''),
(131, 35, 1, '2012-02-08', 0, ''),
(132, 23, 1, '2012-02-08', 0, ''),
(133, 28, 1, '2012-02-08', 0, ''),
(134, 37, 1, '2012-02-08', 0, ''),
(135, 31, 1, '2012-02-08', 0, ''),
(136, 20, 0, '2012-02-08', 1, ''),
(137, 36, 0, '2012-02-08', 1, ''),
(138, 33, 1, '2012-02-08', 0, ''),
(139, 25, 0, '2012-02-15', 1, ''),
(140, 24, 0, '2012-02-15', 1, ''),
(141, 26, 0, '2012-02-15', 1, ''),
(142, 27, 0, '2012-02-15', 1, ''),
(143, 34, 0, '2012-02-15', 1, ''),
(144, 29, 1, '2012-02-15', 0, 'Many students went home because no class room'),
(145, 30, 1, '2012-02-15', 0, ''),
(146, 22, 1, '2012-02-15', 0, ''),
(147, 21, 1, '2012-02-15', 0, ''),
(148, 32, 1, '2012-02-15', 0, ''),
(149, 35, 1, '2012-02-15', 0, ''),
(150, 23, 1, '2012-02-15', 0, ''),
(151, 28, 1, '2012-02-15', 0, ''),
(152, 37, 0, '2012-02-15', 1, ''),
(153, 31, 1, '2012-02-15', 0, ''),
(154, 20, 0, '2012-02-15', 1, ''),
(155, 36, 1, '2012-02-15', 0, ''),
(156, 33, 1, '2012-02-15', 0, ''),
(157, 25, 1, '2012-02-22', 0, ''),
(158, 24, 1, '2012-02-22', 0, ''),
(159, 26, 0, '2012-02-22', 1, ''),
(160, 27, 0, '2012-02-22', 1, ''),
(161, 34, 1, '2012-02-22', 0, ''),
(162, 29, 0, '2012-02-22', 1, ''),
(163, 30, 0, '2012-02-22', 1, ''),
(164, 22, 1, '2012-02-22', 0, ''),
(165, 21, 1, '2012-02-22', 0, ''),
(166, 32, 0, '2012-02-22', 1, ''),
(167, 35, 1, '2012-02-22', 0, ''),
(168, 23, 1, '2012-02-22', 0, ''),
(169, 28, 1, '2012-02-22', 0, ''),
(170, 37, 1, '2012-02-22', 0, ''),
(171, 31, 0, '2012-02-22', 1, ''),
(172, 20, 0, '2012-02-22', 1, ''),
(173, 36, 0, '2012-02-22', 1, ''),
(174, 33, 0, '2012-02-22', 1, ''),
(175, 25, 0, '2012-02-29', 1, ''),
(176, 24, 0, '2012-02-29', 1, ''),
(177, 26, 0, '2012-02-29', 1, ''),
(178, 27, 0, '2012-02-29', 1, ''),
(179, 34, 1, '2012-02-29', 0, ''),
(180, 29, 0, '2012-02-29', 1, ''),
(181, 30, 1, '2012-02-29', 0, ''),
(182, 22, 1, '2012-02-29', 0, 'Permission he not well today'),
(183, 21, 0, '2012-02-29', 1, ''),
(184, 32, 1, '2012-02-29', 0, ''),
(185, 35, 1, '2012-02-29', 0, ''),
(186, 23, 1, '2012-02-29', 0, ''),
(187, 28, 1, '2012-02-29', 0, ''),
(188, 37, 0, '2012-02-29', 1, ''),
(189, 31, 0, '2012-02-29', 1, ''),
(190, 20, 0, '2012-02-29', 1, ''),
(191, 36, 0, '2012-02-29', 1, ''),
(192, 33, 0, '2012-02-29', 1, ''),
(193, 17, 1, '2012-05-23', 0, 'She leave from school'),
(194, 10, 0, '2012-05-23', 1, ''),
(195, 18, 0, '2012-05-23', 1, ''),
(196, 13, 0, '2012-05-23', 1, ''),
(197, 7, 0, '2012-05-23', 1, ''),
(198, 8, 0, '2012-05-23', 1, ''),
(199, 4, 0, '2012-05-23', 1, ''),
(200, 16, 0, '2012-05-23', 1, ''),
(201, 12, 0, '2012-05-23', 1, ''),
(202, 15, 0, '2012-05-23', 1, ''),
(203, 11, 0, '2012-05-23', 1, ''),
(204, 5, 0, '2012-05-23', 1, ''),
(205, 6, 0, '2012-05-23', 1, ''),
(206, 14, 0, '2012-05-23', 1, ''),
(207, 3, 0, '2012-05-23', 1, ''),
(208, 9, 0, '2012-05-23', 1, ''),
(209, 19, 0, '2012-05-23', 1, ''),
(210, 43, 0, '2012-05-30', 1, ''),
(211, 42, 0, '2012-05-30', 1, ''),
(212, 41, 0, '2012-05-30', 1, ''),
(213, 46, 1, '2012-05-30', 0, ''),
(214, 45, 0, '2012-05-30', 1, ''),
(215, 38, 0, '2012-05-30', 1, ''),
(216, 44, 0, '2012-05-30', 1, ''),
(217, 50, 1, '2012-05-30', 0, ''),
(218, 1, 0, '2012-05-30', 1, ''),
(219, 2, 0, '2012-05-30', 1, ''),
(220, 54, 0, '2012-05-30', 1, ''),
(221, 56, 0, '2012-05-30', 1, ''),
(222, 58, 1, '2012-05-30', 0, ''),
(223, 48, 0, '2012-05-30', 1, ''),
(224, 51, 0, '2012-05-30', 1, ''),
(225, 49, 0, '2012-05-30', 1, ''),
(226, 39, 0, '2012-05-30', 1, ''),
(227, 55, 1, '2012-05-30', 0, ''),
(228, 52, 0, '2012-05-30', 1, ''),
(229, 57, 1, '2012-05-30', 0, ''),
(230, 53, 0, '2012-05-30', 1, ''),
(231, 40, 0, '2012-05-30', 1, ''),
(232, 47, 1, '2012-05-30', 0, ''),
(233, 17, 1, '2012-05-30', 0, ''),
(234, 10, 0, '2012-05-30', 1, ''),
(235, 18, 0, '2012-05-30', 1, ''),
(236, 13, 1, '2012-05-30', 0, ''),
(237, 7, 0, '2012-05-30', 1, ''),
(238, 8, 0, '2012-05-30', 1, ''),
(239, 4, 0, '2012-05-30', 1, ''),
(240, 16, 0, '2012-05-30', 1, ''),
(241, 12, 0, '2012-05-30', 1, ''),
(242, 15, 0, '2012-05-30', 1, ''),
(243, 11, 0, '2012-05-30', 1, ''),
(244, 5, 0, '2012-05-30', 1, ''),
(245, 6, 0, '2012-05-30', 1, ''),
(246, 14, 0, '2012-05-30', 1, ''),
(247, 3, 1, '2012-05-30', 0, ''),
(248, 9, 0, '2012-05-30', 1, ''),
(249, 19, 0, '2012-05-30', 1, ''),
(250, 43, 0, '2012-06-06', 1, ''),
(251, 42, 0, '2012-06-06', 1, ''),
(252, 41, 0, '2012-06-06', 1, ''),
(253, 46, 1, '2012-06-06', 0, ''),
(254, 45, 0, '2012-06-06', 1, ''),
(255, 38, 1, '2012-06-06', 0, ''),
(256, 44, 0, '2012-06-06', 1, ''),
(257, 50, 1, '2012-06-06', 0, ''),
(258, 1, 0, '2012-06-06', 1, ''),
(259, 2, 0, '2012-06-06', 1, ''),
(260, 54, 0, '2012-06-06', 1, ''),
(261, 56, 0, '2012-06-06', 1, ''),
(262, 58, 1, '2012-06-06', 0, ''),
(263, 48, 0, '2012-06-06', 1, ''),
(264, 51, 0, '2012-06-06', 1, ''),
(265, 49, 0, '2012-06-06', 1, ''),
(266, 39, 1, '2012-06-06', 0, ''),
(267, 55, 0, '2012-06-06', 1, ''),
(268, 52, 0, '2012-06-06', 1, ''),
(269, 57, 0, '2012-06-06', 1, ''),
(270, 53, 0, '2012-06-06', 1, ''),
(271, 40, 0, '2012-06-06', 1, ''),
(272, 47, 0, '2012-06-06', 1, ''),
(273, 17, 1, '2012-06-06', 0, ''),
(274, 10, 0, '2012-06-06', 1, ''),
(275, 18, 0, '2012-06-06', 1, ''),
(276, 13, 1, '2012-06-06', 0, ''),
(277, 7, 0, '2012-06-06', 1, ''),
(278, 8, 0, '2012-06-06', 1, ''),
(279, 4, 0, '2012-06-06', 1, ''),
(280, 16, 0, '2012-06-06', 1, ''),
(281, 12, 0, '2012-06-06', 1, ''),
(282, 15, 0, '2012-06-06', 1, ''),
(283, 11, 1, '2012-06-06', 0, ''),
(284, 5, 0, '2012-06-06', 1, ''),
(285, 6, 0, '2012-06-06', 1, ''),
(286, 14, 0, '2012-06-06', 1, ''),
(287, 3, 0, '2012-06-06', 1, ''),
(288, 9, 1, '2012-06-06', 0, ''),
(289, 19, 0, '2012-06-06', 1, ''),
(290, 10, 0, '2012-06-13', 1, ''),
(291, 18, 0, '2012-06-13', 1, ''),
(292, 13, 0, '2012-06-13', 1, ''),
(293, 7, 0, '2012-06-13', 1, ''),
(294, 8, 0, '2012-06-13', 1, ''),
(295, 4, 0, '2012-06-13', 1, ''),
(296, 16, 0, '2012-06-13', 1, ''),
(297, 12, 0, '2012-06-13', 1, ''),
(298, 15, 0, '2012-06-13', 1, ''),
(299, 11, 0, '2012-06-13', 1, ''),
(300, 5, 0, '2012-06-13', 1, ''),
(301, 6, 0, '2012-06-13', 1, ''),
(302, 14, 0, '2012-06-13', 1, ''),
(303, 3, 0, '2012-06-13', 1, ''),
(304, 9, 0, '2012-06-13', 1, ''),
(305, 19, 0, '2012-06-13', 1, ''),
(306, 43, 0, '2012-06-13', 1, ''),
(307, 42, 0, '2012-06-13', 1, ''),
(308, 41, 0, '2012-06-13', 1, ''),
(309, 46, 1, '2012-06-13', 0, ''),
(310, 45, 1, '2012-06-13', 0, ''),
(311, 38, 1, '2012-06-13', 0, ''),
(312, 44, 0, '2012-06-13', 1, ''),
(313, 50, 0, '2012-06-13', 1, ''),
(314, 1, 0, '2012-06-13', 1, ''),
(315, 2, 0, '2012-06-13', 1, ''),
(316, 54, 0, '2012-06-13', 1, ''),
(317, 56, 0, '2012-06-13', 1, ''),
(318, 48, 0, '2012-06-13', 1, ''),
(319, 51, 0, '2012-06-13', 1, ''),
(320, 49, 0, '2012-06-13', 1, ''),
(321, 39, 0, '2012-06-13', 1, ''),
(322, 55, 1, '2012-06-13', 0, ''),
(323, 52, 0, '2012-06-13', 1, ''),
(324, 57, 0, '2012-06-13', 1, ''),
(325, 53, 0, '2012-06-13', 1, ''),
(326, 40, 0, '2012-06-13', 1, ''),
(327, 47, 0, '2012-06-13', 1, ''),
(328, 43, 0, '2012-06-20', 1, ''),
(329, 42, 0, '2012-06-20', 1, ''),
(330, 41, 0, '2012-06-20', 1, ''),
(331, 46, 0, '2012-06-20', 1, ''),
(332, 45, 0, '2012-06-20', 1, ''),
(333, 38, 0, '2012-06-20', 1, ''),
(334, 44, 0, '2012-06-20', 1, ''),
(335, 50, 0, '2012-06-20', 1, ''),
(336, 1, 0, '2012-06-20', 1, ''),
(337, 2, 0, '2012-06-20', 1, ''),
(338, 54, 0, '2012-06-20', 1, ''),
(339, 56, 0, '2012-06-20', 1, ''),
(340, 48, 0, '2012-06-20', 1, ''),
(341, 51, 0, '2012-06-20', 1, ''),
(342, 49, 0, '2012-06-20', 1, ''),
(343, 39, 0, '2012-06-20', 1, ''),
(344, 55, 0, '2012-06-20', 1, ''),
(345, 52, 0, '2012-06-20', 1, ''),
(346, 57, 0, '2012-06-20', 1, ''),
(347, 53, 0, '2012-06-20', 1, ''),
(348, 40, 0, '2012-06-20', 1, ''),
(349, 47, 0, '2012-06-20', 1, ''),
(350, 10, 0, '2012-06-20', 1, ''),
(351, 18, 0, '2012-06-20', 1, ''),
(352, 13, 0, '2012-06-20', 1, ''),
(353, 7, 0, '2012-06-20', 1, ''),
(354, 8, 0, '2012-06-20', 1, ''),
(355, 4, 0, '2012-06-20', 1, ''),
(356, 16, 0, '2012-06-20', 1, ''),
(357, 12, 0, '2012-06-20', 1, ''),
(358, 15, 0, '2012-06-20', 1, ''),
(359, 11, 1, '2012-06-20', 0, ''),
(360, 5, 0, '2012-06-20', 1, ''),
(361, 6, 0, '2012-06-20', 1, ''),
(362, 14, 1, '2012-06-20', 0, ''),
(363, 3, 0, '2012-06-20', 1, ''),
(364, 9, 1, '2012-06-20', 0, ''),
(365, 19, 1, '2012-06-20', 0, ''),
(366, 43, 0, '2012-06-27', 1, ''),
(367, 42, 1, '2012-06-27', 0, ''),
(368, 41, 0, '2012-06-27', 1, ''),
(369, 46, 1, '2012-06-27', 0, ''),
(370, 45, 0, '2012-06-27', 1, ''),
(371, 38, 0, '2012-06-27', 1, ''),
(372, 44, 0, '2012-06-27', 1, ''),
(373, 50, 1, '2012-06-27', 0, ''),
(374, 1, 0, '2012-06-27', 1, ''),
(375, 2, 0, '2012-06-27', 1, ''),
(376, 54, 0, '2012-06-27', 1, ''),
(377, 56, 0, '2012-06-27', 1, ''),
(378, 48, 1, '2012-06-27', 0, ''),
(379, 51, 0, '2012-06-27', 1, ''),
(380, 49, 0, '2012-06-27', 1, ''),
(381, 39, 0, '2012-06-27', 1, ''),
(382, 55, 0, '2012-06-27', 1, ''),
(383, 52, 0, '2012-06-27', 1, ''),
(384, 57, 0, '2012-06-27', 1, ''),
(385, 53, 0, '2012-06-27', 1, ''),
(386, 40, 0, '2012-06-27', 1, ''),
(387, 47, 1, '2012-06-27', 0, ''),
(388, 10, 0, '2012-06-27', 1, ''),
(389, 18, 0, '2012-06-27', 1, ''),
(390, 13, 0, '2012-06-27', 1, ''),
(391, 7, 0, '2012-06-27', 1, ''),
(392, 8, 1, '2012-06-27', 0, ''),
(393, 4, 0, '2012-06-27', 1, ''),
(394, 16, 0, '2012-06-27', 1, ''),
(395, 12, 0, '2012-06-27', 1, ''),
(396, 15, 1, '2012-06-27', 0, ''),
(397, 11, 0, '2012-06-27', 1, ''),
(398, 5, 0, '2012-06-27', 1, ''),
(399, 6, 0, '2012-06-27', 1, ''),
(400, 14, 0, '2012-06-27', 1, ''),
(401, 3, 0, '2012-06-27', 1, ''),
(402, 9, 1, '2012-06-27', 0, ''),
(403, 19, 0, '2012-06-27', 1, ''),
(404, 91, 0, '2012-05-03', 1, ''),
(405, 100, 0, '2012-05-03', 1, ''),
(406, 92, 0, '2012-05-03', 1, ''),
(407, 95, 0, '2012-05-03', 1, ''),
(408, 93, 0, '2012-05-03', 1, ''),
(409, 88, 0, '2012-05-03', 1, ''),
(410, 81, 0, '2012-05-03', 1, ''),
(411, 83, 1, '2012-05-03', 0, 'stop study'),
(412, 85, 0, '2012-05-03', 1, ''),
(413, 82, 0, '2012-05-03', 1, ''),
(414, 87, 0, '2012-05-03', 1, ''),
(415, 107, 0, '2012-05-03', 1, ''),
(416, 101, 0, '2012-05-03', 1, ''),
(417, 86, 0, '2012-05-03', 1, ''),
(418, 98, 0, '2012-05-03', 1, ''),
(419, 102, 0, '2012-05-03', 1, ''),
(420, 90, 0, '2012-05-03', 1, ''),
(421, 96, 0, '2012-05-03', 1, ''),
(422, 99, 0, '2012-05-03', 1, ''),
(423, 106, 0, '2012-05-03', 1, ''),
(424, 104, 0, '2012-05-03', 1, ''),
(425, 94, 0, '2012-05-03', 1, ''),
(426, 103, 0, '2012-05-03', 1, ''),
(427, 84, 0, '2012-05-03', 1, ''),
(428, 89, 1, '2012-05-03', 0, ''),
(429, 97, 0, '2012-05-03', 1, ''),
(430, 111, 0, '2012-05-03', 1, ''),
(431, 105, 0, '2012-05-03', 1, ''),
(432, 112, 0, '2012-05-03', 1, ''),
(433, 91, 0, '2012-06-04', 1, ''),
(434, 100, 0, '2012-06-04', 1, ''),
(435, 92, 0, '2012-06-04', 1, ''),
(436, 95, 0, '2012-06-04', 1, ''),
(437, 93, 0, '2012-06-04', 1, ''),
(438, 88, 0, '2012-06-04', 1, ''),
(439, 81, 0, '2012-06-04', 1, ''),
(440, 83, 0, '2012-06-04', 1, ''),
(441, 85, 0, '2012-06-04', 1, ''),
(442, 82, 0, '2012-06-04', 1, ''),
(443, 87, 0, '2012-06-04', 1, ''),
(444, 107, 0, '2012-06-04', 1, ''),
(445, 101, 0, '2012-06-04', 1, ''),
(446, 86, 0, '2012-06-04', 1, ''),
(447, 98, 0, '2012-06-04', 1, ''),
(448, 102, 1, '2012-06-04', 0, ''),
(449, 90, 0, '2012-06-04', 1, ''),
(450, 96, 0, '2012-06-04', 1, ''),
(451, 99, 0, '2012-06-04', 1, ''),
(452, 106, 0, '2012-06-04', 1, ''),
(453, 104, 0, '2012-06-04', 1, ''),
(454, 94, 0, '2012-06-04', 1, ''),
(455, 103, 0, '2012-06-04', 1, ''),
(456, 84, 0, '2012-06-04', 1, ''),
(457, 89, 0, '2012-06-04', 1, ''),
(458, 97, 0, '2012-06-04', 1, ''),
(459, 111, 0, '2012-06-04', 1, ''),
(460, 105, 0, '2012-06-04', 1, ''),
(461, 112, 0, '2012-06-04', 1, ''),
(462, 91, 0, '2012-06-11', 1, ''),
(463, 100, 0, '2012-06-11', 1, ''),
(464, 92, 0, '2012-06-11', 1, ''),
(465, 95, 0, '2012-06-11', 1, ''),
(466, 93, 0, '2012-06-11', 1, ''),
(467, 88, 0, '2012-06-11', 1, ''),
(468, 81, 0, '2012-06-11', 1, ''),
(469, 83, 0, '2012-06-11', 1, ''),
(470, 85, 0, '2012-06-11', 1, ''),
(471, 82, 0, '2012-06-11', 1, ''),
(472, 87, 0, '2012-06-11', 1, ''),
(473, 107, 0, '2012-06-11', 1, ''),
(474, 101, 0, '2012-06-11', 1, ''),
(475, 86, 0, '2012-06-11', 1, ''),
(476, 98, 0, '2012-06-11', 1, ''),
(477, 102, 1, '2012-06-11', 0, ''),
(478, 90, 0, '2012-06-11', 1, ''),
(479, 96, 0, '2012-06-11', 1, ''),
(480, 99, 0, '2012-06-11', 1, ''),
(481, 106, 0, '2012-06-11', 1, ''),
(482, 104, 0, '2012-06-11', 1, ''),
(483, 94, 0, '2012-06-11', 1, ''),
(484, 103, 0, '2012-06-11', 1, ''),
(485, 84, 0, '2012-06-11', 1, ''),
(486, 89, 0, '2012-06-11', 1, ''),
(487, 97, 0, '2012-06-11', 1, ''),
(488, 111, 0, '2012-06-11', 1, ''),
(489, 105, 0, '2012-06-11', 1, ''),
(490, 112, 0, '2012-06-11', 1, ''),
(491, 91, 1, '2012-06-14', 0, ''),
(492, 100, 1, '2012-06-14', 0, ''),
(493, 92, 1, '2012-06-14', 0, ''),
(494, 95, 1, '2012-06-14', 0, ''),
(495, 93, 0, '2012-06-14', 1, ''),
(496, 88, 0, '2012-06-14', 1, ''),
(497, 81, 0, '2012-06-14', 1, ''),
(498, 83, 0, '2012-06-14', 1, ''),
(499, 85, 1, '2012-06-14', 0, ''),
(500, 82, 0, '2012-06-14', 1, ''),
(501, 87, 0, '2012-06-14', 1, ''),
(502, 107, 1, '2012-06-14', 0, ''),
(503, 101, 0, '2012-06-14', 1, ''),
(504, 86, 0, '2012-06-14', 1, ''),
(505, 98, 1, '2012-06-14', 0, ''),
(506, 102, 0, '2012-06-14', 1, ''),
(507, 90, 0, '2012-06-14', 1, ''),
(508, 96, 0, '2012-06-14', 1, ''),
(509, 99, 0, '2012-06-14', 1, ''),
(510, 106, 0, '2012-06-14', 1, ''),
(511, 104, 0, '2012-06-14', 1, ''),
(512, 94, 0, '2012-06-14', 1, ''),
(513, 103, 0, '2012-06-14', 1, ''),
(514, 84, 0, '2012-06-14', 1, ''),
(515, 89, 1, '2012-06-14', 0, ''),
(516, 97, 1, '2012-06-14', 0, ''),
(517, 111, 0, '2012-06-14', 1, ''),
(518, 105, 0, '2012-06-14', 1, ''),
(519, 112, 0, '2012-06-14', 1, ''),
(520, 59, 0, '2012-06-08', 1, ''),
(521, 61, 0, '2012-06-08', 1, ''),
(522, 65, 0, '2012-06-08', 1, ''),
(523, 72, 0, '2012-06-08', 1, ''),
(524, 69, 0, '2012-06-08', 1, ''),
(525, 62, 0, '2012-06-08', 1, ''),
(526, 60, 0, '2012-06-08', 1, ''),
(527, 67, 1, '2012-06-08', 0, 'stopped study'),
(528, 79, 0, '2012-06-08', 1, ''),
(529, 75, 0, '2012-06-08', 1, ''),
(530, 71, 0, '2012-06-08', 1, ''),
(531, 109, 0, '2012-06-08', 1, ''),
(532, 64, 0, '2012-06-08', 1, ''),
(533, 77, 0, '2012-06-08', 1, ''),
(534, 78, 0, '2012-06-08', 1, ''),
(535, 73, 1, '2012-06-08', 0, ''),
(536, 110, 1, '2012-06-08', 0, ''),
(537, 70, 0, '2012-06-08', 1, ''),
(538, 76, 0, '2012-06-08', 1, ''),
(539, 80, 0, '2012-06-08', 1, ''),
(540, 63, 0, '2012-06-08', 1, ''),
(541, 74, 0, '2012-06-08', 1, ''),
(542, 66, 0, '2012-06-08', 1, ''),
(543, 68, 0, '2012-06-08', 1, ''),
(544, 59, 0, '2012-06-15', 1, ''),
(545, 61, 0, '2012-06-15', 1, ''),
(546, 65, 0, '2012-06-15', 1, ''),
(547, 72, 0, '2012-06-15', 1, ''),
(548, 69, 0, '2012-06-15', 1, ''),
(549, 62, 0, '2012-06-15', 1, ''),
(550, 60, 0, '2012-06-15', 1, ''),
(551, 67, 1, '2012-06-15', 0, 'stopped study'),
(552, 79, 0, '2012-06-15', 1, ''),
(553, 75, 0, '2012-06-15', 1, ''),
(554, 71, 0, '2012-06-15', 1, ''),
(555, 109, 0, '2012-06-15', 1, ''),
(556, 64, 0, '2012-06-15', 1, ''),
(557, 77, 0, '2012-06-15', 1, ''),
(558, 78, 0, '2012-06-15', 1, ''),
(559, 73, 0, '2012-06-15', 1, ''),
(560, 110, 1, '2012-06-15', 0, ''),
(561, 70, 1, '2012-06-15', 0, ''),
(562, 76, 0, '2012-06-15', 1, ''),
(563, 80, 0, '2012-06-15', 1, ''),
(564, 63, 0, '2012-06-15', 1, ''),
(565, 74, 0, '2012-06-15', 1, ''),
(566, 66, 0, '2012-06-15', 1, ''),
(567, 68, 0, '2012-06-15', 1, ''),
(568, 244, 0, '2012-04-02', 1, ''),
(569, 245, 0, '2012-04-02', 1, ''),
(570, 252, 0, '2012-04-02', 1, ''),
(571, 246, 0, '2012-04-02', 1, ''),
(572, 248, 0, '2012-04-02', 1, ''),
(573, 250, 0, '2012-04-02', 1, ''),
(574, 242, 0, '2012-04-02', 1, ''),
(575, 243, 0, '2012-04-02', 1, ''),
(576, 251, 0, '2012-04-02', 1, ''),
(577, 247, 0, '2012-04-02', 1, ''),
(578, 249, 0, '2012-04-02', 1, ''),
(579, 244, 1, '2012-04-30', 0, ''),
(580, 245, 0, '2012-04-30', 1, ''),
(581, 252, 0, '2012-04-30', 1, ''),
(582, 246, 0, '2012-04-30', 1, ''),
(583, 248, 0, '2012-04-30', 1, ''),
(584, 250, 0, '2012-04-30', 1, ''),
(585, 242, 0, '2012-04-30', 1, ''),
(586, 243, 0, '2012-04-30', 1, ''),
(587, 251, 0, '2012-04-30', 1, ''),
(588, 247, 0, '2012-04-30', 1, ''),
(589, 249, 0, '2012-04-30', 1, ''),
(590, 244, 0, '2012-05-30', 1, ''),
(591, 245, 0, '2012-05-30', 1, ''),
(592, 252, 0, '2012-05-30', 1, ''),
(593, 246, 0, '2012-05-30', 1, ''),
(594, 248, 0, '2012-05-30', 1, ''),
(595, 250, 0, '2012-05-30', 1, ''),
(596, 242, 0, '2012-05-30', 1, ''),
(597, 243, 0, '2012-05-30', 1, ''),
(598, 251, 0, '2012-05-30', 1, ''),
(599, 247, 0, '2012-05-30', 1, ''),
(600, 249, 0, '2012-05-30', 1, ''),
(601, 244, 0, '2012-04-01', 1, ''),
(602, 245, 0, '2012-04-01', 1, ''),
(603, 252, 0, '2012-04-01', 1, ''),
(604, 246, 0, '2012-04-01', 1, ''),
(605, 248, 0, '2012-04-01', 1, ''),
(606, 250, 0, '2012-04-01', 1, ''),
(607, 242, 0, '2012-04-01', 1, ''),
(608, 243, 0, '2012-04-01', 1, ''),
(609, 251, 0, '2012-04-01', 1, ''),
(610, 247, 0, '2012-04-01', 1, ''),
(611, 249, 0, '2012-04-01', 1, ''),
(612, 244, 0, '2012-04-29', 1, ''),
(613, 245, 0, '2012-04-29', 1, ''),
(614, 252, 0, '2012-04-29', 1, ''),
(615, 246, 0, '2012-04-29', 1, ''),
(616, 248, 0, '2012-04-29', 1, ''),
(617, 250, 0, '2012-04-29', 1, ''),
(618, 242, 0, '2012-04-29', 1, ''),
(619, 243, 0, '2012-04-29', 1, ''),
(620, 251, 0, '2012-04-29', 1, ''),
(621, 247, 0, '2012-04-29', 1, ''),
(622, 249, 0, '2012-04-29', 1, ''),
(623, 244, 0, '2012-05-06', 1, ''),
(624, 245, 0, '2012-05-06', 1, ''),
(625, 252, 0, '2012-05-06', 1, ''),
(626, 246, 0, '2012-05-06', 1, ''),
(627, 248, 0, '2012-05-06', 1, ''),
(628, 250, 0, '2012-05-06', 1, ''),
(629, 242, 0, '2012-05-06', 1, ''),
(630, 243, 0, '2012-05-06', 1, ''),
(631, 251, 0, '2012-05-06', 1, ''),
(632, 247, 0, '2012-05-06', 1, ''),
(633, 249, 0, '2012-05-06', 1, ''),
(634, 244, 0, '2012-05-13', 1, ''),
(635, 245, 0, '2012-05-13', 1, ''),
(636, 252, 0, '2012-05-13', 1, ''),
(637, 246, 0, '2012-05-13', 1, ''),
(638, 248, 0, '2012-05-13', 1, ''),
(639, 250, 0, '2012-05-13', 1, ''),
(640, 242, 0, '2012-05-13', 1, ''),
(641, 243, 0, '2012-05-13', 1, ''),
(642, 251, 0, '2012-05-13', 1, ''),
(643, 247, 0, '2012-05-13', 1, ''),
(644, 249, 0, '2012-05-13', 1, ''),
(645, 244, 0, '2012-05-20', 1, ''),
(646, 245, 0, '2012-05-20', 1, ''),
(647, 252, 0, '2012-05-20', 1, ''),
(648, 246, 0, '2012-05-20', 1, ''),
(649, 248, 0, '2012-05-20', 1, ''),
(650, 250, 0, '2012-05-20', 1, ''),
(651, 242, 0, '2012-05-20', 1, ''),
(652, 243, 0, '2012-05-20', 1, ''),
(653, 251, 0, '2012-05-20', 1, ''),
(654, 247, 0, '2012-05-20', 1, ''),
(655, 249, 0, '2012-05-20', 1, ''),
(656, 244, 0, '2012-05-27', 1, ''),
(657, 245, 0, '2012-05-27', 1, ''),
(658, 252, 0, '2012-05-27', 1, ''),
(659, 246, 0, '2012-05-27', 1, ''),
(660, 248, 0, '2012-05-27', 1, ''),
(661, 250, 0, '2012-05-27', 1, ''),
(662, 242, 0, '2012-05-27', 1, ''),
(663, 243, 0, '2012-05-27', 1, ''),
(664, 251, 0, '2012-05-27', 1, ''),
(665, 247, 0, '2012-05-27', 1, ''),
(666, 249, 0, '2012-05-27', 1, ''),
(667, 244, 0, '2012-06-03', 1, ''),
(668, 245, 0, '2012-06-03', 1, ''),
(669, 252, 0, '2012-06-03', 1, ''),
(670, 246, 0, '2012-06-03', 1, ''),
(671, 248, 0, '2012-06-03', 1, ''),
(672, 250, 0, '2012-06-03', 1, ''),
(673, 242, 0, '2012-06-03', 1, ''),
(674, 243, 0, '2012-06-03', 1, ''),
(675, 251, 0, '2012-06-03', 1, ''),
(676, 247, 0, '2012-06-03', 1, ''),
(677, 249, 0, '2012-06-03', 1, ''),
(678, 244, 0, '2012-06-10', 1, ''),
(679, 245, 0, '2012-06-10', 1, ''),
(680, 252, 0, '2012-06-10', 1, ''),
(681, 246, 0, '2012-06-10', 1, ''),
(682, 248, 0, '2012-06-10', 1, ''),
(683, 250, 0, '2012-06-10', 1, ''),
(684, 242, 0, '2012-06-10', 1, ''),
(685, 243, 0, '2012-06-10', 1, ''),
(686, 251, 0, '2012-06-10', 1, ''),
(687, 247, 0, '2012-06-10', 1, ''),
(688, 249, 0, '2012-06-10', 1, ''),
(689, 25, 0, '2012-04-06', 1, ''),
(690, 24, 0, '2012-04-06', 1, ''),
(691, 26, 0, '2012-04-06', 1, ''),
(692, 27, 0, '2012-04-06', 1, ''),
(693, 34, 0, '2012-04-06', 1, ''),
(694, 29, 0, '2012-04-06', 1, ''),
(695, 30, 0, '2012-04-06', 1, ''),
(696, 22, 0, '2012-04-06', 1, ''),
(697, 21, 0, '2012-04-06', 1, ''),
(698, 32, 0, '2012-04-06', 1, ''),
(699, 35, 0, '2012-04-06', 1, ''),
(700, 23, 0, '2012-04-06', 1, ''),
(701, 28, 0, '2012-04-06', 1, ''),
(702, 37, 0, '2012-04-06', 1, ''),
(703, 31, 0, '2012-04-06', 1, ''),
(704, 20, 0, '2012-04-06', 1, ''),
(705, 36, 0, '2012-04-06', 1, ''),
(706, 33, 0, '2012-04-06', 1, ''),
(707, 25, 0, '2012-04-20', 1, ''),
(708, 24, 0, '2012-04-20', 1, ''),
(709, 26, 0, '2012-04-20', 1, ''),
(710, 27, 0, '2012-04-20', 1, ''),
(711, 34, 0, '2012-04-20', 1, ''),
(712, 29, 0, '2012-04-20', 1, ''),
(713, 30, 0, '2012-04-20', 1, ''),
(714, 22, 0, '2012-04-20', 1, ''),
(715, 21, 0, '2012-04-20', 1, ''),
(716, 32, 1, '2012-04-20', 0, ''),
(717, 35, 0, '2012-04-20', 1, ''),
(718, 23, 0, '2012-04-20', 1, ''),
(719, 28, 0, '2012-04-20', 1, ''),
(720, 37, 0, '2012-04-20', 1, ''),
(721, 31, 0, '2012-04-20', 1, ''),
(722, 20, 0, '2012-04-20', 1, ''),
(723, 36, 0, '2012-04-20', 1, ''),
(724, 33, 0, '2012-04-20', 1, ''),
(725, 25, 0, '2012-04-27', 1, ''),
(726, 24, 0, '2012-04-27', 1, ''),
(727, 26, 0, '2012-04-27', 1, ''),
(728, 27, 0, '2012-04-27', 1, ''),
(729, 34, 0, '2012-04-27', 1, ''),
(730, 29, 0, '2012-04-27', 1, ''),
(731, 30, 0, '2012-04-27', 1, ''),
(732, 22, 0, '2012-04-27', 1, ''),
(733, 21, 0, '2012-04-27', 1, ''),
(734, 32, 1, '2012-04-27', 0, ''),
(735, 35, 0, '2012-04-27', 1, ''),
(736, 23, 0, '2012-04-27', 1, ''),
(737, 28, 0, '2012-04-27', 1, ''),
(738, 37, 0, '2012-04-27', 1, ''),
(739, 31, 0, '2012-04-27', 1, ''),
(740, 20, 0, '2012-04-27', 1, ''),
(741, 36, 0, '2012-04-27', 1, ''),
(742, 33, 0, '2012-04-27', 1, ''),
(743, 25, 0, '2012-05-04', 1, ''),
(744, 24, 0, '2012-05-04', 1, ''),
(745, 26, 0, '2012-05-04', 1, ''),
(746, 27, 0, '2012-05-04', 1, ''),
(747, 34, 0, '2012-05-04', 1, ''),
(748, 29, 0, '2012-05-04', 1, ''),
(749, 30, 0, '2012-05-04', 1, ''),
(750, 22, 0, '2012-05-04', 1, ''),
(751, 21, 0, '2012-05-04', 1, ''),
(752, 32, 1, '2012-05-04', 0, ''),
(753, 35, 0, '2012-05-04', 1, ''),
(754, 23, 0, '2012-05-04', 1, ''),
(755, 28, 0, '2012-05-04', 1, ''),
(756, 37, 0, '2012-05-04', 1, ''),
(757, 31, 0, '2012-05-04', 1, ''),
(758, 20, 0, '2012-05-04', 1, ''),
(759, 36, 0, '2012-05-04', 1, ''),
(760, 33, 0, '2012-05-04', 1, ''),
(761, 25, 0, '2012-05-11', 1, ''),
(762, 24, 0, '2012-05-11', 1, ''),
(763, 26, 0, '2012-05-11', 1, ''),
(764, 27, 0, '2012-05-11', 1, ''),
(765, 34, 0, '2012-05-11', 1, ''),
(766, 29, 0, '2012-05-11', 1, ''),
(767, 30, 0, '2012-05-11', 1, ''),
(768, 22, 0, '2012-05-11', 1, ''),
(769, 21, 0, '2012-05-11', 1, ''),
(770, 32, 1, '2012-05-11', 0, ''),
(771, 35, 0, '2012-05-11', 1, ''),
(772, 23, 0, '2012-05-11', 1, ''),
(773, 28, 0, '2012-05-11', 1, ''),
(774, 37, 0, '2012-05-11', 1, ''),
(775, 31, 0, '2012-05-11', 1, ''),
(776, 20, 0, '2012-05-11', 1, ''),
(777, 36, 0, '2012-05-11', 1, ''),
(778, 33, 0, '2012-05-11', 1, ''),
(779, 25, 0, '2012-05-18', 1, ''),
(780, 24, 0, '2012-05-18', 1, ''),
(781, 26, 0, '2012-05-18', 1, ''),
(782, 27, 0, '2012-05-18', 1, ''),
(783, 34, 0, '2012-05-18', 1, ''),
(784, 29, 1, '2012-05-18', 0, ''),
(785, 30, 0, '2012-05-18', 1, ''),
(786, 22, 0, '2012-05-18', 1, ''),
(787, 21, 0, '2012-05-18', 1, ''),
(788, 32, 1, '2012-05-18', 0, ''),
(789, 35, 0, '2012-05-18', 1, ''),
(790, 23, 0, '2012-05-18', 1, ''),
(791, 28, 0, '2012-05-18', 1, ''),
(792, 37, 0, '2012-05-18', 1, ''),
(793, 31, 0, '2012-05-18', 1, ''),
(794, 20, 0, '2012-05-18', 1, ''),
(795, 36, 0, '2012-05-18', 1, ''),
(796, 33, 1, '2012-05-18', 0, ''),
(797, 25, 0, '2012-05-25', 1, ''),
(798, 24, 0, '2012-05-25', 1, ''),
(799, 26, 0, '2012-05-25', 1, ''),
(800, 27, 0, '2012-05-25', 1, ''),
(801, 34, 0, '2012-05-25', 1, ''),
(802, 29, 0, '2012-05-25', 1, ''),
(803, 30, 0, '2012-05-25', 1, ''),
(804, 22, 0, '2012-05-25', 1, ''),
(805, 21, 0, '2012-05-25', 1, ''),
(806, 32, 1, '2012-05-25', 0, ''),
(807, 35, 0, '2012-05-25', 1, ''),
(808, 23, 0, '2012-05-25', 1, ''),
(809, 28, 0, '2012-05-25', 1, ''),
(810, 37, 0, '2012-05-25', 1, ''),
(811, 31, 0, '2012-05-25', 1, ''),
(812, 20, 0, '2012-05-25', 1, ''),
(813, 36, 0, '2012-05-25', 1, ''),
(814, 33, 1, '2012-05-25', 0, ''),
(815, 25, 0, '2012-06-08', 1, ''),
(816, 24, 0, '2012-06-08', 1, ''),
(817, 26, 0, '2012-06-08', 1, ''),
(818, 27, 0, '2012-06-08', 1, ''),
(819, 34, 0, '2012-06-08', 1, ''),
(820, 29, 0, '2012-06-08', 1, ''),
(821, 30, 0, '2012-06-08', 1, ''),
(822, 22, 0, '2012-06-08', 1, ''),
(823, 21, 0, '2012-06-08', 1, ''),
(824, 32, 0, '2012-06-08', 1, ''),
(825, 35, 0, '2012-06-08', 1, ''),
(826, 23, 0, '2012-06-08', 1, ''),
(827, 28, 0, '2012-06-08', 1, ''),
(828, 37, 0, '2012-06-08', 1, ''),
(829, 31, 1, '2012-06-08', 0, ''),
(830, 20, 0, '2012-06-08', 1, ''),
(831, 36, 0, '2012-06-08', 1, ''),
(832, 33, 1, '2012-06-08', 0, ''),
(833, 25, 0, '2012-06-15', 1, ''),
(834, 24, 0, '2012-06-15', 1, ''),
(835, 26, 0, '2012-06-15', 1, ''),
(836, 27, 0, '2012-06-15', 1, ''),
(837, 34, 0, '2012-06-15', 1, ''),
(838, 29, 0, '2012-06-15', 1, ''),
(839, 30, 0, '2012-06-15', 1, ''),
(840, 22, 0, '2012-06-15', 1, ''),
(841, 21, 0, '2012-06-15', 1, ''),
(842, 32, 0, '2012-06-15', 1, ''),
(843, 35, 0, '2012-06-15', 1, ''),
(844, 23, 0, '2012-06-15', 1, ''),
(845, 28, 0, '2012-06-15', 1, ''),
(846, 37, 0, '2012-06-15', 1, ''),
(847, 31, 1, '2012-06-15', 0, ''),
(848, 20, 0, '2012-06-15', 1, ''),
(849, 36, 0, '2012-06-15', 1, ''),
(850, 33, 0, '2012-06-15', 1, ''),
(851, 122, 1, '2012-04-22', 0, ''),
(852, 115, 0, '2012-04-22', 1, ''),
(853, 116, 0, '2012-04-22', 1, ''),
(854, 117, 0, '2012-04-22', 1, ''),
(855, 119, 1, '2012-04-22', 0, ''),
(856, 120, 0, '2012-04-22', 1, ''),
(857, 113, 0, '2012-04-22', 1, ''),
(858, 123, 0, '2012-04-22', 1, ''),
(859, 121, 0, '2012-04-22', 1, ''),
(860, 118, 0, '2012-04-22', 1, ''),
(861, 124, 0, '2012-04-22', 1, ''),
(862, 114, 0, '2012-04-22', 1, ''),
(863, 125, 0, '2012-04-22', 1, ''),
(864, 122, 0, '2012-04-29', 1, ''),
(865, 115, 0, '2012-04-29', 1, ''),
(866, 116, 0, '2012-04-29', 1, ''),
(867, 117, 0, '2012-04-29', 1, ''),
(868, 119, 0, '2012-04-29', 1, ''),
(869, 120, 0, '2012-04-29', 1, ''),
(870, 113, 0, '2012-04-29', 1, ''),
(871, 123, 0, '2012-04-29', 1, ''),
(872, 121, 0, '2012-04-29', 1, ''),
(873, 118, 0, '2012-04-29', 1, ''),
(874, 124, 0, '2012-04-29', 1, ''),
(875, 114, 0, '2012-04-29', 1, ''),
(876, 125, 0, '2012-04-29', 1, ''),
(877, 122, 0, '2012-05-06', 1, ''),
(878, 115, 0, '2012-05-06', 1, ''),
(879, 116, 0, '2012-05-06', 1, ''),
(880, 117, 0, '2012-05-06', 1, ''),
(881, 119, 0, '2012-05-06', 1, ''),
(882, 120, 0, '2012-05-06', 1, ''),
(883, 113, 0, '2012-05-06', 1, ''),
(884, 123, 0, '2012-05-06', 1, ''),
(885, 121, 0, '2012-05-06', 1, ''),
(886, 118, 0, '2012-05-06', 1, ''),
(887, 124, 0, '2012-05-06', 1, ''),
(888, 114, 0, '2012-05-06', 1, ''),
(889, 125, 0, '2012-05-06', 1, ''),
(890, 122, 0, '2012-05-20', 1, ''),
(891, 115, 1, '2012-05-20', 0, ''),
(892, 116, 0, '2012-05-20', 1, ''),
(893, 117, 0, '2012-05-20', 1, ''),
(894, 119, 1, '2012-05-20', 0, ''),
(895, 120, 0, '2012-05-20', 1, ''),
(896, 113, 0, '2012-05-20', 1, ''),
(897, 123, 0, '2012-05-20', 1, ''),
(898, 121, 0, '2012-05-20', 1, ''),
(899, 118, 0, '2012-05-20', 1, ''),
(900, 124, 0, '2012-05-20', 1, ''),
(901, 114, 0, '2012-05-20', 1, ''),
(902, 125, 0, '2012-05-20', 1, ''),
(903, 122, 0, '2012-05-27', 1, ''),
(904, 115, 1, '2012-05-27', 0, ''),
(905, 116, 0, '2012-05-27', 1, ''),
(906, 117, 0, '2012-05-27', 1, ''),
(907, 119, 0, '2012-05-27', 1, ''),
(908, 120, 0, '2012-05-27', 1, ''),
(909, 113, 0, '2012-05-27', 1, ''),
(910, 123, 0, '2012-05-27', 1, ''),
(911, 121, 0, '2012-05-27', 1, ''),
(912, 118, 0, '2012-05-27', 1, ''),
(913, 124, 0, '2012-05-27', 1, ''),
(914, 114, 0, '2012-05-27', 1, ''),
(915, 125, 0, '2012-05-27', 1, ''),
(916, 122, 0, '2012-06-10', 1, ''),
(917, 115, 1, '2012-06-10', 0, ''),
(918, 116, 0, '2012-06-10', 1, ''),
(919, 117, 0, '2012-06-10', 1, ''),
(920, 119, 0, '2012-06-10', 1, ''),
(921, 120, 0, '2012-06-10', 1, ''),
(922, 113, 0, '2012-06-10', 1, ''),
(923, 123, 0, '2012-06-10', 1, ''),
(924, 121, 0, '2012-06-10', 1, ''),
(925, 118, 0, '2012-06-10', 1, ''),
(926, 124, 0, '2012-06-10', 1, ''),
(927, 114, 0, '2012-06-10', 1, ''),
(928, 125, 0, '2012-06-10', 1, ''),
(929, 122, 0, '2012-06-17', 1, ''),
(930, 115, 1, '2012-06-17', 0, 'Permission '),
(931, 116, 0, '2012-06-17', 1, ''),
(932, 117, 0, '2012-06-17', 1, ''),
(933, 119, 1, '2012-06-17', 0, 'Permission '),
(934, 120, 0, '2012-06-17', 1, ''),
(935, 113, 0, '2012-06-17', 1, ''),
(936, 123, 0, '2012-06-17', 1, ''),
(937, 121, 0, '2012-06-17', 1, ''),
(938, 118, 0, '2012-06-17', 1, ''),
(939, 124, 0, '2012-06-17', 1, ''),
(940, 114, 0, '2012-06-17', 1, ''),
(941, 125, 0, '2012-06-17', 1, ''),
(942, 122, 0, '2012-06-24', 1, ''),
(943, 115, 1, '2012-06-24', 0, 'Permission'),
(944, 116, 1, '2012-06-24', 0, 'Permission'),
(945, 117, 0, '2012-06-24', 1, ''),
(946, 119, 0, '2012-06-24', 1, ''),
(947, 120, 0, '2012-06-24', 1, ''),
(948, 113, 0, '2012-06-24', 1, ''),
(949, 123, 0, '2012-06-24', 1, ''),
(950, 121, 1, '2012-06-24', 0, 'Permission'),
(951, 118, 1, '2012-06-24', 0, 'Permission'),
(952, 124, 0, '2012-06-24', 1, ''),
(953, 114, 0, '2012-06-24', 1, ''),
(954, 125, 0, '2012-06-24', 1, ''),
(955, 177, 0, '2012-05-02', 1, ''),
(956, 166, 0, '2012-05-02', 1, ''),
(957, 161, 0, '2012-05-02', 1, ''),
(958, 178, 0, '2012-05-02', 1, ''),
(959, 168, 0, '2012-05-02', 1, ''),
(960, 163, 0, '2012-05-02', 1, ''),
(961, 164, 0, '2012-05-02', 1, ''),
(962, 171, 0, '2012-05-02', 1, ''),
(963, 175, 0, '2012-05-02', 1, ''),
(964, 182, 0, '2012-05-02', 1, ''),
(965, 184, 0, '2012-05-02', 1, ''),
(966, 162, 0, '2012-05-02', 1, ''),
(967, 165, 0, '2012-05-02', 1, ''),
(968, 172, 0, '2012-05-02', 1, ''),
(969, 185, 0, '2012-05-02', 1, ''),
(970, 170, 0, '2012-05-02', 1, ''),
(971, 183, 0, '2012-05-02', 1, ''),
(972, 174, 0, '2012-05-02', 1, ''),
(973, 167, 0, '2012-05-02', 1, ''),
(974, 176, 0, '2012-05-02', 1, ''),
(975, 181, 0, '2012-05-02', 1, ''),
(976, 179, 0, '2012-05-02', 1, ''),
(977, 180, 0, '2012-05-02', 1, ''),
(978, 169, 0, '2012-05-02', 1, ''),
(979, 173, 0, '2012-05-02', 1, ''),
(980, 177, 1, '2012-05-23', 0, ''),
(981, 166, 0, '2012-05-23', 1, ''),
(982, 161, 0, '2012-05-23', 1, ''),
(983, 178, 0, '2012-05-23', 1, ''),
(984, 168, 0, '2012-05-23', 1, ''),
(985, 163, 0, '2012-05-23', 1, ''),
(986, 164, 0, '2012-05-23', 1, ''),
(987, 171, 0, '2012-05-23', 1, ''),
(988, 175, 0, '2012-05-23', 1, ''),
(989, 182, 0, '2012-05-23', 1, ''),
(990, 184, 1, '2012-05-23', 0, ''),
(991, 162, 0, '2012-05-23', 1, ''),
(992, 165, 0, '2012-05-23', 1, ''),
(993, 172, 0, '2012-05-23', 1, ''),
(994, 185, 0, '2012-05-23', 1, ''),
(995, 170, 0, '2012-05-23', 1, ''),
(996, 183, 0, '2012-05-23', 1, ''),
(997, 174, 0, '2012-05-23', 1, ''),
(998, 167, 0, '2012-05-23', 1, ''),
(999, 176, 0, '2012-05-23', 1, ''),
(1000, 181, 0, '2012-05-23', 1, ''),
(1001, 179, 0, '2012-05-23', 1, ''),
(1002, 180, 0, '2012-05-23', 1, ''),
(1003, 169, 0, '2012-05-23', 1, ''),
(1004, 173, 0, '2012-05-23', 1, ''),
(1005, 177, 1, '2012-06-06', 0, ''),
(1006, 166, 0, '2012-06-06', 1, ''),
(1007, 161, 0, '2012-06-06', 1, ''),
(1008, 178, 0, '2012-06-06', 1, ''),
(1009, 168, 0, '2012-06-06', 1, ''),
(1010, 163, 0, '2012-06-06', 1, ''),
(1011, 164, 0, '2012-06-06', 1, ''),
(1012, 171, 0, '2012-06-06', 1, ''),
(1013, 175, 0, '2012-06-06', 1, ''),
(1014, 182, 0, '2012-06-06', 1, ''),
(1015, 184, 0, '2012-06-06', 1, ''),
(1016, 162, 0, '2012-06-06', 1, ''),
(1017, 165, 0, '2012-06-06', 1, ''),
(1018, 172, 1, '2012-06-06', 0, 'He has permission. He sick.'),
(1019, 185, 0, '2012-06-06', 1, ''),
(1020, 170, 1, '2012-06-06', 0, ''),
(1021, 183, 0, '2012-06-06', 1, ''),
(1022, 174, 0, '2012-06-06', 1, ''),
(1023, 167, 0, '2012-06-06', 1, ''),
(1024, 176, 1, '2012-06-06', 0, ''),
(1025, 181, 0, '2012-06-06', 1, ''),
(1026, 179, 0, '2012-06-06', 1, ''),
(1027, 180, 0, '2012-06-06', 1, ''),
(1028, 169, 0, '2012-06-06', 1, ''),
(1029, 173, 0, '2012-06-06', 1, ''),
(1030, 177, 1, '2012-06-13', 0, ''),
(1031, 166, 0, '2012-06-13', 1, ''),
(1032, 161, 0, '2012-06-13', 1, ''),
(1033, 178, 0, '2012-06-13', 1, ''),
(1034, 168, 0, '2012-06-13', 1, ''),
(1035, 163, 1, '2012-06-13', 0, ''),
(1036, 164, 0, '2012-06-13', 1, ''),
(1037, 171, 0, '2012-06-13', 1, ''),
(1038, 175, 1, '2012-06-13', 0, 'He has permission.'),
(1039, 182, 0, '2012-06-13', 1, ''),
(1040, 184, 1, '2012-06-13', 0, ''),
(1041, 162, 0, '2012-06-13', 1, ''),
(1042, 165, 0, '2012-06-13', 1, ''),
(1043, 172, 0, '2012-06-13', 1, ''),
(1044, 185, 0, '2012-06-13', 1, ''),
(1045, 170, 1, '2012-06-13', 0, ''),
(1046, 183, 0, '2012-06-13', 1, ''),
(1047, 174, 0, '2012-06-13', 1, ''),
(1048, 167, 0, '2012-06-13', 1, ''),
(1049, 176, 1, '2012-06-13', 0, ''),
(1050, 181, 0, '2012-06-13', 1, ''),
(1051, 179, 0, '2012-06-13', 1, ''),
(1052, 180, 1, '2012-06-13', 0, 'She has permission'),
(1053, 169, 0, '2012-06-13', 1, ''),
(1054, 173, 0, '2012-06-13', 1, ''),
(1055, 177, 1, '2012-06-27', 0, ''),
(1056, 166, 0, '2012-06-27', 1, ''),
(1057, 161, 0, '2012-06-27', 1, ''),
(1058, 178, 1, '2012-06-27', 0, ''),
(1059, 168, 1, '2012-06-27', 0, ''),
(1060, 163, 1, '2012-06-27', 0, ''),
(1061, 164, 1, '2012-06-27', 0, ''),
(1062, 171, 0, '2012-06-27', 1, ''),
(1063, 175, 1, '2012-06-27', 0, ''),
(1064, 182, 1, '2012-06-27', 0, ''),
(1065, 184, 1, '2012-06-27', 0, ''),
(1066, 162, 0, '2012-06-27', 1, ''),
(1067, 165, 0, '2012-06-27', 1, ''),
(1068, 172, 0, '2012-06-27', 1, ''),
(1069, 185, 1, '2012-06-27', 0, ''),
(1070, 170, 1, '2012-06-27', 0, ''),
(1071, 183, 1, '2012-06-27', 0, ''),
(1072, 174, 1, '2012-06-27', 0, ''),
(1073, 167, 1, '2012-06-27', 0, ''),
(1074, 176, 1, '2012-06-27', 0, ''),
(1075, 181, 1, '2012-06-27', 0, ''),
(1076, 179, 1, '2012-06-27', 0, ''),
(1077, 180, 1, '2012-06-27', 0, ''),
(1078, 169, 0, '2012-06-27', 1, ''),
(1079, 173, 1, '2012-06-27', 0, ''),
(1080, 192, 1, '2012-05-23', 0, ''),
(1081, 194, 1, '2012-05-23', 0, ''),
(1082, 190, 0, '2012-05-23', 1, ''),
(1083, 195, 1, '2012-05-23', 0, ''),
(1084, 193, 1, '2012-05-23', 0, ''),
(1085, 186, 1, '2012-05-23', 0, ''),
(1086, 203, 0, '2012-05-23', 1, ''),
(1087, 200, 1, '2012-05-23', 0, ''),
(1088, 208, 0, '2012-05-23', 1, ''),
(1089, 196, 0, '2012-05-23', 1, ''),
(1090, 199, 0, '2012-05-23', 1, ''),
(1091, 187, 1, '2012-05-23', 0, ''),
(1092, 198, 1, '2012-05-23', 0, ''),
(1093, 201, 0, '2012-05-23', 1, ''),
(1094, 204, 1, '2012-05-23', 0, ''),
(1095, 205, 1, '2012-05-23', 0, ''),
(1096, 210, 1, '2012-05-23', 0, ''),
(1097, 202, 0, '2012-05-23', 1, ''),
(1098, 189, 0, '2012-05-23', 1, ''),
(1099, 188, 0, '2012-05-23', 1, ''),
(1100, 197, 0, '2012-05-23', 1, ''),
(1101, 209, 0, '2012-05-23', 1, ''),
(1102, 206, 1, '2012-05-23', 0, ''),
(1103, 191, 0, '2012-05-23', 1, ''),
(1104, 207, 1, '2012-05-23', 0, ''),
(1105, 192, 0, '2012-05-30', 1, ''),
(1106, 194, 0, '2012-05-30', 1, ''),
(1107, 190, 0, '2012-05-30', 1, ''),
(1108, 195, 0, '2012-05-30', 1, ''),
(1109, 193, 1, '2012-05-30', 0, ''),
(1110, 186, 0, '2012-05-30', 1, ''),
(1111, 203, 0, '2012-05-30', 1, ''),
(1112, 200, 0, '2012-05-30', 1, ''),
(1113, 208, 0, '2012-05-30', 1, ''),
(1114, 196, 0, '2012-05-30', 1, ''),
(1115, 199, 0, '2012-05-30', 1, ''),
(1116, 187, 1, '2012-05-30', 0, ''),
(1117, 198, 0, '2012-05-30', 1, ''),
(1118, 201, 0, '2012-05-30', 1, ''),
(1119, 204, 0, '2012-05-30', 1, ''),
(1120, 205, 1, '2012-05-30', 0, ''),
(1121, 210, 1, '2012-05-30', 0, ''),
(1122, 202, 0, '2012-05-30', 1, ''),
(1123, 189, 0, '2012-05-30', 1, ''),
(1124, 188, 0, '2012-05-30', 1, ''),
(1125, 197, 0, '2012-05-30', 1, ''),
(1126, 209, 0, '2012-05-30', 1, ''),
(1127, 206, 1, '2012-05-30', 0, ''),
(1128, 191, 0, '2012-05-30', 1, ''),
(1129, 207, 1, '2012-05-30', 0, ''),
(1130, 192, 0, '2012-06-20', 1, ''),
(1131, 194, 0, '2012-06-20', 1, ''),
(1132, 190, 0, '2012-06-20', 1, ''),
(1133, 195, 0, '2012-06-20', 1, ''),
(1134, 193, 1, '2012-06-20', 0, ''),
(1135, 186, 1, '2012-06-20', 0, ''),
(1136, 203, 0, '2012-06-20', 1, ''),
(1137, 200, 0, '2012-06-20', 1, ''),
(1138, 208, 1, '2012-06-20', 0, ''),
(1139, 196, 0, '2012-06-20', 1, ''),
(1140, 199, 0, '2012-06-20', 1, ''),
(1141, 187, 1, '2012-06-20', 0, ''),
(1142, 198, 0, '2012-06-20', 1, ''),
(1143, 201, 0, '2012-06-20', 1, ''),
(1144, 204, 1, '2012-06-20', 0, ''),
(1145, 205, 1, '2012-06-20', 0, ''),
(1146, 210, 1, '2012-06-20', 0, ''),
(1147, 202, 0, '2012-06-20', 1, ''),
(1148, 189, 0, '2012-06-20', 1, ''),
(1149, 188, 0, '2012-06-20', 1, ''),
(1150, 197, 0, '2012-06-20', 1, ''),
(1151, 209, 1, '2012-06-20', 0, ''),
(1152, 206, 1, '2012-06-20', 0, ''),
(1153, 191, 0, '2012-06-20', 1, ''),
(1154, 207, 1, '2012-06-20', 0, ''),
(1155, 228, 1, '2012-05-30', 0, ''),
(1156, 238, 0, '2012-05-30', 1, ''),
(1157, 239, 1, '2012-05-30', 0, ''),
(1158, 240, 0, '2012-05-30', 1, ''),
(1159, 217, 0, '2012-05-30', 1, ''),
(1160, 241, 0, '2012-05-30', 1, ''),
(1161, 221, 1, '2012-05-30', 0, ''),
(1162, 223, 0, '2012-05-30', 1, ''),
(1163, 227, 1, '2012-05-30', 0, ''),
(1164, 236, 0, '2012-05-30', 1, ''),
(1165, 216, 0, '2012-05-30', 1, ''),
(1166, 230, 0, '2012-05-30', 1, ''),
(1167, 237, 0, '2012-05-30', 1, ''),
(1168, 222, 1, '2012-05-30', 0, ''),
(1169, 220, 0, '2012-05-30', 1, ''),
(1170, 225, 0, '2012-05-30', 1, ''),
(1171, 229, 0, '2012-05-30', 1, ''),
(1172, 224, 0, '2012-05-30', 1, ''),
(1173, 231, 0, '2012-05-30', 1, ''),
(1174, 233, 0, '2012-05-30', 1, ''),
(1175, 218, 0, '2012-05-30', 1, ''),
(1176, 219, 1, '2012-05-30', 0, ''),
(1177, 232, 0, '2012-05-30', 1, ''),
(1178, 234, 1, '2012-05-30', 0, ''),
(1179, 235, 1, '2012-05-30', 0, ''),
(1180, 226, 0, '2012-05-30', 1, ''),
(1181, 228, 1, '2012-06-06', 0, ''),
(1182, 238, 0, '2012-06-06', 1, ''),
(1183, 239, 1, '2012-06-06', 0, ''),
(1184, 240, 0, '2012-06-06', 1, ''),
(1185, 217, 0, '2012-06-06', 1, ''),
(1186, 241, 1, '2012-06-06', 0, ''),
(1187, 221, 1, '2012-06-06', 0, ''),
(1188, 223, 1, '2012-06-06', 0, ''),
(1189, 227, 1, '2012-06-06', 0, ''),
(1190, 236, 0, '2012-06-06', 1, ''),
(1191, 216, 0, '2012-06-06', 1, ''),
(1192, 230, 0, '2012-06-06', 1, ''),
(1193, 237, 0, '2012-06-06', 1, ''),
(1194, 222, 0, '2012-06-06', 1, ''),
(1195, 220, 0, '2012-06-06', 1, ''),
(1196, 225, 0, '2012-06-06', 1, ''),
(1197, 229, 0, '2012-06-06', 1, ''),
(1198, 224, 0, '2012-06-06', 1, ''),
(1199, 231, 0, '2012-06-06', 1, ''),
(1200, 233, 0, '2012-06-06', 1, ''),
(1201, 218, 0, '2012-06-06', 1, ''),
(1202, 219, 1, '2012-06-06', 0, ''),
(1203, 232, 0, '2012-06-06', 1, ''),
(1204, 234, 1, '2012-06-06', 0, ''),
(1205, 235, 1, '2012-06-06', 0, ''),
(1206, 226, 0, '2012-06-06', 1, ''),
(1207, 228, 1, '2012-06-13', 0, ''),
(1208, 238, 0, '2012-06-13', 1, ''),
(1209, 239, 0, '2012-06-13', 1, ''),
(1210, 240, 0, '2012-06-13', 1, ''),
(1211, 217, 0, '2012-06-13', 1, ''),
(1212, 241, 1, '2012-06-13', 0, ''),
(1213, 221, 1, '2012-06-13', 0, ''),
(1214, 223, 0, '2012-06-13', 1, ''),
(1215, 227, 1, '2012-06-13', 0, ''),
(1216, 236, 0, '2012-06-13', 1, ''),
(1217, 216, 0, '2012-06-13', 1, ''),
(1218, 230, 1, '2012-06-13', 0, ''),
(1219, 237, 0, '2012-06-13', 1, ''),
(1220, 222, 0, '2012-06-13', 1, ''),
(1221, 220, 0, '2012-06-13', 1, ''),
(1222, 225, 1, '2012-06-13', 0, ''),
(1223, 229, 0, '2012-06-13', 1, ''),
(1224, 224, 0, '2012-06-13', 1, ''),
(1225, 231, 1, '2012-06-13', 0, ''),
(1226, 233, 0, '2012-06-13', 1, ''),
(1227, 218, 0, '2012-06-13', 1, ''),
(1228, 219, 1, '2012-06-13', 0, ''),
(1229, 232, 0, '2012-06-13', 1, ''),
(1230, 234, 0, '2012-06-13', 1, ''),
(1231, 235, 1, '2012-06-13', 0, ''),
(1232, 226, 0, '2012-06-13', 1, ''),
(1233, 228, 1, '2012-06-20', 0, ''),
(1234, 238, 0, '2012-06-20', 1, ''),
(1235, 239, 0, '2012-06-20', 1, ''),
(1236, 240, 0, '2012-06-20', 1, ''),
(1237, 217, 0, '2012-06-20', 1, ''),
(1238, 241, 1, '2012-06-20', 0, ''),
(1239, 221, 0, '2012-06-20', 1, ''),
(1240, 223, 1, '2012-06-20', 0, ''),
(1241, 227, 1, '2012-06-20', 0, ''),
(1242, 236, 0, '2012-06-20', 1, ''),
(1243, 216, 0, '2012-06-20', 1, ''),
(1244, 230, 1, '2012-06-20', 0, ''),
(1245, 237, 0, '2012-06-20', 1, ''),
(1246, 222, 0, '2012-06-20', 1, ''),
(1247, 220, 0, '2012-06-20', 1, ''),
(1248, 225, 0, '2012-06-20', 1, ''),
(1249, 229, 0, '2012-06-20', 1, ''),
(1250, 224, 0, '2012-06-20', 1, ''),
(1251, 231, 0, '2012-06-20', 1, ''),
(1252, 233, 0, '2012-06-20', 1, ''),
(1253, 218, 0, '2012-06-20', 1, ''),
(1254, 219, 1, '2012-06-20', 0, ''),
(1255, 232, 0, '2012-06-20', 1, ''),
(1256, 234, 1, '2012-06-20', 0, ''),
(1257, 235, 1, '2012-06-20', 0, ''),
(1258, 226, 0, '2012-06-20', 1, ''),
(1259, 228, 1, '2012-06-27', 0, ''),
(1260, 238, 0, '2012-06-27', 1, ''),
(1261, 239, 0, '2012-06-27', 1, ''),
(1262, 240, 0, '2012-06-27', 1, ''),
(1263, 217, 0, '2012-06-27', 1, ''),
(1264, 241, 0, '2012-06-27', 1, ''),
(1265, 221, 1, '2012-06-27', 0, ''),
(1266, 223, 1, '2012-06-27', 0, ''),
(1267, 227, 1, '2012-06-27', 0, ''),
(1268, 236, 0, '2012-06-27', 1, ''),
(1269, 216, 1, '2012-06-27', 0, ''),
(1270, 230, 1, '2012-06-27', 0, ''),
(1271, 237, 0, '2012-06-27', 1, ''),
(1272, 222, 0, '2012-06-27', 1, ''),
(1273, 220, 0, '2012-06-27', 1, ''),
(1274, 225, 0, '2012-06-27', 1, ''),
(1275, 229, 0, '2012-06-27', 1, ''),
(1276, 224, 1, '2012-06-27', 0, ''),
(1277, 231, 0, '2012-06-27', 1, ''),
(1278, 233, 0, '2012-06-27', 1, ''),
(1279, 218, 0, '2012-06-27', 1, ''),
(1280, 219, 1, '2012-06-27', 0, ''),
(1281, 232, 0, '2012-06-27', 1, ''),
(1282, 234, 1, '2012-06-27', 0, ''),
(1283, 235, 1, '2012-06-27', 0, ''),
(1284, 226, 0, '2012-06-27', 1, ''),
(1285, 214, 0, '2012-04-02', 1, ''),
(1286, 212, 0, '2012-04-02', 1, ''),
(1287, 282, 0, '2012-04-02', 1, ''),
(1288, 215, 0, '2012-04-02', 1, ''),
(1289, 277, 0, '2012-04-02', 1, ''),
(1290, 287, 0, '2012-04-02', 1, ''),
(1291, 281, 0, '2012-04-02', 1, ''),
(1292, 283, 0, '2012-04-02', 1, ''),
(1293, 211, 0, '2012-04-02', 1, ''),
(1294, 276, 0, '2012-04-02', 1, ''),
(1295, 288, 0, '2012-04-02', 1, ''),
(1296, 278, 0, '2012-04-02', 1, ''),
(1297, 286, 0, '2012-04-02', 1, ''),
(1298, 213, 0, '2012-04-02', 1, ''),
(1299, 280, 0, '2012-04-02', 1, ''),
(1300, 284, 0, '2012-04-02', 1, ''),
(1301, 279, 0, '2012-04-02', 1, ''),
(1302, 285, 0, '2012-04-02', 1, ''),
(1303, 214, 0, '2012-04-09', 1, ''),
(1304, 212, 0, '2012-04-09', 1, ''),
(1305, 282, 0, '2012-04-09', 1, ''),
(1306, 215, 0, '2012-04-09', 1, ''),
(1307, 277, 0, '2012-04-09', 1, ''),
(1308, 287, 0, '2012-04-09', 1, ''),
(1309, 281, 0, '2012-04-09', 1, ''),
(1310, 283, 0, '2012-04-09', 1, ''),
(1311, 211, 0, '2012-04-09', 1, ''),
(1312, 276, 0, '2012-04-09', 1, ''),
(1313, 288, 0, '2012-04-09', 1, ''),
(1314, 278, 0, '2012-04-09', 1, ''),
(1315, 286, 0, '2012-04-09', 1, ''),
(1316, 213, 0, '2012-04-09', 1, ''),
(1317, 280, 0, '2012-04-09', 1, ''),
(1318, 284, 0, '2012-04-09', 1, ''),
(1319, 279, 0, '2012-04-09', 1, ''),
(1320, 285, 0, '2012-04-09', 1, ''),
(1321, 214, 1, '2012-04-17', 0, 'Khmer NY holiday'),
(1322, 212, 1, '2012-04-17', 0, 'Khmer NY holiday'),
(1323, 282, 1, '2012-04-17', 0, 'Khmer NY holiday'),
(1324, 215, 1, '2012-04-17', 0, 'Khmer NY holiday'),
(1325, 277, 1, '2012-04-17', 0, 'Khmer NY holiday'),
(1326, 287, 1, '2012-04-17', 0, 'Khmer NY holiday'),
(1327, 281, 1, '2012-04-17', 0, 'Khmer NY holiday'),
(1328, 283, 1, '2012-04-17', 0, 'Khmer NY holiday'),
(1329, 211, 1, '2012-04-17', 0, 'Khmer NY holiday'),
(1330, 276, 1, '2012-04-17', 0, 'Khmer NY holiday'),
(1331, 288, 1, '2012-04-17', 0, 'Khmer NY holiday'),
(1332, 278, 1, '2012-04-17', 0, 'Khmer NY holiday'),
(1333, 286, 1, '2012-04-17', 0, 'Khmer NY holiday'),
(1334, 213, 1, '2012-04-17', 0, 'Khmer NY holiday'),
(1335, 280, 1, '2012-04-17', 0, 'Khmer NY holiday'),
(1336, 284, 1, '2012-04-17', 0, 'Khmer NY holiday'),
(1337, 279, 1, '2012-04-17', 0, 'Khmer NY holiday'),
(1338, 285, 1, '2012-04-17', 0, 'Khmer NY holiday'),
(1339, 214, 0, '2012-04-23', 1, ''),
(1340, 212, 0, '2012-04-23', 1, ''),
(1341, 282, 0, '2012-04-23', 1, ''),
(1342, 215, 0, '2012-04-23', 1, ''),
(1343, 277, 0, '2012-04-23', 1, ''),
(1344, 287, 0, '2012-04-23', 1, ''),
(1345, 281, 0, '2012-04-23', 1, ''),
(1346, 283, 0, '2012-04-23', 1, ''),
(1347, 211, 0, '2012-04-23', 1, ''),
(1348, 276, 0, '2012-04-23', 1, ''),
(1349, 288, 0, '2012-04-23', 1, ''),
(1350, 278, 0, '2012-04-23', 1, ''),
(1351, 286, 0, '2012-04-23', 1, ''),
(1352, 213, 0, '2012-04-23', 1, ''),
(1353, 280, 0, '2012-04-23', 1, ''),
(1354, 284, 0, '2012-04-23', 1, ''),
(1355, 279, 0, '2012-04-23', 1, ''),
(1356, 285, 0, '2012-04-23', 1, ''),
(1357, 214, 0, '2012-04-30', 1, ''),
(1358, 212, 0, '2012-04-30', 1, ''),
(1359, 282, 0, '2012-04-30', 1, ''),
(1360, 215, 0, '2012-04-30', 1, ''),
(1361, 277, 0, '2012-04-30', 1, ''),
(1362, 287, 0, '2012-04-30', 1, ''),
(1363, 281, 0, '2012-04-30', 1, ''),
(1364, 283, 0, '2012-04-30', 1, ''),
(1365, 211, 0, '2012-04-30', 1, ''),
(1366, 276, 0, '2012-04-30', 1, ''),
(1367, 288, 0, '2012-04-30', 1, ''),
(1368, 278, 0, '2012-04-30', 1, ''),
(1369, 286, 0, '2012-04-30', 1, ''),
(1370, 213, 0, '2012-04-30', 1, ''),
(1371, 280, 0, '2012-04-30', 1, ''),
(1372, 284, 0, '2012-04-30', 1, ''),
(1373, 279, 0, '2012-04-30', 1, ''),
(1374, 285, 0, '2012-04-30', 1, ''),
(1375, 148, 0, '2012-06-30', 1, ''),
(1376, 141, 1, '2012-06-30', 0, ''),
(1377, 154, 1, '2012-06-30', 0, ''),
(1378, 140, 1, '2012-06-30', 0, ''),
(1379, 143, 0, '2012-06-30', 1, ''),
(1380, 150, 1, '2012-06-30', 0, ''),
(1381, 138, 0, '2012-06-30', 1, ''),
(1382, 153, 0, '2012-06-30', 1, ''),
(1383, 146, 1, '2012-06-30', 0, ''),
(1384, 152, 0, '2012-06-30', 1, ''),
(1385, 145, 1, '2012-06-30', 0, ''),
(1386, 144, 0, '2012-06-30', 1, ''),
(1387, 151, 1, '2012-06-30', 0, ''),
(1388, 139, 0, '2012-06-30', 1, ''),
(1389, 142, 1, '2012-06-30', 0, ''),
(1390, 108, 1, '2012-06-30', 0, ''),
(1391, 137, 1, '2012-06-30', 0, ''),
(1392, 149, 1, '2012-06-30', 0, ''),
(1393, 147, 0, '2012-06-30', 1, ''),
(1394, 214, 0, '2012-05-07', 1, ''),
(1395, 212, 0, '2012-05-07', 1, ''),
(1396, 282, 1, '2012-05-07', 0, ''),
(1397, 215, 0, '2012-05-07', 1, ''),
(1398, 277, 1, '2012-05-07', 0, ''),
(1399, 287, 1, '2012-05-07', 0, ''),
(1400, 281, 1, '2012-05-07', 0, ''),
(1401, 283, 1, '2012-05-07', 0, ''),
(1402, 211, 0, '2012-05-07', 1, ''),
(1403, 276, 1, '2012-05-07', 0, ''),
(1404, 288, 1, '2012-05-07', 0, ''),
(1405, 278, 1, '2012-05-07', 0, ''),
(1406, 286, 1, '2012-05-07', 0, ''),
(1407, 213, 0, '2012-05-07', 1, ''),
(1408, 280, 1, '2012-05-07', 0, ''),
(1409, 284, 1, '2012-05-07', 0, ''),
(1410, 279, 1, '2012-05-07', 0, ''),
(1411, 285, 1, '2012-05-07', 0, ''),
(1412, 214, 1, '2012-05-14', 0, 'King BD holiday'),
(1413, 212, 1, '2012-05-14', 0, 'King BD holiday'),
(1414, 282, 1, '2012-05-14', 0, 'King BD holiday'),
(1415, 215, 1, '2012-05-14', 0, 'King BD holiday'),
(1416, 277, 1, '2012-05-14', 0, 'King BD holiday'),
(1417, 287, 1, '2012-05-14', 0, 'King BD holiday'),
(1418, 281, 1, '2012-05-14', 0, 'King BD holiday'),
(1419, 283, 1, '2012-05-14', 0, 'King BD holiday'),
(1420, 211, 1, '2012-05-14', 0, 'King BD holiday'),
(1421, 276, 1, '2012-05-14', 0, 'King BD holiday'),
(1422, 288, 1, '2012-05-14', 0, 'King BD holiday'),
(1423, 278, 1, '2012-05-14', 0, 'King BD holiday'),
(1424, 286, 1, '2012-05-14', 0, 'King BD holiday'),
(1425, 213, 1, '2012-05-14', 0, 'King BD holiday'),
(1426, 280, 1, '2012-05-14', 0, 'King BD holiday'),
(1427, 284, 1, '2012-05-14', 0, 'King BD holiday'),
(1428, 279, 1, '2012-05-14', 0, 'King BD holiday'),
(1429, 285, 1, '2012-05-14', 0, 'King BD holiday'),
(1430, 214, 0, '2012-05-21', 1, ''),
(1431, 212, 0, '2012-05-21', 1, ''),
(1432, 282, 0, '2012-05-21', 1, ''),
(1433, 215, 0, '2012-05-21', 1, ''),
(1434, 277, 0, '2012-05-21', 1, ''),
(1435, 287, 0, '2012-05-21', 1, ''),
(1436, 281, 0, '2012-05-21', 1, ''),
(1437, 283, 0, '2012-05-21', 1, ''),
(1438, 211, 0, '2012-05-21', 1, ''),
(1439, 276, 1, '2012-05-21', 0, ''),
(1440, 288, 1, '2012-05-21', 0, ''),
(1441, 278, 0, '2012-05-21', 1, ''),
(1442, 286, 0, '2012-05-21', 1, ''),
(1443, 213, 0, '2012-05-21', 1, ''),
(1444, 280, 0, '2012-05-21', 1, ''),
(1445, 284, 0, '2012-05-21', 1, ''),
(1446, 279, 0, '2012-05-21', 1, ''),
(1447, 285, 0, '2012-05-21', 1, ''),
(1448, 214, 1, '2012-05-28', 0, ''),
(1449, 212, 0, '2012-05-28', 1, ''),
(1450, 282, 1, '2012-05-28', 0, ''),
(1451, 215, 0, '2012-05-28', 1, ''),
(1452, 277, 0, '2012-05-28', 1, ''),
(1453, 287, 0, '2012-05-28', 1, '');
INSERT INTO `tbl_attendances` (`att_id`, `att_stu_id`, `att_absent`, `att_date`, `att_attended`, `att_description`) VALUES
(1454, 281, 1, '2012-05-28', 0, ''),
(1455, 283, 1, '2012-05-28', 0, ''),
(1456, 211, 0, '2012-05-28', 1, ''),
(1457, 276, 0, '2012-05-28', 1, ''),
(1458, 288, 0, '2012-05-28', 1, ''),
(1459, 278, 0, '2012-05-28', 1, ''),
(1460, 286, 0, '2012-05-28', 1, ''),
(1461, 213, 0, '2012-05-28', 1, ''),
(1462, 280, 0, '2012-05-28', 1, ''),
(1463, 284, 0, '2012-05-28', 1, ''),
(1464, 279, 0, '2012-05-28', 1, ''),
(1465, 285, 0, '2012-05-28', 1, ''),
(1466, 214, 1, '2012-06-04', 0, ''),
(1467, 212, 1, '2012-06-04', 0, ''),
(1468, 282, 1, '2012-06-04', 0, ''),
(1469, 215, 0, '2012-06-04', 1, ''),
(1470, 277, 1, '2012-06-04', 0, ''),
(1471, 287, 1, '2012-06-04', 0, ''),
(1472, 281, 1, '2012-06-04', 0, ''),
(1473, 283, 1, '2012-06-04', 0, ''),
(1474, 211, 0, '2012-06-04', 1, ''),
(1475, 276, 0, '2012-06-04', 1, ''),
(1476, 288, 0, '2012-06-04', 1, ''),
(1477, 278, 0, '2012-06-04', 1, ''),
(1478, 286, 0, '2012-06-04', 1, ''),
(1479, 213, 0, '2012-06-04', 1, ''),
(1480, 280, 1, '2012-06-04', 0, ''),
(1481, 284, 1, '2012-06-04', 0, ''),
(1482, 279, 0, '2012-06-04', 1, ''),
(1483, 285, 0, '2012-06-04', 1, ''),
(1484, 214, 1, '2012-06-11', 0, ''),
(1485, 212, 1, '2012-06-11', 0, ''),
(1486, 282, 0, '2012-06-11', 1, ''),
(1487, 215, 0, '2012-06-11', 1, ''),
(1488, 277, 0, '2012-06-11', 1, ''),
(1489, 287, 0, '2012-06-11', 1, ''),
(1490, 281, 0, '2012-06-11', 1, ''),
(1491, 283, 0, '2012-06-11', 1, ''),
(1492, 211, 1, '2012-06-11', 0, 'She has permission. She moved the house.'),
(1493, 276, 0, '2012-06-11', 1, ''),
(1494, 288, 0, '2012-06-11', 1, ''),
(1495, 278, 0, '2012-06-11', 1, ''),
(1496, 286, 0, '2012-06-11', 1, ''),
(1497, 213, 0, '2012-06-11', 1, ''),
(1498, 280, 0, '2012-06-11', 1, ''),
(1499, 284, 0, '2012-06-11', 1, ''),
(1500, 279, 0, '2012-06-11', 1, ''),
(1501, 285, 0, '2012-06-11', 1, ''),
(1502, 214, 1, '2012-06-18', 0, 'King BD holiday'),
(1503, 212, 1, '2012-06-18', 0, 'King BD holiday'),
(1504, 282, 1, '2012-06-18', 0, 'King BD holiday'),
(1505, 215, 1, '2012-06-18', 0, 'King BD holiday'),
(1506, 277, 1, '2012-06-18', 0, 'King BD holiday'),
(1507, 287, 1, '2012-06-18', 0, 'King BD holiday'),
(1508, 281, 1, '2012-06-18', 0, 'King BD holiday'),
(1509, 283, 1, '2012-06-18', 0, 'King BD holiday'),
(1510, 211, 1, '2012-06-18', 0, 'King BD holiday'),
(1511, 276, 1, '2012-06-18', 0, 'King BD holiday'),
(1512, 288, 1, '2012-06-18', 0, 'King BD holiday'),
(1513, 278, 1, '2012-06-18', 0, 'King BD holiday'),
(1514, 286, 1, '2012-06-18', 0, 'King BD holiday'),
(1515, 213, 1, '2012-06-18', 0, 'King BD holiday'),
(1516, 280, 1, '2012-06-18', 0, '`King BD holiday'),
(1517, 284, 1, '2012-06-18', 0, 'King BD holiday'),
(1518, 279, 1, '2012-06-18', 0, 'King BD holiday'),
(1519, 285, 1, '2012-06-18', 0, 'King BD holiday'),
(1520, 214, 0, '2012-06-25', 1, ''),
(1521, 212, 1, '2012-06-25', 0, ''),
(1522, 282, 1, '2012-06-25', 0, ''),
(1523, 215, 0, '2012-06-25', 1, ''),
(1524, 277, 1, '2012-06-25', 0, ''),
(1525, 287, 1, '2012-06-25', 0, ''),
(1526, 281, 1, '2012-06-25', 0, ''),
(1527, 283, 1, '2012-06-25', 0, ''),
(1528, 211, 1, '2012-06-25', 0, 'She has permission. New house party.'),
(1529, 276, 0, '2012-06-25', 1, ''),
(1530, 288, 0, '2012-06-25', 1, ''),
(1531, 278, 0, '2012-06-25', 1, ''),
(1532, 286, 0, '2012-06-25', 1, ''),
(1533, 213, 0, '2012-06-25', 1, ''),
(1534, 280, 1, '2012-06-25', 0, ''),
(1535, 284, 1, '2012-06-25', 0, ''),
(1536, 279, 0, '2012-06-25', 1, ''),
(1537, 285, 0, '2012-06-25', 1, ''),
(1538, 159, 0, '2012-04-05', 1, ''),
(1539, 158, 0, '2012-04-05', 1, ''),
(1540, 157, 0, '2012-04-05', 1, ''),
(1541, 160, 0, '2012-04-05', 1, ''),
(1542, 155, 0, '2012-04-05', 1, ''),
(1543, 156, 0, '2012-04-05', 1, ''),
(1544, 159, 0, '2012-04-12', 1, ''),
(1545, 158, 0, '2012-04-12', 1, ''),
(1546, 157, 0, '2012-04-12', 1, ''),
(1547, 160, 0, '2012-04-12', 1, ''),
(1548, 155, 0, '2012-04-12', 1, ''),
(1549, 156, 0, '2012-04-12', 1, ''),
(1550, 159, 0, '2012-04-19', 1, ''),
(1551, 158, 0, '2012-04-19', 1, ''),
(1552, 157, 0, '2012-04-19', 1, ''),
(1553, 160, 0, '2012-04-19', 1, ''),
(1554, 155, 0, '2012-04-19', 1, ''),
(1555, 156, 0, '2012-04-19', 1, ''),
(1556, 159, 0, '2012-04-26', 1, ''),
(1557, 158, 0, '2012-04-26', 1, ''),
(1558, 157, 0, '2012-04-26', 1, ''),
(1559, 160, 0, '2012-04-26', 1, ''),
(1560, 155, 0, '2012-04-26', 1, ''),
(1561, 156, 0, '2012-04-26', 1, ''),
(1562, 159, 0, '2012-05-03', 1, ''),
(1563, 158, 0, '2012-05-03', 1, ''),
(1564, 157, 0, '2012-05-03', 1, ''),
(1565, 160, 0, '2012-05-03', 1, ''),
(1566, 155, 0, '2012-05-03', 1, ''),
(1567, 156, 0, '2012-05-03', 1, ''),
(1568, 159, 0, '2012-05-10', 1, ''),
(1569, 158, 0, '2012-05-10', 1, ''),
(1570, 157, 0, '2012-05-10', 1, ''),
(1571, 160, 0, '2012-05-10', 1, ''),
(1572, 155, 0, '2012-05-10', 1, ''),
(1573, 156, 0, '2012-05-10', 1, ''),
(1574, 159, 0, '2012-05-17', 1, ''),
(1575, 158, 0, '2012-05-17', 1, ''),
(1576, 157, 0, '2012-05-17', 1, ''),
(1577, 160, 0, '2012-05-17', 1, ''),
(1578, 155, 0, '2012-05-17', 1, ''),
(1579, 156, 0, '2012-05-17', 1, ''),
(1580, 159, 1, '2012-05-24', 0, ''),
(1581, 158, 0, '2012-05-24', 1, ''),
(1582, 157, 0, '2012-05-24', 1, ''),
(1583, 160, 0, '2012-05-24', 1, ''),
(1584, 155, 0, '2012-05-24', 1, ''),
(1585, 156, 0, '2012-05-24', 1, ''),
(1586, 159, 1, '2012-05-31', 0, 'School busy'),
(1587, 158, 1, '2012-05-31', 0, 'School busy'),
(1588, 157, 1, '2012-05-31', 0, 'School busy'),
(1589, 160, 1, '2012-05-31', 0, 'School busy'),
(1590, 155, 1, '2012-05-31', 0, 'School busy'),
(1591, 156, 1, '2012-05-31', 0, 'School busy'),
(1592, 159, 1, '2012-06-07', 0, 'School busy'),
(1593, 158, 1, '2012-06-07', 0, 'School busy'),
(1594, 157, 1, '2012-06-07', 0, 'School busy'),
(1595, 160, 1, '2012-06-07', 0, 'School busy'),
(1596, 155, 1, '2012-06-07', 0, 'School busy'),
(1597, 156, 1, '2012-06-07', 0, 'School busy'),
(1598, 159, 1, '2012-06-14', 0, 'School busy'),
(1599, 158, 1, '2012-06-14', 0, 'School busy'),
(1600, 157, 1, '2012-06-14', 0, 'School busy'),
(1601, 160, 1, '2012-06-14', 0, 'School busy'),
(1602, 155, 1, '2012-06-14', 0, 'School busy'),
(1603, 156, 1, '2012-06-14', 0, 'School busy'),
(1604, 159, 1, '2012-06-21', 0, ''),
(1605, 158, 0, '2012-06-21', 1, ''),
(1606, 157, 0, '2012-06-21', 1, ''),
(1607, 160, 0, '2012-06-21', 1, ''),
(1608, 155, 1, '2012-06-21', 0, ''),
(1609, 156, 1, '2012-06-21', 0, ''),
(1610, 159, 1, '2012-06-28', 0, ''),
(1611, 158, 0, '2012-06-28', 1, ''),
(1612, 157, 0, '2012-06-28', 1, ''),
(1613, 160, 0, '2012-06-28', 1, ''),
(1614, 155, 1, '2012-06-28', 0, ''),
(1615, 156, 1, '2012-06-28', 0, ''),
(1616, 148, 0, '2012-06-09', 1, ''),
(1617, 141, 1, '2012-06-09', 0, ''),
(1618, 154, 1, '2012-06-09', 0, ''),
(1619, 140, 0, '2012-06-09', 1, ''),
(1620, 143, 1, '2012-06-09', 0, ''),
(1621, 150, 1, '2012-06-09', 0, ''),
(1622, 138, 0, '2012-06-09', 1, ''),
(1623, 153, 0, '2012-06-09', 1, ''),
(1624, 146, 1, '2012-06-09', 0, ''),
(1625, 152, 0, '2012-06-09', 1, ''),
(1626, 145, 0, '2012-06-09', 1, ''),
(1627, 144, 0, '2012-06-09', 1, ''),
(1628, 151, 0, '2012-06-09', 1, ''),
(1629, 139, 1, '2012-06-09', 0, ''),
(1630, 142, 1, '2012-06-09', 0, ''),
(1631, 108, 1, '2012-06-09', 0, ''),
(1632, 137, 1, '2012-06-09', 0, ''),
(1633, 149, 1, '2012-06-09', 0, ''),
(1634, 147, 0, '2012-06-09', 1, ''),
(1635, 148, 1, '2012-06-16', 0, ''),
(1636, 141, 1, '2012-06-16', 0, ''),
(1637, 154, 1, '2012-06-16', 0, ''),
(1638, 140, 0, '2012-06-16', 1, ''),
(1639, 143, 1, '2012-06-16', 0, ''),
(1640, 150, 1, '2012-06-16', 0, ''),
(1641, 138, 0, '2012-06-16', 1, ''),
(1642, 153, 0, '2012-06-16', 1, ''),
(1643, 146, 0, '2012-06-16', 1, ''),
(1644, 152, 1, '2012-06-16', 0, ''),
(1645, 145, 1, '2012-06-16', 0, ''),
(1646, 144, 1, '2012-06-16', 0, ''),
(1647, 151, 1, '2012-06-16', 0, ''),
(1648, 139, 1, '2012-06-16', 0, ''),
(1649, 142, 1, '2012-06-16', 0, ''),
(1650, 108, 1, '2012-06-16', 0, ''),
(1651, 137, 1, '2012-06-16', 0, ''),
(1652, 149, 0, '2012-06-16', 1, ''),
(1653, 147, 1, '2012-06-16', 0, ''),
(1654, 43, 0, '2012-07-04', 1, ''),
(1655, 42, 1, '2012-07-04', 0, 'Permission sick'),
(1656, 41, 1, '2012-07-04', 0, 'Permission to join wedding party'),
(1657, 46, 0, '2012-07-04', 1, ''),
(1658, 45, 0, '2012-07-04', 1, ''),
(1659, 38, 0, '2012-07-04', 1, ''),
(1660, 44, 0, '2012-07-04', 1, ''),
(1661, 50, 1, '2012-07-04', 0, 'Permission to join wedding party'),
(1662, 1, 0, '2012-07-04', 1, ''),
(1663, 2, 0, '2012-07-04', 1, ''),
(1664, 54, 0, '2012-07-04', 1, ''),
(1665, 56, 0, '2012-07-04', 1, ''),
(1666, 48, 0, '2012-07-04', 1, ''),
(1667, 51, 0, '2012-07-04', 1, ''),
(1668, 49, 0, '2012-07-04', 1, ''),
(1669, 39, 0, '2012-07-04', 1, ''),
(1670, 55, 0, '2012-07-04', 1, ''),
(1671, 52, 0, '2012-07-04', 1, ''),
(1672, 57, 0, '2012-07-04', 1, ''),
(1673, 53, 0, '2012-07-04', 1, ''),
(1674, 40, 0, '2012-07-04', 1, ''),
(1675, 47, 1, '2012-07-04', 0, ''),
(1676, 10, 0, '2012-07-04', 1, ''),
(1677, 18, 0, '2012-07-04', 1, ''),
(1678, 13, 0, '2012-07-04', 1, ''),
(1679, 7, 0, '2012-07-04', 1, ''),
(1680, 8, 0, '2012-07-04', 1, ''),
(1681, 4, 0, '2012-07-04', 1, ''),
(1682, 16, 0, '2012-07-04', 1, ''),
(1683, 12, 0, '2012-07-04', 1, ''),
(1684, 15, 0, '2012-07-04', 1, ''),
(1685, 11, 0, '2012-07-04', 1, ''),
(1686, 5, 0, '2012-07-04', 1, ''),
(1687, 6, 0, '2012-07-04', 1, ''),
(1688, 14, 0, '2012-07-04', 1, ''),
(1689, 3, 0, '2012-07-04', 1, ''),
(1690, 9, 0, '2012-07-04', 1, ''),
(1691, 19, 0, '2012-07-04', 1, ''),
(1692, 43, 0, '2012-07-11', 1, ''),
(1693, 42, 1, '2012-07-11', 0, ''),
(1694, 41, 0, '2012-07-11', 1, ''),
(1695, 46, 1, '2012-07-11', 0, ''),
(1696, 45, 0, '2012-07-11', 1, ''),
(1697, 38, 0, '2012-07-11', 1, ''),
(1698, 44, 0, '2012-07-11', 1, ''),
(1699, 50, 0, '2012-07-11', 1, ''),
(1700, 1, 1, '2012-07-11', 0, ''),
(1701, 2, 1, '2012-07-11', 0, ''),
(1702, 54, 0, '2012-07-11', 1, ''),
(1703, 56, 0, '2012-07-11', 1, ''),
(1704, 48, 0, '2012-07-11', 1, ''),
(1705, 51, 1, '2012-07-11', 0, ''),
(1706, 49, 0, '2012-07-11', 1, ''),
(1707, 39, 1, '2012-07-11', 0, ''),
(1708, 55, 0, '2012-07-11', 1, ''),
(1709, 52, 0, '2012-07-11', 1, ''),
(1710, 57, 0, '2012-07-11', 1, ''),
(1711, 53, 0, '2012-07-11', 1, ''),
(1712, 40, 0, '2012-07-11', 1, ''),
(1713, 47, 1, '2012-07-11', 0, ''),
(1714, 10, 0, '2012-07-11', 1, ''),
(1715, 18, 0, '2012-07-11', 1, ''),
(1716, 13, 0, '2012-07-11', 1, ''),
(1717, 7, 0, '2012-07-11', 1, ''),
(1718, 8, 0, '2012-07-11', 1, ''),
(1719, 4, 1, '2012-07-11', 0, ''),
(1720, 16, 0, '2012-07-11', 1, ''),
(1721, 12, 0, '2012-07-11', 1, ''),
(1722, 15, 0, '2012-07-11', 1, ''),
(1723, 11, 0, '2012-07-11', 1, ''),
(1724, 5, 0, '2012-07-11', 1, ''),
(1725, 6, 0, '2012-07-11', 1, ''),
(1726, 14, 1, '2012-07-11', 0, ''),
(1727, 3, 0, '2012-07-11', 1, ''),
(1728, 9, 0, '2012-07-11', 1, ''),
(1729, 19, 0, '2012-07-11', 1, ''),
(1730, 136, 0, '2012-05-27', 1, ''),
(1731, 135, 0, '2012-05-27', 1, ''),
(1732, 130, 0, '2012-05-27', 1, ''),
(1733, 127, 0, '2012-05-27', 1, ''),
(1734, 129, 0, '2012-05-27', 1, ''),
(1735, 126, 0, '2012-05-27', 1, ''),
(1736, 128, 0, '2012-05-27', 1, ''),
(1737, 132, 0, '2012-05-27', 1, ''),
(1738, 131, 0, '2012-05-27', 1, ''),
(1739, 133, 0, '2012-05-27', 1, ''),
(1740, 134, 0, '2012-05-27', 1, ''),
(1741, 136, 0, '2012-06-10', 1, ''),
(1742, 135, 0, '2012-06-10', 1, ''),
(1743, 130, 0, '2012-06-10', 1, ''),
(1744, 127, 0, '2012-06-10', 1, ''),
(1745, 129, 0, '2012-06-10', 1, ''),
(1746, 126, 1, '2012-06-10', 0, ' permission'),
(1747, 128, 0, '2012-06-10', 1, ''),
(1748, 132, 0, '2012-06-10', 1, ''),
(1749, 131, 0, '2012-06-10', 1, ''),
(1750, 133, 1, '2012-06-10', 0, ' permission'),
(1751, 134, 1, '2012-06-10', 0, ' permission'),
(1752, 136, 0, '2012-06-17', 1, ''),
(1753, 135, 0, '2012-06-17', 1, ''),
(1754, 130, 0, '2012-06-17', 1, ''),
(1755, 127, 0, '2012-06-17', 1, ''),
(1756, 129, 0, '2012-06-17', 1, ''),
(1757, 126, 0, '2012-06-17', 1, ''),
(1758, 128, 0, '2012-06-17', 1, ''),
(1759, 132, 0, '2012-06-17', 1, ''),
(1760, 131, 0, '2012-06-17', 1, ''),
(1761, 133, 0, '2012-06-17', 1, ''),
(1762, 134, 0, '2012-06-17', 1, ''),
(1763, 136, 0, '2012-06-24', 1, ''),
(1764, 135, 0, '2012-06-24', 1, ''),
(1765, 130, 0, '2012-06-24', 1, ''),
(1766, 127, 0, '2012-06-24', 1, ''),
(1767, 129, 0, '2012-06-24', 1, ''),
(1768, 126, 0, '2012-06-24', 1, ''),
(1769, 128, 1, '2012-06-24', 0, 'permission : sick '),
(1770, 132, 1, '2012-06-24', 0, 'Permission: exam'),
(1771, 131, 0, '2012-06-24', 1, ''),
(1772, 133, 1, '2012-06-24', 0, 'Permission: exam'),
(1773, 134, 0, '2012-06-24', 1, ''),
(1774, 136, 0, '2012-07-01', 1, ''),
(1775, 135, 0, '2012-07-01', 1, ''),
(1776, 130, 0, '2012-07-01', 1, ''),
(1777, 127, 0, '2012-07-01', 1, ''),
(1778, 129, 0, '2012-07-01', 1, ''),
(1779, 126, 0, '2012-07-01', 1, ''),
(1780, 128, 0, '2012-07-01', 1, ''),
(1781, 132, 0, '2012-07-01', 1, ''),
(1782, 131, 0, '2012-07-01', 1, ''),
(1783, 133, 0, '2012-07-01', 1, ''),
(1784, 134, 0, '2012-07-01', 1, ''),
(1785, 136, 0, '2012-07-08', 1, ''),
(1786, 135, 1, '2012-07-08', 0, ''),
(1787, 130, 1, '2012-07-08', 0, ''),
(1788, 127, 0, '2012-07-08', 1, ''),
(1789, 129, 1, '2012-07-08', 0, ''),
(1790, 126, 0, '2012-07-08', 1, ''),
(1791, 128, 1, '2012-07-08', 0, ''),
(1792, 132, 1, '2012-07-08', 0, ''),
(1793, 131, 1, '2012-07-08', 0, ''),
(1794, 133, 0, '2012-07-08', 1, ''),
(1795, 134, 1, '2012-07-08', 0, ''),
(1796, 136, 0, '2012-07-15', 1, ''),
(1797, 135, 0, '2012-07-15', 1, ''),
(1798, 130, 0, '2012-07-15', 1, ''),
(1799, 127, 1, '2012-07-15', 0, 'permission '),
(1800, 129, 0, '2012-07-15', 1, ''),
(1801, 126, 1, '2012-07-15', 0, 'permission'),
(1802, 128, 0, '2012-07-15', 1, ''),
(1803, 132, 0, '2012-07-15', 1, ''),
(1804, 131, 0, '2012-07-15', 1, ''),
(1805, 133, 0, '2012-07-15', 1, ''),
(1806, 134, 0, '2012-07-15', 1, ''),
(1807, 43, 0, '2012-07-18', 1, ''),
(1808, 42, 1, '2012-07-18', 0, 'permission '),
(1809, 41, 0, '2012-07-18', 1, ''),
(1810, 46, 1, '2012-07-18', 0, ''),
(1811, 45, 0, '2012-07-18', 1, ''),
(1812, 38, 0, '2012-07-18', 1, ''),
(1813, 44, 0, '2012-07-18', 1, ''),
(1814, 50, 1, '2012-07-18', 0, ''),
(1815, 54, 0, '2012-07-18', 1, ''),
(1816, 56, 0, '2012-07-18', 1, ''),
(1817, 48, 1, '2012-07-18', 0, 'permission'),
(1818, 51, 0, '2012-07-18', 1, ''),
(1819, 49, 0, '2012-07-18', 1, ''),
(1820, 39, 0, '2012-07-18', 1, ''),
(1821, 55, 0, '2012-07-18', 1, ''),
(1822, 52, 0, '2012-07-18', 1, ''),
(1823, 57, 1, '2012-07-18', 0, 'permission '),
(1824, 53, 0, '2012-07-18', 1, ''),
(1825, 40, 0, '2012-07-18', 1, ''),
(1826, 47, 1, '2012-07-18', 0, 'permission'),
(1827, 10, 0, '2012-07-18', 1, ''),
(1828, 18, 0, '2012-07-18', 1, ''),
(1829, 13, 0, '2012-07-18', 1, ''),
(1830, 7, 0, '2012-07-18', 1, ''),
(1831, 8, 0, '2012-07-18', 1, ''),
(1832, 4, 0, '2012-07-18', 1, ''),
(1833, 16, 1, '2012-07-18', 0, 'permission she break her arm when she ply foot ball'),
(1834, 12, 0, '2012-07-18', 1, ''),
(1835, 15, 0, '2012-07-18', 1, ''),
(1836, 11, 0, '2012-07-18', 1, ''),
(1837, 5, 0, '2012-07-18', 1, ''),
(1838, 6, 0, '2012-07-18', 1, ''),
(1839, 14, 0, '2012-07-18', 1, ''),
(1840, 3, 0, '2012-07-18', 1, ''),
(1841, 9, 0, '2012-07-18', 1, ''),
(1842, 19, 0, '2012-07-18', 1, ''),
(1843, 59, 1, '2012-07-06', 0, ''),
(1844, 61, 0, '2012-07-06', 1, ''),
(1845, 65, 0, '2012-07-06', 1, ''),
(1846, 72, 0, '2012-07-06', 1, ''),
(1847, 69, 0, '2012-07-06', 1, ''),
(1848, 62, 0, '2012-07-06', 1, ''),
(1849, 60, 0, '2012-07-06', 1, ''),
(1850, 79, 0, '2012-07-06', 1, ''),
(1851, 75, 0, '2012-07-06', 1, ''),
(1852, 71, 0, '2012-07-06', 1, ''),
(1853, 109, 0, '2012-07-06', 1, ''),
(1854, 64, 0, '2012-07-06', 1, ''),
(1855, 77, 0, '2012-07-06', 1, ''),
(1856, 78, 0, '2012-07-06', 1, ''),
(1857, 73, 0, '2012-07-06', 1, 'change to class G'),
(1858, 110, 0, '2012-07-06', 1, ''),
(1859, 70, 0, '2012-07-06', 1, ''),
(1860, 76, 0, '2012-07-06', 1, ''),
(1861, 80, 0, '2012-07-06', 1, ''),
(1862, 63, 0, '2012-07-06', 1, ''),
(1863, 74, 0, '2012-07-06', 1, ''),
(1864, 66, 1, '2012-07-06', 0, ''),
(1865, 68, 0, '2012-07-06', 1, ''),
(1866, 91, 0, '2012-07-02', 1, ''),
(1867, 100, 0, '2012-07-02', 1, ''),
(1868, 92, 1, '2012-07-02', 0, 'Change to class G'),
(1869, 95, 1, '2012-07-02', 0, 'Change to class G'),
(1870, 93, 0, '2012-07-02', 1, ''),
(1871, 88, 0, '2012-07-02', 1, ''),
(1872, 81, 0, '2012-07-02', 1, ''),
(1873, 83, 1, '2012-07-02', 0, 'Stop study'),
(1874, 85, 0, '2012-07-02', 1, ''),
(1875, 82, 0, '2012-07-02', 1, ''),
(1876, 87, 0, '2012-07-02', 1, ''),
(1877, 107, 1, '2012-07-02', 0, ''),
(1878, 101, 0, '2012-07-02', 1, ''),
(1879, 86, 0, '2012-07-02', 1, ''),
(1880, 98, 0, '2012-07-02', 1, ''),
(1881, 102, 0, '2012-07-02', 1, ''),
(1882, 90, 1, '2012-07-02', 0, ''),
(1883, 96, 0, '2012-07-02', 1, ''),
(1884, 99, 0, '2012-07-02', 1, ''),
(1885, 106, 0, '2012-07-02', 1, ''),
(1886, 104, 0, '2012-07-02', 1, ''),
(1887, 94, 0, '2012-07-02', 1, ''),
(1888, 103, 0, '2012-07-02', 1, ''),
(1889, 84, 0, '2012-07-02', 1, ''),
(1890, 89, 1, '2012-07-02', 0, ''),
(1891, 97, 1, '2012-07-02', 0, 'Change to class G'),
(1892, 111, 1, '2012-07-02', 0, 'Change to class G'),
(1893, 105, 0, '2012-07-02', 1, ''),
(1894, 112, 0, '2012-07-02', 1, ''),
(1895, 91, 0, '2012-07-05', 1, ''),
(1896, 100, 0, '2012-07-05', 1, ''),
(1897, 92, 1, '2012-07-05', 0, 'Change to class G'),
(1898, 95, 1, '2012-07-05', 0, 'Change to class G'),
(1899, 93, 0, '2012-07-05', 1, ''),
(1900, 88, 0, '2012-07-05', 1, ''),
(1901, 81, 0, '2012-07-05', 1, ''),
(1902, 83, 1, '2012-07-05', 0, 'Stop study'),
(1903, 85, 0, '2012-07-05', 1, ''),
(1904, 82, 0, '2012-07-05', 1, ''),
(1905, 87, 0, '2012-07-05', 1, ''),
(1906, 107, 0, '2012-07-05', 1, ''),
(1907, 101, 0, '2012-07-05', 1, ''),
(1908, 86, 0, '2012-07-05', 1, ''),
(1909, 98, 0, '2012-07-05', 1, ''),
(1910, 102, 0, '2012-07-05', 1, ''),
(1911, 90, 0, '2012-07-05', 1, ''),
(1912, 96, 0, '2012-07-05', 1, ''),
(1913, 99, 0, '2012-07-05', 1, ''),
(1914, 106, 0, '2012-07-05', 1, ''),
(1915, 104, 0, '2012-07-05', 1, ''),
(1916, 94, 0, '2012-07-05', 1, ''),
(1917, 103, 0, '2012-07-05', 1, ''),
(1918, 84, 0, '2012-07-05', 1, ''),
(1919, 89, 1, '2012-07-05', 0, ''),
(1920, 97, 1, '2012-07-05', 0, 'Change to class G'),
(1921, 111, 1, '2012-07-05', 0, 'Change to class G'),
(1922, 105, 0, '2012-07-05', 1, ''),
(1923, 112, 0, '2012-07-05', 1, ''),
(1924, 91, 0, '2012-07-12', 1, ''),
(1925, 100, 0, '2012-07-12', 1, ''),
(1926, 92, 1, '2012-07-12', 0, 'Change to class G'),
(1927, 95, 1, '2012-07-12', 0, 'Change to class G'),
(1928, 93, 0, '2012-07-12', 1, ''),
(1929, 88, 0, '2012-07-12', 1, ''),
(1930, 81, 0, '2012-07-12', 1, ''),
(1931, 83, 1, '2012-07-12', 0, 'Stop study'),
(1932, 85, 0, '2012-07-12', 1, ''),
(1933, 82, 0, '2012-07-12', 1, ''),
(1934, 87, 0, '2012-07-12', 1, ''),
(1935, 107, 0, '2012-07-12', 1, ''),
(1936, 101, 0, '2012-07-12', 1, ''),
(1937, 86, 0, '2012-07-12', 1, ''),
(1938, 98, 0, '2012-07-12', 1, ''),
(1939, 102, 1, '2012-07-12', 0, ''),
(1940, 90, 1, '2012-07-12', 0, ''),
(1941, 96, 0, '2012-07-12', 1, ''),
(1942, 99, 0, '2012-07-12', 1, ''),
(1943, 106, 0, '2012-07-12', 1, ''),
(1944, 104, 0, '2012-07-12', 1, ''),
(1945, 94, 1, '2012-07-12', 0, ''),
(1946, 103, 0, '2012-07-12', 1, ''),
(1947, 84, 0, '2012-07-12', 1, ''),
(1948, 89, 0, '2012-07-12', 1, ''),
(1949, 97, 0, '2012-07-12', 1, 'Change to class G'),
(1950, 111, 0, '2012-07-12', 1, 'Change to class G'),
(1951, 105, 0, '2012-07-12', 1, ''),
(1952, 112, 0, '2012-07-12', 1, ''),
(1953, 91, 0, '2012-07-16', 1, ''),
(1954, 100, 1, '2012-07-16', 0, ''),
(1955, 92, 1, '2012-07-16', 0, 'Change to class G'),
(1956, 95, 1, '2012-07-16', 0, 'Change to class G'),
(1957, 93, 0, '2012-07-16', 1, ''),
(1958, 88, 0, '2012-07-16', 1, ''),
(1959, 81, 0, '2012-07-16', 1, ''),
(1960, 83, 1, '2012-07-16', 0, 'stop study'),
(1961, 85, 1, '2012-07-16', 0, ''),
(1962, 82, 0, '2012-07-16', 1, ''),
(1963, 87, 0, '2012-07-16', 1, ''),
(1964, 107, 0, '2012-07-16', 1, ''),
(1965, 101, 0, '2012-07-16', 1, ''),
(1966, 86, 0, '2012-07-16', 1, ''),
(1967, 98, 0, '2012-07-16', 1, ''),
(1968, 102, 0, '2012-07-16', 1, ''),
(1969, 90, 0, '2012-07-16', 1, ''),
(1970, 96, 1, '2012-07-16', 0, ''),
(1971, 99, 0, '2012-07-16', 1, ''),
(1972, 106, 0, '2012-07-16', 1, ''),
(1973, 104, 0, '2012-07-16', 1, ''),
(1974, 94, 0, '2012-07-16', 1, ''),
(1975, 103, 0, '2012-07-16', 1, ''),
(1976, 84, 0, '2012-07-16', 1, ''),
(1977, 89, 0, '2012-07-16', 1, ''),
(1978, 97, 1, '2012-07-16', 0, 'Change to class G'),
(1979, 111, 1, '2012-07-16', 0, 'Change to class G'),
(1980, 105, 0, '2012-07-16', 1, ''),
(1981, 112, 0, '2012-07-16', 1, ''),
(1982, 91, 0, '2012-07-19', 1, ''),
(1983, 100, 1, '2012-07-19', 0, ''),
(1984, 92, 1, '2012-07-19', 0, 'Change to class G'),
(1985, 95, 1, '2012-07-19', 0, 'Change to class G'),
(1986, 93, 0, '2012-07-19', 1, ''),
(1987, 88, 0, '2012-07-19', 1, ''),
(1988, 81, 0, '2012-07-19', 1, ''),
(1989, 83, 1, '2012-07-19', 0, 'stop study'),
(1990, 85, 0, '2012-07-19', 1, ''),
(1991, 82, 0, '2012-07-19', 1, ''),
(1992, 87, 0, '2012-07-19', 1, ''),
(1993, 107, 0, '2012-07-19', 1, ''),
(1994, 101, 0, '2012-07-19', 1, ''),
(1995, 86, 1, '2012-07-19', 0, ''),
(1996, 98, 0, '2012-07-19', 1, ''),
(1997, 102, 0, '2012-07-19', 1, ''),
(1998, 90, 0, '2012-07-19', 1, ''),
(1999, 96, 1, '2012-07-19', 0, ''),
(2000, 99, 0, '2012-07-19', 1, ''),
(2001, 106, 0, '2012-07-19', 1, ''),
(2002, 104, 0, '2012-07-19', 1, ''),
(2003, 94, 0, '2012-07-19', 1, ''),
(2004, 103, 1, '2012-07-19', 0, ''),
(2005, 84, 1, '2012-07-19', 0, ''),
(2006, 89, 0, '2012-07-19', 1, ''),
(2007, 97, 1, '2012-07-19', 0, 'Change to class G'),
(2008, 111, 1, '2012-07-19', 0, 'Change to class G'),
(2009, 105, 0, '2012-07-19', 1, ''),
(2010, 112, 0, '2012-07-19', 1, ''),
(2011, 43, 0, '2012-07-25', 1, ''),
(2012, 42, 1, '2012-07-25', 0, 'permission'),
(2013, 41, 0, '2012-07-25', 1, ''),
(2014, 46, 1, '2012-07-25', 0, ''),
(2015, 45, 0, '2012-07-25', 1, ''),
(2016, 38, 0, '2012-07-25', 1, ''),
(2017, 44, 0, '2012-07-25', 1, ''),
(2018, 50, 1, '2012-07-25', 0, ''),
(2019, 54, 1, '2012-07-25', 0, ''),
(2020, 56, 0, '2012-07-25', 1, ''),
(2021, 48, 1, '2012-07-25', 0, 'permission'),
(2022, 51, 0, '2012-07-25', 1, ''),
(2023, 49, 0, '2012-07-25', 1, ''),
(2024, 39, 0, '2012-07-25', 1, ''),
(2025, 55, 0, '2012-07-25', 1, ''),
(2026, 52, 0, '2012-07-25', 1, ''),
(2027, 57, 1, '2012-07-25', 0, ''),
(2028, 53, 0, '2012-07-25', 1, ''),
(2029, 40, 0, '2012-07-25', 1, ''),
(2030, 47, 1, '2012-07-25', 0, 'permission'),
(2031, 10, 0, '2012-07-25', 1, ''),
(2032, 18, 1, '2012-07-25', 0, ''),
(2033, 13, 0, '2012-07-25', 1, ''),
(2034, 7, 0, '2012-07-25', 1, ''),
(2035, 8, 0, '2012-07-25', 1, ''),
(2036, 4, 0, '2012-07-25', 1, ''),
(2037, 16, 1, '2012-07-25', 0, 'permission'),
(2038, 12, 0, '2012-07-25', 1, ''),
(2039, 15, 0, '2012-07-25', 1, ''),
(2040, 11, 1, '2012-07-25', 0, ''),
(2041, 5, 0, '2012-07-25', 1, ''),
(2042, 6, 1, '2012-07-25', 0, 'permission'),
(2043, 14, 0, '2012-07-25', 1, ''),
(2044, 3, 0, '2012-07-25', 1, ''),
(2045, 9, 1, '2012-07-25', 0, ''),
(2046, 19, 0, '2012-07-25', 1, ''),
(2047, 43, 0, '2012-08-01', 1, ''),
(2048, 42, 0, '2012-08-01', 1, 'permission'),
(2049, 41, 0, '2012-08-01', 1, ''),
(2050, 46, 0, '2012-08-01', 1, ''),
(2051, 45, 0, '2012-08-01', 1, ''),
(2052, 38, 0, '2012-08-01', 1, ''),
(2053, 44, 0, '2012-08-01', 1, ''),
(2054, 50, 1, '2012-08-01', 0, ''),
(2055, 54, 1, '2012-08-01', 0, ''),
(2056, 56, 0, '2012-08-01', 1, ''),
(2057, 48, 1, '2012-08-01', 0, ''),
(2058, 51, 0, '2012-08-01', 1, ''),
(2059, 49, 0, '2012-08-01', 1, ''),
(2060, 39, 0, '2012-08-01', 1, ''),
(2061, 55, 0, '2012-08-01', 1, ''),
(2062, 52, 0, '2012-08-01', 1, ''),
(2063, 57, 1, '2012-08-01', 0, ''),
(2064, 53, 0, '2012-08-01', 1, ''),
(2065, 40, 0, '2012-08-01', 1, ''),
(2066, 47, 0, '2012-08-01', 1, ''),
(2067, 10, 0, '2012-08-01', 1, ''),
(2068, 18, 0, '2012-08-01', 1, ''),
(2069, 13, 0, '2012-08-01', 1, ''),
(2070, 7, 0, '2012-08-01', 1, ''),
(2071, 8, 0, '2012-08-01', 1, ''),
(2072, 4, 0, '2012-08-01', 1, ''),
(2073, 16, 1, '2012-08-01', 0, 'permission'),
(2074, 12, 0, '2012-08-01', 1, ''),
(2075, 15, 0, '2012-08-01', 1, ''),
(2076, 11, 1, '2012-08-01', 0, ''),
(2077, 5, 0, '2012-08-01', 1, ''),
(2078, 6, 0, '2012-08-01', 1, ''),
(2079, 14, 0, '2012-08-01', 1, ''),
(2080, 3, 0, '2012-08-01', 1, ''),
(2081, 9, 1, '2012-08-01', 0, ''),
(2082, 19, 0, '2012-08-01', 1, ''),
(2083, 43, 0, '2012-08-08', 1, ''),
(2084, 42, 0, '2012-08-08', 1, ''),
(2085, 41, 0, '2012-08-08', 1, ''),
(2086, 46, 1, '2012-08-08', 0, ''),
(2087, 45, 0, '2012-08-08', 1, ''),
(2088, 38, 0, '2012-08-08', 1, ''),
(2089, 44, 0, '2012-08-08', 1, ''),
(2090, 50, 0, '2012-08-08', 1, ''),
(2091, 54, 0, '2012-08-08', 1, ''),
(2092, 56, 0, '2012-08-08', 1, ''),
(2093, 48, 0, '2012-08-08', 1, ''),
(2094, 51, 0, '2012-08-08', 1, ''),
(2095, 49, 0, '2012-08-08', 1, ''),
(2096, 39, 0, '2012-08-08', 1, ''),
(2097, 55, 0, '2012-08-08', 1, ''),
(2098, 52, 0, '2012-08-08', 1, ''),
(2099, 57, 0, '2012-08-08', 1, ''),
(2100, 53, 0, '2012-08-08', 1, ''),
(2101, 40, 0, '2012-08-08', 1, ''),
(2102, 47, 0, '2012-08-08', 1, ''),
(2103, 10, 0, '2012-08-08', 1, ''),
(2104, 18, 0, '2012-08-08', 1, ''),
(2105, 13, 1, '2012-08-08', 0, ''),
(2106, 7, 1, '2012-08-08', 0, ''),
(2107, 8, 0, '2012-08-08', 1, ''),
(2108, 4, 0, '2012-08-08', 1, ''),
(2109, 16, 1, '2012-08-08', 0, ''),
(2110, 12, 0, '2012-08-08', 1, ''),
(2111, 15, 0, '2012-08-08', 1, ''),
(2112, 11, 1, '2012-08-08', 0, ''),
(2113, 5, 0, '2012-08-08', 1, ''),
(2114, 6, 0, '2012-08-08', 1, ''),
(2115, 14, 1, '2012-08-08', 0, ''),
(2116, 3, 0, '2012-08-08', 1, ''),
(2117, 9, 1, '2012-08-08', 0, ''),
(2118, 19, 0, '2012-08-08', 1, ''),
(2119, 43, 0, '2012-08-15', 1, ''),
(2120, 42, 0, '2012-08-15', 1, ''),
(2121, 41, 0, '2012-08-15', 1, ''),
(2122, 46, 0, '2012-08-15', 1, ''),
(2123, 45, 0, '2012-08-15', 1, ''),
(2124, 38, 0, '2012-08-15', 1, ''),
(2125, 44, 0, '2012-08-15', 1, ''),
(2126, 50, 0, '2012-08-15', 1, ''),
(2127, 54, 0, '2012-08-15', 1, ''),
(2128, 56, 0, '2012-08-15', 1, ''),
(2129, 48, 0, '2012-08-15', 1, ''),
(2130, 51, 0, '2012-08-15', 1, ''),
(2131, 49, 0, '2012-08-15', 1, ''),
(2132, 39, 0, '2012-08-15', 1, ''),
(2133, 55, 0, '2012-08-15', 1, ''),
(2134, 52, 0, '2012-08-15', 1, ''),
(2135, 57, 0, '2012-08-15', 1, ''),
(2136, 53, 0, '2012-08-15', 1, ''),
(2137, 40, 0, '2012-08-15', 1, ''),
(2138, 47, 0, '2012-08-15', 1, ''),
(2139, 10, 0, '2012-08-15', 1, ''),
(2140, 18, 0, '2012-08-15', 1, ''),
(2141, 13, 0, '2012-08-15', 1, ''),
(2142, 7, 0, '2012-08-15', 1, ''),
(2143, 8, 0, '2012-08-15', 1, ''),
(2144, 4, 0, '2012-08-15', 1, ''),
(2145, 16, 0, '2012-08-15', 1, ''),
(2146, 12, 0, '2012-08-15', 1, ''),
(2147, 15, 0, '2012-08-15', 1, ''),
(2148, 11, 0, '2012-08-15', 1, ''),
(2149, 5, 0, '2012-08-15', 1, ''),
(2150, 6, 0, '2012-08-15', 1, ''),
(2151, 14, 0, '2012-08-15', 1, ''),
(2152, 3, 0, '2012-08-15', 1, ''),
(2153, 9, 0, '2012-08-15', 1, ''),
(2154, 19, 0, '2012-08-15', 1, ''),
(2155, 43, 1, '2012-08-22', 0, ''),
(2156, 42, 1, '2012-08-22', 0, ''),
(2157, 41, 1, '2012-08-22', 0, ''),
(2158, 46, 1, '2012-08-22', 0, ''),
(2159, 45, 0, '2012-08-22', 1, ''),
(2160, 38, 0, '2012-08-22', 1, ''),
(2161, 44, 0, '2012-08-22', 1, ''),
(2162, 50, 1, '2012-08-22', 0, ''),
(2163, 54, 0, '2012-08-22', 1, ''),
(2164, 56, 0, '2012-08-22', 1, ''),
(2165, 48, 0, '2012-08-22', 1, ''),
(2166, 51, 1, '2012-08-22', 0, ''),
(2167, 49, 0, '2012-08-22', 1, ''),
(2168, 39, 0, '2012-08-22', 1, ''),
(2169, 55, 0, '2012-08-22', 1, ''),
(2170, 52, 0, '2012-08-22', 1, ''),
(2171, 57, 0, '2012-08-22', 1, ''),
(2172, 53, 0, '2012-08-22', 1, ''),
(2173, 40, 0, '2012-08-22', 1, ''),
(2174, 47, 1, '2012-08-22', 0, ''),
(2175, 10, 0, '2012-08-22', 1, ''),
(2176, 18, 0, '2012-08-22', 1, ''),
(2177, 13, 0, '2012-08-22', 1, ''),
(2178, 7, 0, '2012-08-22', 1, ''),
(2179, 8, 1, '2012-08-22', 0, ''),
(2180, 4, 0, '2012-08-22', 1, ''),
(2181, 16, 0, '2012-08-22', 1, ''),
(2182, 12, 0, '2012-08-22', 1, ''),
(2183, 15, 0, '2012-08-22', 1, ''),
(2184, 11, 1, '2012-08-22', 0, ''),
(2185, 5, 1, '2012-08-22', 0, ''),
(2186, 6, 1, '2012-08-22', 0, ''),
(2187, 14, 0, '2012-08-22', 1, ''),
(2188, 3, 0, '2012-08-22', 1, ''),
(2189, 9, 1, '2012-08-22', 0, ''),
(2190, 19, 0, '2012-08-22', 1, '');

-- --------------------------------------------------------

--
-- Table structure for table `tbl_classes`
--

CREATE TABLE IF NOT EXISTS `tbl_classes` (
  `cla_id` int(11) NOT NULL AUTO_INCREMENT,
  `cla_name` varchar(250) NOT NULL,
  `cla_student_number` int(11) NOT NULL,
  `cla_time` varchar(50) NOT NULL,
  `cla_description` text NOT NULL,
  `cla_age_leval` varchar(20) NOT NULL,
  `cla_gen_id` int(11) NOT NULL,
  `cla_status` int(11) NOT NULL DEFAULT '1',
  PRIMARY KEY (`cla_id`)
) ENGINE=InnoDB  DEFAULT CHARSET=utf8 AUTO_INCREMENT=17 ;

--
-- Dumping data for table `tbl_classes`
--

INSERT INTO `tbl_classes` (`cla_id`, `cla_name`, `cla_student_number`, `cla_time`, `cla_description`, `cla_age_leval`, `cla_gen_id`, `cla_status`) VALUES
(1, 'ISF 3C', 0, '03:04-04:05', '', '18', 1, 1),
(2, 'ISF 4B', 0, '03:04', '', '9-13', 1, 1),
(3, 'ISF 1D', 0, '04:00-5:00', '', '6', 1, 1),
(4, 'ISF 1E', 0, '00:00:00', '', '6', 1, 1),
(5, 'ISF 2F', 0, '04:00-5:00', '', '8', 1, 1),
(6, 'AZAHAR A', 0, '00:00:02', '', '14', 1, 1),
(7, 'AZAHAR B', 0, '00:00:03', '', '16', 1, 1),
(8, 'PN.A', 0, '04:00-5:00', '', '18-22', 1, 1),
(9, 'CKF', 0, '08:00-09:00', '', '12 13', 1, 1),
(10, 'AZIZA school C', 0, '08:00-09:00', '', '9-11', 1, 1),
(11, 'AZIZA school A', 0, '5:30-6:30', '', '10-15', 1, 1),
(12, 'AZIZA school B', 0, '6:30-7:30', '', '18-25', 1, 1),
(13, 'AZIZA school D', 0, '3:00-4:00', '', '10-20', 1, 1),
(14, 'T.G', 0, '1:30-2:30', '', '18-25', 1, 1),
(15, 'PN.B', 0, '3:00-4:00', '', '18-22', 1, 1),
(16, 'PN.C', 0, '3:00-4:00', '', '18-22', 1, 1);

-- --------------------------------------------------------

--
-- Table structure for table `tbl_concerns`
--

CREATE TABLE IF NOT EXISTS `tbl_concerns` (
  `con_id` int(11) NOT NULL AUTO_INCREMENT,
  `con_stu_id` int(11) NOT NULL,
  `con_unfocused` varchar(250) NOT NULL,
  `con_disruptive` varchar(250) NOT NULL,
  `con_withdrawn` varchar(250) NOT NULL,
  `con_improved` varchar(250) NOT NULL,
  `con_other_comment` text NOT NULL,
  PRIMARY KEY (`con_id`)
) ENGINE=InnoDB DEFAULT CHARSET=utf8 AUTO_INCREMENT=1 ;

--
-- Dumping data for table `tbl_concerns`
--


-- --------------------------------------------------------

--
-- Table structure for table `tbl_generations`
--

CREATE TABLE IF NOT EXISTS `tbl_generations` (
  `gen_id` int(11) NOT NULL AUTO_INCREMENT,
  `gen_year` varchar(20) NOT NULL,
  `gen_description` text NOT NULL,
  `gen_status` tinyint(4) NOT NULL DEFAULT '1',
  PRIMARY KEY (`gen_id`)
) ENGINE=InnoDB  DEFAULT CHARSET=utf8 AUTO_INCREMENT=4 ;

--
-- Dumping data for table `tbl_generations`
--

INSERT INTO `tbl_generations` (`gen_id`, `gen_year`, `gen_description`, `gen_status`) VALUES
(1, 'Yoga 2012', '', 1),
(2, 'test', '', 0),
(3, 'Yoga 2013', '', 1);

-- --------------------------------------------------------

--
-- Table structure for table `tbl_ngos`
--

CREATE TABLE IF NOT EXISTS `tbl_ngos` (
  `ngo_id` int(11) NOT NULL AUTO_INCREMENT,
  `ngo_name` varchar(250) NOT NULL,
  `ngo_address` text NOT NULL,
  `ngo_contact_person` varchar(250) NOT NULL,
  `ngo_url` varchar(250) NOT NULL,
  `ngo_email` varchar(250) NOT NULL,
  `ngo_description` text NOT NULL,
  `ngo_status` int(11) NOT NULL DEFAULT '1',
  `ngo_sdate` date NOT NULL,
  `ngo_edate` date NOT NULL,
  PRIMARY KEY (`ngo_id`)
) ENGINE=InnoDB  DEFAULT CHARSET=utf8 AUTO_INCREMENT=9 ;

--
-- Dumping data for table `tbl_ngos`
--

INSERT INTO `tbl_ngos` (`ngo_id`, `ngo_name`, `ngo_address`, `ngo_contact_person`, `ngo_url`, `ngo_email`, `ngo_description`, `ngo_status`, `ngo_sdate`, `ngo_edate`) VALUES
(1, 'PN', '#55 street 271', 'Sochy choeun', '', 'pn@pas.com', '', 1, '0000-00-00', '0000-00-00'),
(2, 'AZIZA School', '#9A, Street 370, BBK1, PP', '097 889 788 9', '', 'sotheasky@yahoo.com', '', 1, '0000-00-00', '0000-00-00'),
(3, 'ISF', '#52; street 77; BTP; PP', '012 500 375', '', 'kong_seiha001@yahoo.com', '', 1, '0000-00-00', '0000-00-00'),
(4, 'Riverkids Foudation', '#1882 Bis; st. 60; TSK; PP', '092 826 056', '', 'chhunsrun.cambodiaymca@gmail.com', '', 1, '0000-00-00', '0000-00-00'),
(5, 'CKF', '#06; st. 514; Psa Dermtkov; PP', '012 950 767', '', 'putsetmanagement@gmail.com', '', 1, '0000-00-00', '0000-00-00'),
(6, 'Transition Global', 'no', 'Ms. Sola', '092187073', 'sola@trasiitionglobal.org', '', 0, '0000-00-00', '0000-00-00'),
(7, 'AZAHAR', 'no', '090 311 341', '', 'lunpiseth@gmail.com', '', 1, '0000-00-00', '0000-00-00'),
(8, 'T.G', 'no', 'no', 'no', 'longsola@trainsitionsglobal.org', '', 1, '0000-00-00', '0000-00-00');

-- --------------------------------------------------------

--
-- Table structure for table `tbl_scores`
--

CREATE TABLE IF NOT EXISTS `tbl_scores` (
  `sco_id` int(11) NOT NULL AUTO_INCREMENT,
  `sco_stu_id` int(11) NOT NULL,
  `sco_effort` double NOT NULL,
  `sco_pe` double NOT NULL,
  `sco_progress` double NOT NULL,
  `sco_unfocused` int(1) NOT NULL,
  `sco_discruptive` int(1) NOT NULL,
  `sco_withdrawn` int(1) NOT NULL,
  `sco_improve` int(1) NOT NULL,
  `sco_comment` varchar(500) NOT NULL,
  `sco_ter_id` int(11) NOT NULL,
  PRIMARY KEY (`sco_id`)
) ENGINE=InnoDB  DEFAULT CHARSET=utf8 AUTO_INCREMENT=340 ;

--
-- Dumping data for table `tbl_scores`
--

INSERT INTO `tbl_scores` (`sco_id`, `sco_stu_id`, `sco_effort`, `sco_pe`, `sco_progress`, `sco_unfocused`, `sco_discruptive`, `sco_withdrawn`, `sco_improve`, `sco_comment`, `sco_ter_id`) VALUES
(1, 47, 10, 9, 9, 0, 0, 1, 1, 'Very good student, keep going on', 1),
(2, 40, 0, 0, 0, 1, 1, 1, 1, '', 1),
(3, 53, 0, 0, 0, 1, 1, 1, 1, '', 1),
(4, 57, 0, 0, 0, 1, 1, 1, 1, '', 1),
(5, 52, 0, 0, 0, 1, 1, 1, 1, '', 1),
(6, 55, 0, 0, 0, 1, 1, 1, 1, '', 1),
(7, 39, 0, 0, 0, 1, 1, 1, 1, '', 1),
(8, 49, 0, 0, 0, 1, 1, 1, 1, '', 1),
(9, 51, 0, 0, 0, 1, 1, 1, 1, '', 1),
(10, 48, 0, 0, 0, 1, 1, 1, 1, '', 1),
(11, 58, 0, 0, 0, 1, 1, 1, 1, '', 1),
(12, 54, 0, 0, 0, 1, 1, 1, 1, '', 1),
(13, 56, 0, 0, 0, 1, 1, 1, 1, '', 1),
(14, 2, 0, 0, 0, 1, 1, 1, 1, '', 1),
(15, 1, 0, 0, 0, 1, 1, 1, 1, '', 1),
(16, 50, 0, 0, 0, 1, 1, 1, 1, '', 1),
(17, 44, 0, 0, 0, 1, 1, 1, 1, '', 1),
(18, 38, 0, 0, 0, 1, 0, 0, 0, '', 1),
(19, 45, 0, 0, 0, 1, 0, 0, 0, '', 1),
(20, 46, 0, 0, 0, 0, 0, 0, 0, '', 1),
(21, 41, 0, 0, 0, 0, 0, 0, 0, '', 1),
(22, 42, 0, 0, 0, 0, 0, 0, 0, '', 1),
(23, 43, 0, 0, 0, 0, 0, 0, 0, '', 1),
(50, 108, 0, 0, 0, 1, 1, 1, 1, 'didn''t come to the class', 1),
(51, 3, 7, 6, 5, 1, 0, 1, 0, '', 1),
(52, 4, 4, 3, 3, 1, 0, 1, 0, '', 1),
(53, 5, 2, 3, 2, 1, 1, 1, 0, 'He has very low energy and has difficulty  in participate.', 1),
(54, 6, 7, 8, 9, 0, 0, 0, 1, 'She is good at every things but a bit shy in some posture.', 1),
(55, 7, 2, 2, 1, 1, 1, 1, 0, 'She has very high energy but not engage.', 1),
(56, 8, 7, 6, 7, 0, 0, 0, 1, '', 1),
(57, 9, 4, 5, 3, 1, 1, 0, 0, '', 1),
(58, 10, 4, 5, 3, 0, 1, 0, 0, '', 1),
(59, 11, 5, 6, 4, 1, 0, 0, 1, '', 1),
(60, 12, 8, 7, 8, 0, 0, 0, 1, 'She is a good student. she like new postures.', 1),
(61, 13, 7, 6, 7, 0, 0, 0, 1, 'When he motivated he is the best student in class.', 1),
(62, 14, 3, 4, 2, 1, 0, 1, 0, '', 1),
(63, 15, 4, 5, 3, 1, 0, 1, 1, '', 1),
(64, 16, 7, 6, 8, 0, 1, 0, 1, '', 1),
(65, 18, 5, 6, 4, 1, 0, 0, 1, '', 1),
(66, 19, 6, 7, 7, 0, 0, 0, 1, '', 1),
(67, 242, 9, 8, 8, 0, 0, 0, 1, 'she is a good student', 2),
(68, 243, 6, 5, 5, 1, 1, 0, 1, '', 2),
(69, 244, 5, 5, 6, 1, 0, 0, 1, '', 2),
(70, 245, 6, 7, 7, 0, 0, 0, 1, '', 2),
(71, 246, 7, 7, 9, 0, 0, 0, 1, '', 2),
(72, 247, 4, 4, 5, 1, 1, 0, 0, 'lazy', 2),
(73, 248, 8, 8, 8, 0, 0, 0, 1, '', 2),
(74, 249, 7, 6, 7, 0, 0, 0, 1, '', 2),
(75, 250, 4, 6, 6, 1, 1, 1, 1, '', 2),
(76, 251, 5, 5, 6, 1, 1, 1, 1, '', 2),
(77, 252, 4, 5, 5, 1, 0, 0, 0, '', 2),
(78, 186, 5, 6, 5, 0, 0, 0, 1, '', 2),
(79, 187, 0, 0, 0, 0, 0, 0, 0, '', 2),
(80, 188, 7, 7, 6, 0, 0, 0, 1, '', 2),
(81, 189, 8, 7, 7, 0, 0, 0, 1, '', 2),
(82, 190, 8, 8, 9, 0, 0, 0, 1, '', 2),
(83, 191, 8, 8, 7, 0, 0, 0, 1, '', 2),
(84, 192, 8, 7, 7, 0, 0, 0, 1, '', 2),
(85, 193, 7, 8, 7, 0, 0, 0, 1, '', 2),
(86, 194, 7, 8, 5, 0, 0, 0, 1, '', 2),
(87, 195, 6, 5, 5, 0, 0, 0, 1, '', 2),
(88, 196, 8, 7, 8, 0, 0, 0, 1, '', 2),
(89, 197, 8, 7, 7, 0, 0, 0, 1, '', 2),
(90, 198, 5, 6, 5, 0, 0, 0, 1, '', 2),
(91, 199, 7, 8, 8, 0, 0, 0, 1, '', 2),
(92, 200, 8, 5, 5, 0, 0, 0, 1, '', 2),
(93, 201, 8, 9, 7, 0, 0, 0, 1, '', 2),
(94, 202, 9, 7, 7, 0, 0, 0, 1, '', 2),
(95, 203, 9, 7, 8, 0, 0, 0, 1, '', 2),
(96, 204, 6, 7, 6, 0, 0, 0, 1, '', 2),
(97, 205, 0, 0, 0, 0, 0, 0, 0, '', 2),
(98, 206, 0, 0, 0, 0, 0, 0, 0, '', 2),
(99, 207, 0, 0, 0, 0, 0, 0, 1, '', 2),
(100, 208, 6, 4, 5, 0, 0, 0, 1, '', 2),
(101, 209, 5, 6, 7, 0, 0, 0, 1, '', 2),
(102, 210, 0, 0, 0, 0, 0, 0, 0, '', 2),
(103, 216, 8, 8, 5, 0, 0, 0, 1, '', 2),
(104, 217, 7, 8, 4, 0, 0, 0, 1, '', 2),
(105, 218, 7, 6, 4, 0, 0, 0, 1, '', 2),
(106, 219, 0, 0, 0, 0, 0, 0, 0, '', 2),
(107, 220, 8, 9, 7, 0, 0, 0, 1, '', 2),
(108, 221, 4, 5, 5, 0, 0, 0, 1, '', 2),
(109, 222, 7, 6, 7, 0, 0, 0, 1, '', 2),
(110, 223, 7, 5, 7, 0, 0, 0, 1, '', 2),
(111, 224, 8, 7, 7, 0, 0, 0, 1, '', 2),
(112, 225, 8, 8, 7, 0, 0, 0, 1, '', 2),
(113, 226, 9, 8, 8, 0, 0, 0, 1, '', 2),
(114, 227, 0, 0, 0, 0, 0, 0, 0, '', 2),
(115, 228, 0, 0, 0, 0, 0, 0, 0, '', 2),
(116, 229, 9, 8, 7, 0, 0, 0, 1, '', 2),
(117, 230, 7, 8, 5, 0, 0, 0, 1, '', 2),
(118, 231, 8, 6, 7, 0, 0, 0, 1, '', 2),
(119, 232, 9, 8, 7, 0, 0, 0, 1, '', 2),
(120, 233, 8, 9, 8, 0, 0, 0, 1, '', 2),
(121, 234, 4, 6, 2, 0, 0, 0, 1, '', 2),
(122, 235, 0, 0, 0, 0, 0, 0, 1, '', 2),
(123, 236, 8, 7, 8, 0, 0, 0, 1, '', 2),
(124, 237, 7, 8, 8, 0, 0, 0, 1, '', 2),
(125, 238, 8, 7, 7, 0, 0, 0, 1, '', 2),
(126, 239, 6, 6, 7, 0, 0, 1, 1, '', 2),
(127, 240, 8, 9, 8, 0, 0, 0, 1, '', 2),
(128, 241, 6, 5, 5, 0, 0, 0, 0, '', 2),
(129, 161, 8, 7, 7, 0, 0, 0, 1, '', 2),
(130, 162, 9, 8, 8, 0, 0, 0, 1, '', 2),
(131, 163, 7, 5, 7, 0, 0, 0, 1, '', 2),
(132, 164, 7, 5, 6, 0, 0, 0, 1, '', 2),
(133, 165, 8, 7, 8, 0, 0, 0, 1, '', 2),
(134, 166, 7, 8, 8, 0, 0, 0, 1, '', 2),
(135, 167, 8, 7, 7, 0, 0, 0, 1, '', 2),
(136, 168, 6, 6, 5, 0, 0, 0, 1, '', 2),
(137, 169, 9, 8, 8, 0, 0, 0, 1, '', 2),
(138, 170, 5, 7, 5, 0, 0, 0, 1, '', 2),
(139, 171, 7, 8, 7, 0, 0, 0, 1, '', 2),
(140, 172, 7, 7, 6, 0, 0, 0, 1, '', 2),
(141, 173, 7, 8, 7, 0, 0, 0, 1, '', 2),
(142, 174, 7, 7, 5, 0, 0, 0, 1, '', 2),
(143, 175, 5, 4, 4, 0, 0, 0, 1, '', 2),
(144, 176, 5, 4, 3, 0, 0, 0, 1, '', 2),
(145, 177, 5, 4, 4, 0, 0, 0, 1, '', 2),
(146, 178, 7, 8, 6, 0, 0, 0, 1, '', 2),
(147, 179, 6, 6, 7, 0, 0, 0, 1, '', 2),
(148, 180, 6, 5, 5, 0, 0, 0, 1, '', 2),
(149, 181, 6, 7, 7, 0, 0, 0, 1, '', 2),
(150, 182, 7, 8, 6, 0, 0, 0, 1, '', 2),
(151, 183, 6, 8, 7, 0, 0, 0, 1, '', 2),
(152, 184, 5, 7, 4, 0, 0, 0, 1, '', 2),
(153, 185, 5, 6, 7, 0, 0, 0, 1, '', 2),
(154, 211, 5, 8, 4, 0, 0, 0, 1, '', 2),
(155, 212, 4, 5, 3, 0, 1, 0, 1, '', 2),
(156, 213, 7, 8, 5, 0, 0, 0, 1, '', 2),
(157, 214, 5, 6, 3, 0, 1, 0, 1, '', 2),
(158, 215, 7, 8, 7, 0, 0, 0, 1, '', 2),
(159, 276, 6, 8, 4, 0, 0, 0, 1, '', 2),
(160, 277, 5, 5, 4, 0, 1, 0, 1, '', 2),
(161, 278, 5, 6, 5, 0, 0, 0, 1, '', 2),
(162, 280, 4, 4, 2, 0, 1, 0, 1, '', 2),
(163, 282, 4, 5, 3, 0, 0, 0, 1, '', 2),
(164, 283, 6, 5, 4, 0, 0, 0, 1, '', 2),
(165, 285, 7, 8, 5, 0, 0, 0, 1, '', 2),
(166, 155, 0, 0, 0, 2, 2, 2, 2, '', 2),
(167, 156, 0, 0, 0, 2, 2, 2, 2, '', 2),
(168, 157, 0, 0, 0, 2, 2, 2, 2, '', 2),
(169, 158, 0, 0, 0, 2, 2, 2, 2, '', 2),
(170, 159, 0, 0, 0, 2, 2, 2, 2, '', 2),
(171, 160, 0, 0, 0, 2, 2, 2, 2, '', 2),
(172, 3, 6, 8, 6, 1, 0, 0, 1, '', 2),
(173, 4, 4, 5, 5, 1, 0, 0, 0, '', 2),
(174, 5, 4, 5, 4, 1, 0, 1, 0, '', 2),
(175, 6, 8, 9, 8, 0, 0, 0, 1, '', 2),
(176, 7, 4, 3, 3, 1, 0, 0, 0, '', 2),
(177, 8, 4, 5, 4, 1, 0, 0, 0, '', 2),
(178, 9, 5, 6, 6, 0, 0, 0, 1, '', 2),
(179, 10, 5, 6, 5, 1, 1, 0, 1, '', 2),
(180, 11, 6, 7, 6, 0, 0, 0, 1, '', 2),
(181, 12, 8, 8, 7, 0, 0, 0, 1, '', 2),
(182, 13, 7, 8, 8, 0, 0, 0, 1, '', 2),
(183, 14, 4, 5, 4, 1, 0, 0, 0, '', 2),
(184, 15, 5, 4, 3, 1, 0, 0, 0, '', 2),
(185, 16, 7, 8, 7, 0, 0, 0, 1, '', 2),
(186, 18, 6, 5, 6, 0, 0, 0, 1, '', 2),
(187, 19, 7, 7, 6, 0, 0, 0, 1, '', 2),
(188, 1, 0, 0, 0, 2, 2, 2, 2, '', 2),
(189, 2, 0, 0, 0, 2, 2, 2, 2, '', 2),
(190, 38, 5, 6, 4, 0, 0, 0, 1, '', 2),
(191, 39, 5, 5, 4, 2, 2, 2, 2, '', 2),
(192, 40, 6, 5, 5, 0, 0, 0, 1, '', 2),
(193, 41, 6, 5, 6, 0, 1, 0, 1, '', 2),
(194, 42, 5, 4, 4, 0, 0, 0, 0, '', 2),
(195, 43, 5, 6, 4, 0, 1, 0, 1, '', 2),
(196, 44, 6, 7, 6, 0, 0, 0, 1, '', 2),
(197, 45, 8, 7, 7, 0, 0, 0, 1, '', 2),
(198, 46, 1, 1, 1, 0, 0, 0, 0, '', 2),
(199, 47, 2, 4, 3, 0, 0, 0, 0, '', 2),
(200, 48, 5, 6, 4, 0, 0, 0, 1, '', 2),
(201, 49, 7, 6, 5, 0, 0, 0, 1, '', 2),
(202, 50, 1, 1, 1, 0, 0, 0, 0, '', 2),
(203, 51, 7, 8, 8, 0, 0, 0, 1, '', 2),
(204, 52, 5, 6, 5, 0, 0, 0, 1, '', 2),
(205, 53, 6, 7, 5, 0, 0, 1, 1, '', 2),
(206, 54, 6, 6, 5, 0, 0, 0, 1, '', 2),
(207, 55, 5, 6, 4, 0, 0, 1, 1, '', 2),
(208, 56, 6, 5, 5, 0, 1, 0, 1, '', 2),
(209, 57, 5, 5, 4, 0, 0, 1, 0, '', 2),
(210, 20, 5, 6, 5, 0, 0, 0, 0, '', 2),
(211, 21, 4, 6, 4, 1, 0, 0, 0, '', 2),
(212, 22, 4, 5, 3, 1, 1, 0, 0, '', 2),
(213, 23, 6, 7, 7, 0, 0, 0, 1, '', 2),
(214, 24, 6, 6, 7, 0, 0, 0, 1, '', 2),
(215, 25, 5, 6, 6, 1, 1, 0, 1, '', 2),
(216, 26, 6, 7, 7, 0, 0, 0, 1, '', 2),
(217, 27, 4, 5, 3, 1, 1, 0, 0, '', 2),
(218, 28, 6, 7, 5, 0, 0, 0, 1, '', 2),
(219, 29, 6, 7, 6, 0, 0, 0, 1, '', 2),
(220, 30, 4, 5, 3, 1, 0, 0, 0, '', 2),
(221, 31, 6, 7, 5, 0, 0, 0, 1, '', 2),
(222, 32, 4, 3, 2, 0, 0, 0, 0, '', 2),
(223, 33, 6, 7, 6, 0, 0, 0, 1, '', 2),
(224, 34, 7, 6, 5, 0, 0, 0, 1, '', 2),
(225, 35, 5, 4, 3, 1, 1, 0, 0, '', 2),
(226, 36, 7, 6, 6, 0, 0, 0, 1, '', 2),
(227, 37, 6, 7, 6, 0, 0, 1, 1, '', 2),
(228, 113, 7, 6, 6, 0, 0, 0, 1, '', 2),
(229, 114, 5, 5, 6, 0, 0, 0, 1, '', 2),
(230, 115, 4, 4, 4, 0, 0, 0, 0, '', 2),
(231, 116, 8, 7, 8, 0, 0, 0, 1, '', 2),
(232, 117, 8, 7, 8, 0, 0, 0, 1, '', 2),
(233, 118, 6, 5, 6, 0, 0, 0, 1, '', 2),
(234, 119, 6, 6, 6, 1, 0, 0, 1, '', 2),
(235, 120, 9, 8, 8, 0, 0, 0, 1, '', 2),
(236, 121, 7, 6, 6, 0, 0, 0, 1, '', 2),
(237, 122, 9, 8, 8, 0, 0, 0, 1, '', 2),
(238, 123, 7, 6, 7, 0, 0, 0, 1, '', 2),
(239, 124, 9, 8, 9, 0, 0, 0, 1, '', 2),
(240, 125, 8, 7, 7, 0, 0, 0, 1, '', 2),
(241, 108, 0, 0, 0, 1, 1, 1, 1, 'didn''t come to the class', 2),
(242, 137, 0, 0, 0, 2, 2, 2, 2, 'didn''t come to the class', 2),
(243, 138, 8, 9, 8, 0, 1, 0, 1, '', 2),
(244, 139, 7, 5, 5, 0, 0, 0, 1, '', 2),
(245, 140, 8, 7, 8, 0, 0, 0, 1, '', 2),
(246, 141, 0, 0, 0, 2, 2, 2, 2, 'didn''t come to the class', 2),
(247, 142, 0, 0, 0, 2, 2, 2, 2, 'didn''t come to the class', 2),
(248, 143, 5, 4, 6, 0, 0, 0, 1, '', 2),
(249, 144, 4, 4, 5, 0, 1, 0, 1, '', 2),
(250, 145, 5, 4, 6, 0, 0, 0, 1, '', 2),
(251, 146, 5, 5, 7, 0, 0, 0, 1, '', 2),
(252, 147, 7, 6, 8, 0, 0, 0, 1, '', 2),
(253, 148, 8, 8, 9, 0, 0, 0, 1, '', 2),
(254, 149, 7, 8, 9, 0, 0, 0, 1, '', 2),
(255, 150, 0, 0, 0, 2, 2, 2, 2, 'didn''t come to the class', 2),
(256, 151, 5, 5, 7, 0, 0, 0, 0, '', 2),
(257, 152, 9, 8, 9, 0, 0, 0, 1, '', 2),
(258, 153, 9, 9, 9, 0, 0, 0, 1, '', 2),
(259, 154, 0, 0, 0, 2, 2, 2, 2, 'didn''t come to the class', 2),
(260, 126, 8, 7, 9, 0, 0, 0, 1, '', 2),
(261, 127, 8, 9, 9, 0, 0, 0, 1, '', 2),
(262, 128, 7, 8, 9, 0, 0, 0, 1, '', 2),
(263, 129, 9, 8, 9, 0, 0, 0, 1, '', 2),
(264, 130, 8, 9, 9, 0, 0, 0, 1, '', 2),
(265, 131, 8, 8, 9, 0, 0, 0, 1, '', 2),
(266, 132, 7, 7, 9, 0, 0, 1, 1, '', 2),
(267, 133, 7, 6, 8, 0, 0, 0, 1, '', 2),
(268, 134, 6, 6, 7, 0, 0, 0, 1, '', 2),
(269, 135, 8, 8, 9, 0, 0, 0, 1, '', 2),
(270, 136, 8, 9, 9, 0, 0, 0, 1, '', 2),
(271, 126, 8, 7, 9, 0, 0, 0, 1, '', 2),
(272, 127, 8, 9, 9, 0, 0, 0, 1, '', 2),
(273, 128, 7, 8, 9, 0, 0, 0, 1, '', 2),
(274, 129, 9, 8, 9, 0, 0, 0, 1, '', 2),
(275, 130, 8, 9, 9, 0, 0, 0, 1, '', 2),
(276, 131, 8, 8, 9, 0, 0, 0, 1, '', 2),
(277, 132, 7, 7, 9, 0, 0, 1, 1, '', 2),
(278, 133, 7, 6, 8, 0, 0, 0, 1, '', 2),
(279, 134, 6, 6, 7, 0, 0, 0, 1, '', 2),
(280, 135, 8, 8, 9, 0, 0, 0, 1, '', 2),
(281, 136, 8, 9, 9, 0, 0, 0, 1, '', 2),
(282, 81, 5, 4, 5, 1, 1, 0, 1, '', 1),
(283, 82, 0, 0, 0, 2, 2, 2, 2, '', 1),
(284, 83, 0, 0, 0, 2, 2, 2, 2, 'Stop study', 1),
(285, 84, 4, 5, 5, 0, 0, 1, 1, '', 1),
(286, 85, 5, 5, 5, 1, 0, 1, 1, '', 1),
(287, 86, 5, 5, 5, 0, 1, 1, 1, '', 1),
(288, 87, 6, 5, 5, 0, 0, 1, 1, '', 1),
(289, 88, 6, 5, 5, 0, 0, 1, 1, '', 1),
(290, 89, 5, 5, 5, 0, 1, 1, 1, '', 1),
(291, 90, 5, 5, 5, 0, 0, 1, 1, '', 1),
(292, 91, 4, 4, 5, 1, 1, 1, 1, '', 1),
(293, 92, 0, 0, 0, 2, 2, 2, 2, 'stop study', 1),
(294, 93, 4, 5, 5, 0, 1, 1, 1, '', 1),
(295, 94, 6, 6, 6, 0, 0, 1, 1, '', 1),
(296, 95, 0, 0, 0, 2, 2, 2, 2, 'stop study', 1),
(297, 96, 4, 3, 3, 1, 1, 1, 1, '', 1),
(298, 97, 0, 0, 0, 1, 1, 1, 1, 'stop study', 1),
(299, 98, 5, 5, 5, 0, 1, 1, 1, '', 1),
(300, 99, 4, 5, 4, 0, 1, 1, 1, '', 1),
(301, 100, 4, 4, 4, 0, 1, 1, 1, '', 1),
(302, 101, 5, 5, 5, 0, 1, 1, 1, '', 1),
(303, 102, 5, 5, 5, 1, 0, 1, 1, '', 1),
(304, 103, 6, 5, 4, 0, 1, 1, 1, '', 1),
(305, 104, 5, 6, 4, 0, 0, 1, 1, '', 1),
(306, 105, 5, 4, 6, 0, 0, 1, 1, '', 1),
(307, 106, 5, 5, 6, 0, 0, 1, 1, '', 1),
(308, 107, 4, 5, 5, 1, 1, 1, 1, '', 1),
(309, 111, 4, 4, 4, 0, 1, 1, 1, '', 1),
(310, 112, 5, 4, 6, 0, 0, 1, 1, '', 1),
(311, 81, 5, 5, 5, 1, 1, 1, 1, '', 6),
(312, 82, 5, 4, 4, 0, 0, 1, 1, '', 6),
(313, 83, 0, 0, 0, 2, 2, 2, 2, 'Stop study', 6),
(314, 84, 5, 4, 4, 1, 0, 1, 1, '', 6),
(315, 85, 5, 5, 5, 0, 0, 1, 1, '', 6),
(316, 86, 5, 6, 5, 0, 0, 1, 1, '', 6),
(317, 87, 5, 6, 6, 0, 0, 1, 1, '', 6),
(318, 88, 6, 5, 5, 0, 0, 1, 1, '', 6),
(319, 89, 4, 4, 5, 1, 2, 1, 1, '', 6),
(320, 90, 5, 5, 5, 0, 0, 1, 1, '', 6),
(321, 91, 3, 3, 5, 1, 1, 1, 0, '', 6),
(322, 92, 0, 0, 0, 2, 2, 2, 2, 'Stop study', 6),
(323, 93, 5, 5, 5, 0, 0, 1, 1, '', 6),
(324, 94, 6, 6, 6, 0, 0, 1, 1, '', 6),
(325, 95, 0, 0, 0, 2, 2, 2, 2, 'Stop study', 6),
(326, 96, 4, 3, 4, 1, 1, 1, 1, '', 6),
(327, 97, 0, 0, 0, 2, 2, 2, 2, 'Stop study', 6),
(328, 98, 5, 5, 5, 0, 0, 1, 1, '', 6),
(329, 99, 5, 5, 5, 0, 0, 1, 1, '', 6),
(330, 100, 4, 4, 4, 1, 1, 1, 0, '', 6),
(331, 101, 5, 5, 5, 0, 0, 1, 1, '', 6),
(332, 102, 4, 5, 4, 1, 1, 1, 1, '', 6),
(333, 103, 5, 5, 5, 0, 0, 1, 1, '', 6),
(334, 104, 5, 5, 5, 2, 0, 1, 1, '', 6),
(335, 105, 5, 5, 5, 0, 0, 1, 1, '', 6),
(336, 106, 5, 6, 6, 0, 0, 1, 1, '', 6),
(337, 107, 5, 6, 6, 0, 0, 1, 1, '', 6),
(338, 111, 0, 0, 0, 2, 2, 2, 2, 'Stop study', 6),
(339, 112, 5, 5, 5, 0, 0, 1, 1, '', 6);

-- --------------------------------------------------------

--
-- Table structure for table `tbl_students`
--

CREATE TABLE IF NOT EXISTS `tbl_students` (
  `stu_id` int(11) NOT NULL AUTO_INCREMENT,
  `stu_khmer_name` varchar(250) NOT NULL,
  `stu_first_name` varchar(250) NOT NULL,
  `stu_last_name` varchar(250) NOT NULL,
  `stu_photo` varchar(250) NOT NULL DEFAULT 'default.png',
  `stu_sex` varchar(10) NOT NULL,
  `stu_dob` date NOT NULL,
  `stu_age` int(11) NOT NULL,
  `stu_ngo_id` int(11) NOT NULL,
  `stu_status` int(11) NOT NULL DEFAULT '1',
  `stu_cla_id` int(11) NOT NULL DEFAULT '0',
  PRIMARY KEY (`stu_id`)
) ENGINE=InnoDB  DEFAULT CHARSET=utf8 AUTO_INCREMENT=296 ;

--
-- Dumping data for table `tbl_students`
--

INSERT INTO `tbl_students` (`stu_id`, `stu_khmer_name`, `stu_first_name`, `stu_last_name`, `stu_photo`, `stu_sex`, `stu_dob`, `stu_age`, `stu_ngo_id`, `stu_status`, `stu_cla_id`) VALUES
(1, '????', 'ou', 'sophea', 'IMG_2603.JPG', 'Male', '2000-03-08', 22, 1, 0, 1),
(2, '???????', 'Phan Mai', '?', 'Delphin.jpeg', 'Female', '2012-09-20', 12, 1, 0, 1),
(3, ' ', 'Sreynang', 'Yuth', 'IMG_3115.JPG', 'Female', '2000-09-20', 12, 3, 1, 2),
(4, ' ', 'Rachana', 'Keourng', 'IMG_3120.JPG', 'Female', '1998-04-19', 14, 3, 1, 2),
(5, ' ', 'Sophal', 'Korn', 'IMG_3121.JPG', 'Male', '2001-10-15', 11, 3, 1, 2),
(6, ' ', 'Sopheak', 'Samnang', 'IMG_3116.JPG', 'Female', '1998-10-02', 14, 3, 1, 2),
(7, ' ', 'Phany', 'Morng', 'IMG_3104.JPG', 'Female', '2000-10-02', 12, 3, 1, 2),
(8, ' ', 'Porlrada', 'Kem', 'default.png', 'Male', '2002-09-03', 10, 3, 1, 2),
(9, ' ', 'Tola', 'Van', 'default.png', 'Male', '2002-02-03', 10, 3, 1, 2),
(10, ' ', 'Lyhuo', 'Hot', 'IMG_3100.JPG', 'Male', '2001-06-15', 11, 3, 1, 2),
(11, ' ', 'Simeng', 'Sim', 'IMG_3107.JPG', 'Male', '1999-02-15', 13, 3, 1, 2),
(12, ' ', 'Roitry', 'Ny', 'IMG_3112.JPG', 'Female', '2002-08-17', 10, 3, 1, 2),
(13, ' ', 'Meng Leap', 'Lay', 'IMG_3103.JPG', 'Male', '0000-00-00', 11, 3, 1, 2),
(14, ' ', 'Srey Luon', 'San', 'default.png', 'Female', '2003-10-25', 9, 3, 1, 2),
(15, ' ', 'Seng Heang', 'San', 'default.png', 'Male', '2001-09-28', 11, 3, 1, 2),
(16, ' ', 'Ratana', 'Gnem', 'IMG_3108.JPG', 'Female', '2000-12-05', 13, 3, 1, 2),
(17, ' ', 'Kanha', 'Phat', 'default.png', 'Female', '2000-04-03', 12, 3, 0, 2),
(18, ' ', 'Mara', 'Lov', 'IMG_3110.JPG', 'Male', '2000-04-13', 12, 3, 1, 2),
(19, ' ', 'Try', 'Pov', 'IMG_3124.JPG', 'Female', '2001-03-03', 11, 3, 1, 2),
(20, ' ', 'Vanny', 'Sorn', 'default.png', 'Female', '0000-00-00', 10, 3, 1, 5),
(21, ' ', 'Raksmey', 'Korn', 'default.png', 'Female', '2001-02-02', 11, 3, 1, 5),
(22, ' ', 'Poung', 'Ping', 'default.png', 'Male', '2001-02-24', 11, 3, 1, 5),
(23, ' ', 'Skin', 'Sorl', 'default.png', 'Male', '2001-04-11', 11, 3, 1, 5),
(24, ' ', 'Dara', 'Phal', 'default.png', 'Male', '2001-04-20', 11, 3, 1, 5),
(25, ' ', 'Chanon', 'Na', 'default.png', 'Male', '2001-04-07', 11, 3, 1, 5),
(26, ' ', 'Deth', 'Men', 'default.png', 'Male', '2001-03-07', 11, 3, 1, 5),
(27, ' ', 'Horn', 'Dy', 'default.png', 'Female', '2001-06-05', 11, 3, 1, 5),
(28, ' ', 'So Bin', 'Heng', 'default.png', 'Male', '1999-07-20', 13, 3, 1, 5),
(29, ' ', 'Maneath', 'Khey', 'default.png', 'Female', '1999-06-24', 13, 3, 1, 5),
(30, ' ', 'Phearak', 'Nong', 'default.png', 'Male', '2001-06-01', 11, 3, 1, 5),
(31, ' ', 'Vanneth', 'Nheom', 'default.png', 'Male', '2003-06-05', 9, 3, 1, 5),
(32, ' ', 'Ratana', 'Kry', 'default.png', 'Male', '2000-09-20', 12, 3, 1, 5),
(33, ' ', 'Virak', 'Khuy', 'default.png', 'Male', '2003-04-24', 9, 3, 1, 5),
(34, ' ', 'Konich', 'Dan', 'default.png', 'Male', '2002-09-11', 10, 3, 1, 5),
(35, ' ', 'Rithy', 'Sam', 'default.png', 'Male', '2003-06-24', 9, 3, 1, 5),
(36, ' ', 'Vatana', 'Gnem', 'default.png', 'Male', '0000-00-00', 11, 3, 1, 5),
(37, ' ', 'Vannak', 'Nang', 'default.png', 'Male', '2000-02-12', 12, 3, 1, 5),
(38, ' ', 'Lina', 'Vin', 'IMG_3154.JPG', 'Female', '1998-03-04', 14, 3, 1, 1),
(39, ' ', 'Rin', 'Kham', 'default.png', 'Female', '1998-11-27', 14, 3, 1, 1),
(40, ' ', 'Thip', 'Lei', 'IMG_3171.JPG', 'Female', '0000-00-00', 12, 3, 1, 1),
(41, ' ', 'Khvann', 'Peung', 'IMG_3158.JPG', 'Male', '1999-07-05', 13, 3, 1, 1),
(42, ' ', 'Khav', 'Kim', 'default.png', 'Male', '1998-10-21', 14, 3, 1, 1),
(43, ' ', 'Chhailynon', 'Keourng', 'IMG_3179.JPG', 'Male', '2001-10-08', 11, 3, 1, 1),
(44, ' ', 'Lyhap', 'Nu', 'IMG_3168.JPG', 'Male', '1999-09-01', 13, 3, 1, 1),
(45, ' ', 'Leakhena', 'Gnor', 'IMG_3148.JPG', 'Female', '1998-06-01', 14, 3, 1, 1),
(46, ' ', 'Le', 'Tha', 'default.png', 'Male', '2000-05-12', 12, 3, 1, 1),
(47, ' ', 'Viseth', 'Tha', 'default.png', 'Male', '1988-11-08', 14, 3, 1, 1),
(48, ' ', 'Raphy', 'Koy', 'default.png', 'Male', '1999-02-21', 13, 3, 1, 1),
(49, ' ', 'Ravy', 'Reourn', 'IMG_3162.JPG', 'Male', '2001-02-15', 11, 3, 1, 1),
(50, ' ', 'Nim', 'Thon', 'default.png', 'Male', '1999-08-04', 14, 3, 1, 1),
(51, ' ', 'Ravin', 'Yin', 'default.png', 'Male', '0000-00-00', 11, 3, 1, 1),
(52, ' ', 'Sreyna', 'Penn', 'IMG_31541.JPG', 'Female', '2001-03-11', 11, 3, 1, 1),
(53, ' ', 'Theany', 'Aam', 'IMG_3175.JPG', 'Male', '1998-10-01', 14, 3, 1, 1),
(54, ' ', 'Phirak', 'Chuong', 'IMG_3143.JPG', 'Male', '1998-04-13', 14, 3, 1, 1),
(55, ' ', 'Sokea', 'Teng', 'IMG_3157.JPG', 'Female', '1999-07-06', 14, 3, 1, 1),
(56, ' ', 'Phirak', 'Men', 'IMG_3152.JPG', 'Male', '1999-09-08', 14, 3, 1, 1),
(57, ' ', 'Sreyphors', 'Samnang', 'IMG_3145.JPG', 'Female', '2003-12-04', 9, 3, 1, 1),
(58, ' ', 'Raksmey', 'Prosh', 'default.png', 'Female', '2001-12-13', 11, 3, 0, 1),
(59, ' ', 'Chury', 'Rom', 'default.png', 'Male', '2001-03-06', 11, 3, 1, 4),
(60, ' ', 'Narakavei', 'Vin', 'default.png', 'Male', '2004-11-17', 8, 3, 1, 4),
(61, ' ', 'Kemleang', 'Hot', 'default.png', 'Female', '2004-09-14', 8, 3, 1, 4),
(62, ' ', 'Lyna', 'Prak', 'default.png', 'Female', '2004-04-22', 8, 3, 1, 4),
(63, ' ', 'Sreyonn', 'Tork', 'default.png', 'Female', '2004-09-07', 8, 3, 1, 4),
(64, ' ', 'Sochyta', 'Yeat', 'default.png', 'Female', '2003-11-30', 8, 3, 1, 4),
(65, ' ', 'Lina', 'Paun', 'default.png', 'Female', '2003-05-14', 9, 3, 1, 4),
(66, ' ', 'Veasna', 'Yann', 'default.png', 'Male', '2003-12-12', 9, 3, 1, 4),
(67, ' ', 'Phearum', 'Khuy', 'default.png', 'Male', '2004-06-18', 8, 3, 0, 4),
(68, ' ', 'Visal', 'Ly', 'default.png', 'Male', '0000-00-00', 9, 3, 1, 4),
(69, ' ', 'Lyeng', 'Meourn', 'default.png', 'Male', '2003-03-24', 9, 3, 1, 4),
(70, ' ', 'Sreynath', 'Soy', 'default.png', 'Female', '2004-07-03', 8, 3, 1, 4),
(71, ' ', 'Seang Huo', 'Hach', 'default.png', 'Male', '0000-00-00', 9, 1, 1, 4),
(72, ' ', 'Lychay Hvong', 'Phanri', 'default.png', 'Female', '2003-02-08', 9, 3, 1, 4),
(73, ' ', 'Sreyleap', 'Cheoun', 'default.png', 'Female', '0000-00-00', 8, 1, 1, 4),
(74, ' ', 'Vat', 'Loy', 'default.png', 'Male', '2004-09-21', 8, 3, 1, 4),
(75, ' ', 'Saphorn', 'Samet', 'default.png', 'Female', '2003-08-28', 9, 3, 1, 4),
(76, ' ', 'Sreyneang', 'Khorn', 'default.png', 'Female', '2003-03-28', 9, 3, 1, 4),
(77, ' ', 'Sovanrakmey', 'Heang', 'default.png', 'Female', '0000-00-00', 8, 3, 1, 4),
(78, ' ', 'Srey Much', 'San', 'default.png', 'Female', '2004-06-26', 8, 3, 1, 4),
(79, ' ', 'Pros Pich', 'Yut', 'default.png', 'Male', '2003-08-03', 9, 3, 1, 4),
(80, ' ', 'Sreyneth', 'Dorn', 'default.png', 'Female', '0000-00-00', 9, 3, 1, 4),
(81, ' ', 'Oudom', 'Doeurn', 'default.png', 'Male', '1999-08-05', 13, 3, 1, 3),
(82, ' ', 'Pon', 'Huon', 'default.png', 'Male', '2001-08-06', 11, 3, 1, 3),
(83, ' ', 'Phea', 'Mai', 'default.png', 'Male', '2001-03-03', 11, 3, 1, 3),
(84, ' ', 'Sreynith', 'But', 'default.png', 'Male', '2001-11-03', 11, 3, 1, 3),
(85, ' ', 'Pheak', 'Phon', 'default.png', 'Male', '2001-02-17', 11, 3, 1, 3),
(86, ' ', 'Samphos', 'Ren', 'default.png', 'Male', '2001-11-27', 11, 3, 1, 3),
(87, ' ', 'Ratana', 'Doeurn', 'default.png', 'Female', '2001-03-03', 11, 3, 1, 3),
(88, ' ', 'Malis', 'Proeurng', 'default.png', 'Female', '2001-07-10', 11, 3, 1, 3),
(89, ' ', 'Sreynith', 'Kong', 'default.png', 'Female', '2003-06-23', 9, 3, 1, 3),
(90, ' ', 'Sokchea', 'Nong', 'default.png', 'Female', '2002-12-12', 10, 3, 1, 3),
(91, ' ', 'Channa', 'Sem', 'default.png', 'Male', '2002-09-15', 10, 3, 1, 3),
(92, ' ', 'Kem Hong', 'Heang', 'default.png', 'Female', '2003-05-23', 9, 3, 1, 3),
(93, ' ', 'Makara', 'Nhi', 'default.png', 'Male', '2002-06-26', 10, 3, 1, 3),
(94, ' ', 'Srey Toch', 'Oun', 'default.png', 'Female', '2002-07-03', 10, 3, 1, 3),
(95, ' ', 'Kemhuoy', 'Ton', 'default.png', 'Female', '2001-07-03', 12, 3, 1, 3),
(96, ' ', 'Sokha', 'Chheourn', 'default.png', 'Male', '2003-11-01', 9, 3, 1, 3),
(97, ' ', 'Sreyvi', 'Yin', 'default.png', 'Female', '0000-00-00', 9, 3, 1, 3),
(98, ' ', 'Sareourn', 'Mann', 'default.png', 'Male', '2000-04-08', 12, 3, 1, 3),
(99, ' ', 'Soknan', 'Korn', 'default.png', 'Female', '2004-02-05', 8, 3, 1, 3),
(100, ' ', 'Da', 'Tha', 'default.png', 'Male', '2000-10-05', 12, 3, 1, 3),
(101, ' ', 'Saleourn', 'Vun', 'default.png', 'Female', '1999-10-15', 13, 3, 1, 3),
(102, ' ', 'Sok Ching', 'Eng', 'default.png', 'Male', '2001-02-08', 11, 3, 1, 3),
(103, ' ', 'Sreyneang', 'Oun', 'default.png', 'Female', '2001-12-07', 13, 3, 1, 3),
(104, ' ', 'Sothea', 'Reourng', 'default.png', 'Male', '2001-11-12', 11, 3, 1, 3),
(105, ' ', 'Vanneth', 'Nang', 'default.png', 'Female', '0000-00-00', 9, 3, 1, 3),
(106, ' ', 'Sorphea', 'Sok', 'default.png', 'Female', '2003-07-12', 9, 3, 1, 3),
(107, ' ', 'Rong', 'Dorn', 'default.png', 'Male', '0000-00-00', 9, 3, 1, 3),
(108, ' ', 'Sopha', 'Pin', 'default.png', 'Female', '0000-00-00', 14, 5, 1, 9),
(109, ' ', 'Seang Huo', 'Hach', 'default.png', 'Male', '2003-12-11', 9, 3, 1, 4),
(110, ' ', 'Sreyleap', 'Cheoun', 'default.png', 'Female', '2004-08-26', 8, 3, 1, 4),
(111, ' ', 'Sreyvi', 'Yin', 'default.png', 'Female', '0000-00-00', 9, 3, 1, 3),
(112, ' ', 'Vanneth', 'Nang', 'default.png', 'Female', '2003-09-15', 9, 3, 1, 3),
(113, ' ', 'Song ley', 'Horn', 'default.png', 'Female', '2002-02-02', 10, 7, 1, 6),
(114, ' ', 'Srey Neang', 'Khom', 'default.png', 'Female', '2002-02-02', 10, 7, 1, 6),
(115, ' ', 'Nita', 'Khun', 'default.png', 'Female', '2002-02-02', 10, 7, 1, 6),
(116, ' ', 'Raty', 'Khun', 'default.png', 'Female', '2002-02-02', 10, 7, 1, 6),
(117, ' ', 'Samich', 'Kos', 'default.png', 'Female', '2002-02-02', 10, 7, 1, 6),
(118, ' ', 'Srey Leak', 'Lim', 'default.png', 'Female', '2002-02-02', 10, 7, 1, 6),
(119, ' ', 'Seavmeng', 'Ly', 'default.png', 'Male', '2002-02-02', 10, 7, 1, 6),
(120, ' ', 'Sok Rourn', 'Som', 'default.png', 'Male', '2002-02-02', 10, 7, 1, 6),
(121, ' ', 'Sovan Neat', 'Srey', 'default.png', 'Female', '2002-02-02', 10, 7, 1, 6),
(122, ' ', 'Chomrong', 'Thoun', 'default.png', 'Male', '2002-02-02', 10, 7, 1, 6),
(123, ' ', 'Sothim', 'Theun', 'default.png', 'Male', '2002-02-02', 10, 7, 1, 6),
(124, ' ', 'Srey Lin', 'Vat', 'default.png', 'Female', '2002-02-02', 10, 7, 1, 6),
(125, ' ', 'Srey pov', 'Vat', 'default.png', 'Female', '2002-02-02', 10, 7, 1, 6),
(126, ' ', 'Sothy', 'Netn', 'default.png', 'Male', '1998-09-11', 14, 7, 1, 7),
(127, ' ', 'Solan', 'Neth', 'default.png', 'Female', '1996-01-09', 16, 7, 1, 7),
(128, ' ', 'Srey leap', 'Lim', 'default.png', 'Female', '1994-03-08', 18, 7, 1, 7),
(129, ' ', 'Sophanmay', 'Meng', 'default.png', 'Female', '1995-05-07', 13, 7, 1, 7),
(130, ' ', 'Leng', 'Kim', 'default.png', 'Male', '1993-06-05', 19, 7, 1, 7),
(131, ' ', 'Srey Roth', 'Meng', 'default.png', 'Female', '1995-10-08', 17, 7, 1, 7),
(132, ' ', 'Srey Mom', 'Keo', 'default.png', 'Female', '1994-06-07', 18, 7, 1, 7),
(133, ' ', 'Tylin', 'Phalla', 'default.png', 'Male', '1994-08-11', 18, 7, 1, 7),
(134, ' ', 'Veasna', 'Hok', 'default.png', 'Male', '1994-11-22', 18, 7, 1, 7),
(135, ' ', 'Khunvireak', 'Ly', 'default.png', 'Male', '1994-05-02', 18, 7, 1, 7),
(136, ' ', 'Davanvirakboth', 'Sam', 'default.png', 'Male', '2002-02-07', 10, 7, 1, 7),
(137, ' ', 'Sopha', 'Pin', 'default.png', 'Male', '1998-06-01', 14, 5, 1, 9),
(138, ' ', 'Makara', 'Polly', 'default.png', 'Male', '1997-01-07', 15, 5, 1, 9),
(139, ' ', 'Sokyi', 'Poy', 'default.png', 'Male', '1996-01-26', 16, 5, 1, 9),
(140, ' ', 'Khom', 'Chork', 'default.png', 'Male', '1987-12-03', 25, 5, 1, 9),
(141, ' ', 'Chen', 'Men', 'default.png', 'Male', '1997-01-15', 15, 5, 1, 9),
(142, ' ', 'Sopanha', 'Houn', 'default.png', 'Male', '1998-12-18', 14, 5, 1, 9),
(143, ' ', 'Kov', 'Ki', 'default.png', 'Female', '1997-01-05', 15, 5, 1, 9),
(144, ' ', 'Sokket', 'Phang', 'default.png', 'Female', '2002-01-01', 7, 5, 1, 9),
(145, ' ', 'Sokhim', 'Hem', 'default.png', 'Female', '1999-09-01', 13, 5, 1, 9),
(146, ' ', 'Phanith', 'Put', 'default.png', 'Male', '1999-09-18', 13, 5, 1, 9),
(147, ' ', 'Srey Leak', 'Bo', 'default.png', 'Female', '1998-01-01', 14, 5, 1, 9),
(148, ' ', 'Chandoeak', 'Nhel', 'default.png', 'Male', '1991-01-01', 21, 5, 1, 9),
(149, ' ', 'Sophea', 'Pin', 'default.png', 'Male', '1993-07-08', 19, 5, 1, 9),
(150, ' ', 'Liyoan', 'Te', 'default.png', 'Female', '1997-06-14', 15, 5, 1, 9),
(151, ' ', 'Sokran', 'yeng', 'default.png', 'Female', '2002-01-01', 12, 5, 1, 9),
(152, ' ', 'Phanonb', 'Kin', 'default.png', 'Male', '1995-08-08', 18, 5, 1, 9),
(153, ' ', 'Moan', 'Phat', 'default.png', 'Male', '1994-10-25', 18, 5, 1, 9),
(154, ' ', 'Chury', 'Nuy', 'default.png', 'Male', '2012-01-14', 12, 5, 1, 9),
(155, '', 'Sokdalin', 'Sam', 'default.png', 'Female', '2001-08-17', 11, 2, 1, 10),
(156, ' ', 'Sokdaly', 'Sam', 'default.png', 'Female', '2003-10-10', 9, 2, 1, 10),
(157, ' ', 'Rachana', 'Khiev', 'default.png', 'Female', '1999-03-17', 14, 2, 1, 10),
(158, ' ', 'Nita', 'Sope', 'default.png', 'Female', '2002-03-04', 10, 2, 1, 10),
(159, ' ', 'Kenmonorom', 'Sok', 'default.png', 'Male', '2003-03-29', 9, 2, 1, 10),
(160, ' ', 'Socheata', 'Vath', 'default.png', 'Female', '2001-05-03', 11, 2, 1, 10),
(161, ' ', 'Chetra', 'UM', 'default.png', 'Male', '1999-01-01', 22, 1, 1, 8),
(162, ' ', 'Rachana', 'Khe', 'default.png', 'Male', '1999-01-01', 22, 1, 1, 8),
(163, ' ', 'Mala', 'Phoun', 'default.png', 'Male', '1999-01-01', 22, 1, 1, 8),
(164, '', 'Metta', 'Chut', 'default.png', 'Male', '1999-01-01', 22, 1, 1, 8),
(165, '', 'Sam', 'Koun', 'default.png', 'Male', '1999-01-01', 22, 1, 1, 8),
(166, ' ', 'Chanmesa', 'Yos', 'default.png', 'Male', '1999-01-01', 22, 1, 1, 8),
(167, ' ', 'Sopan', 'Nhean', 'default.png', 'Male', '1999-01-01', 22, 1, 1, 8),
(168, ' ', 'Kiv', 'Ken', 'default.png', 'Male', '1999-01-01', 22, 1, 1, 8),
(169, ' ', 'Tet', 'Chim', 'default.png', 'Male', '1999-01-01', 22, 1, 1, 8),
(170, ' ', 'Sichoeum', 'Lon', 'default.png', 'Male', '1999-01-01', 22, 1, 1, 8),
(171, ' ', 'Nary', 'Somrach', 'default.png', 'Male', '1999-01-01', 22, 1, 1, 8),
(172, ' ', 'Sarat', 'Chan', 'default.png', 'Male', '1999-01-01', 22, 1, 1, 8),
(173, ' ', 'Voleak', 'Srong', 'default.png', 'Male', '1999-01-01', 22, 1, 1, 8),
(174, ' ', 'Sokuntheara', 'Sory', 'default.png', 'Male', '1999-01-01', 22, 1, 1, 8),
(175, ' ', 'Phally', 'Eng', 'default.png', 'Male', '1999-01-01', 22, 1, 1, 8),
(176, ' ', 'Sopheap', 'Pov', 'default.png', 'Male', '1999-01-01', 22, 1, 1, 8),
(177, ' ', 'Amara', 'Men', 'default.png', 'Male', '1999-01-01', 22, 1, 1, 8),
(178, ' ', 'Danet', 'Chhoun', 'default.png', 'Male', '1999-01-01', 22, 1, 1, 8),
(179, ' ', 'Sreyrath', 'Soth', 'default.png', 'Male', '1999-01-01', 22, 1, 1, 8),
(180, ' ', 'Sreytin', 'Long', 'default.png', 'Male', '1999-01-01', 22, 1, 1, 8),
(181, ' ', 'Sreymom', 'Chea', 'default.png', 'Female', '1999-01-01', 22, 1, 1, 8),
(182, ' ', 'Phally', 'Chea', 'default.png', 'Male', '1999-01-01', 22, 1, 1, 8),
(183, ' ', 'Soklin', 'Khal', 'default.png', 'Male', '1999-01-01', 22, 1, 1, 8),
(184, ' ', 'Phorly', 'Chhen', 'default.png', 'Male', '1999-01-01', 22, 1, 1, 8),
(185, ' ', 'Seyla', 'Sorn', 'default.png', 'Male', '1999-01-01', 22, 1, 1, 8),
(186, ' ', 'Laiheak', 'Sun', 'default.png', 'Male', '1999-01-01', 22, 1, 1, 15),
(187, ' ', 'Sinoeurn', 'Sim', 'default.png', 'Male', '1999-01-01', 22, 1, 1, 15),
(188, ' ', 'Sovannara', 'Chhom', 'default.png', 'Male', '1999-01-01', 22, 1, 1, 15),
(189, ' ', 'Sounly', 'Chhang', 'default.png', 'Male', '1999-01-01', 22, 1, 1, 15),
(190, ' ', 'Chanthou', 'Vong', 'default.png', 'Male', '1999-01-01', 22, 1, 1, 15),
(191, ' ', 'Vibol', 'Than', 'default.png', 'Male', '1999-01-01', 22, 1, 1, 15),
(192, ' ', 'Chanda', 'Heng', 'default.png', 'Male', '1999-01-01', 22, 1, 1, 15),
(193, ' ', 'Doeun', 'Koch', 'default.png', 'Male', '1999-01-01', 22, 1, 1, 15),
(194, ' ', 'Channy', 'Sooeun', 'default.png', 'Male', '1999-01-01', 22, 1, 1, 15),
(195, ' ', 'Dara', 'Khan', 'default.png', 'Male', '1999-01-01', 22, 1, 1, 15),
(196, ' ', 'Saokea', 'Ros', 'default.png', 'Male', '1999-01-01', 22, 1, 1, 15),
(197, ' ', 'Sreymom', 'Moeun', 'default.png', 'Male', '1999-01-01', 22, 1, 1, 15),
(198, ' ', 'Sokheng', 'Sen', 'default.png', 'Male', '1999-01-01', 22, 1, 1, 15),
(199, ' ', 'Sareoun', 'Ren', 'default.png', 'Male', '1999-01-01', 22, 1, 1, 15),
(200, ' ', 'Mom', 'Soeung', 'default.png', 'Male', '1999-02-01', 22, 1, 1, 15),
(201, ' ', 'Sophal', 'Horn', 'default.png', 'Male', '1999-01-01', 22, 1, 1, 15),
(202, ' ', 'Sothary', 'Phorn', 'default.png', 'Male', '1999-01-01', 22, 1, 1, 15),
(203, ' ', 'Lina', 'Ty', 'default.png', 'Female', '1999-01-01', 22, 1, 1, 15),
(204, ' ', 'Sophanna', 'Sek', 'default.png', 'Male', '1999-01-01', 22, 1, 1, 15),
(205, '', 'Sophea', 'Chhuon', 'default.png', 'Male', '1999-01-01', 22, 1, 1, 15),
(206, ' ', 'Tynay', 'Vong', 'default.png', 'Male', '1999-01-01', 22, 1, 1, 15),
(207, ' ', 'Vida', 'Chan', 'default.png', 'Female', '1999-01-01', 22, 1, 1, 15),
(208, ' ', 'Pidor', 'Chhiv', 'default.png', 'Male', '1999-01-01', 22, 1, 1, 15),
(209, ' ', 'Thaina', 'Seang', 'default.png', 'Female', '1999-01-01', 22, 1, 1, 15),
(210, ' ', 'Sophea', 'Ou', 'default.png', 'Female', '1999-01-01', 22, 1, 1, 15),
(211, ' ', 'Sereiroth', 'Soun', 'default.png', 'Female', '1998-08-20', 14, 2, 1, 11),
(212, ' ', 'Hokly', 'Sophea', 'default.png', 'Male', '1997-04-20', 14, 2, 1, 11),
(213, ' ', 'Sreyroth', 'Chon', 'default.png', 'Female', '1995-09-12', 16, 2, 1, 11),
(214, ' ', 'Chetra', 'Noeun', 'default.png', 'Male', '1999-01-03', 13, 2, 1, 11),
(215, ' ', 'kolboth', 'Kov', 'default.png', 'Male', '1998-07-31', 14, 2, 1, 11),
(216, ' ', 'Pokeang', 'Ung', 'default.png', 'Male', '1999-01-01', 22, 1, 1, 16),
(217, ' ', 'Dalin', 'Um', 'default.png', 'Female', '1999-01-01', 22, 1, 1, 16),
(218, ' ', 'Tetyasak', 'Nem', 'default.png', 'Male', '1999-01-01', 22, 1, 1, 16),
(219, ' ', 'Tola', 'Mech', 'default.png', 'Male', '1999-01-01', 22, 1, 1, 16),
(220, ' ', 'Sirem', 'Em', 'default.png', 'Male', '1999-01-01', 22, 1, 1, 16),
(221, ' ', 'Kunthea', 'Hoeung', 'default.png', 'Male', '1999-01-01', 22, 4, 1, 16),
(222, ' ', 'Sinot', 'Yun', 'default.png', 'Male', '1999-01-01', 22, 1, 1, 16),
(223, ' ', 'Kunthea', 'Hoeung', 'default.png', 'Male', '1999-01-01', 22, 1, 1, 16),
(224, ' ', 'Sreylin', 'Heng', 'default.png', 'Female', '1999-01-01', 22, 1, 1, 16),
(225, ' ', 'Sophany', 'Pheng', 'default.png', 'Female', '1999-01-01', 22, 1, 1, 16),
(226, ' ', 'Yan', 'Say', 'default.png', 'Male', '1999-01-01', 22, 1, 1, 16),
(227, ' ', 'Pen', 'Pon', 'default.png', 'Female', '1999-01-01', 22, 1, 1, 16),
(228, ' ', 'Chanheng', 'Sen', 'default.png', 'Male', '1999-01-01', 22, 1, 1, 16),
(229, ' ', 'Sopheak', 'Chhem', 'default.png', 'Male', '1999-01-01', 22, 1, 1, 16),
(230, ' ', 'Ratha', 'Heng', 'default.png', 'Male', '1999-01-01', 22, 1, 1, 16),
(231, ' ', 'Sreymom', 'Prak', 'default.png', 'Female', '1999-01-01', 22, 1, 1, 16),
(232, ' ', 'Usa', 'Neat', 'default.png', 'Male', '1999-01-01', 22, 1, 1, 16),
(233, ' ', 'Sreypech', 'Ny', 'default.png', 'Female', '1999-01-01', 22, 1, 1, 16),
(234, ' ', 'Veasna', 'Kong', 'default.png', 'Male', '1999-01-01', 22, 1, 1, 16),
(235, ' ', 'Vichhay', 'Serey', 'default.png', 'Male', '1999-01-01', 22, 1, 1, 16),
(236, '', 'Pheas', 'Phoub', 'default.png', 'Male', '1999-01-01', 22, 1, 1, 16),
(237, '', 'Roeum', 'Sriep', 'default.png', 'Male', '1999-01-01', 22, 1, 1, 16),
(238, ' ', 'Channy', 'Ben', 'default.png', 'Female', '1999-01-01', 22, 1, 1, 16),
(239, ' ', 'Chantha', 'Houn', 'default.png', 'Male', '1999-01-01', 22, 1, 1, 16),
(240, ' ', 'Chathea', 'Mal', 'default.png', 'Male', '1999-01-01', 22, 1, 1, 16),
(241, ' ', 'Kamara', 'Khlan', 'default.png', 'Male', '1999-01-01', 22, 1, 1, 16),
(242, ' ', 'Srey Neang', 'Kot', 'default.png', 'Female', '1995-01-20', 18, 8, 1, 14),
(243, ' ', 'Sreyoun', 'On', 'default.png', 'Female', '1995-02-01', 18, 8, 1, 14),
(244, ' ', 'Heang', 'men', 'default.png', 'Female', '1995-01-01', 18, 8, 1, 14),
(245, ' ', 'Kanha', 'Srey', 'default.png', 'Female', '1995-01-01', 18, 8, 1, 14),
(246, ' ', 'ly', 'peang', 'default.png', 'Female', '1997-03-03', 16, 8, 1, 14),
(247, ' ', 'Ten', 'Sokchan', 'default.png', 'Female', '1995-03-10', 18, 8, 1, 14),
(248, ' ', 'Seangnai', 'Yun', 'default.png', 'Female', '1992-09-06', 21, 8, 1, 14),
(249, ' ', 'Tida', 'mov', 'default.png', 'Female', '1994-01-01', 19, 8, 1, 14),
(250, ' ', 'Sinoun', 'Lone', 'default.png', 'Female', '1995-04-13', 18, 8, 1, 14),
(251, ' ', 'Sreyya', 'Li', 'default.png', 'Female', '1996-12-09', 17, 8, 1, 14),
(252, ' ', 'Leakkana', 'Sombat', 'default.png', 'Female', '1997-03-23', 16, 8, 1, 14),
(253, ' ', 'Bolbanha', 'Chan', 'default.png', 'Female', '2004-11-30', 8, 2, 1, 13),
(254, ' ', 'Sochanborey', 'Pol', 'default.png', 'Female', '2005-07-23', 7, 2, 1, 13),
(255, ' ', 'Chanpekdey', 'Kung', 'default.png', 'Male', '2005-01-12', 7, 2, 1, 13),
(256, ' ', 'Pisey', 'Ti', 'default.png', 'Female', '2003-12-01', 9, 2, 1, 13),
(257, ' ', 'Dararsmey', 'Kemchan', 'default.png', 'Female', '2003-03-01', 9, 2, 1, 13),
(258, ' ', 'Vung', 'Nu', 'default.png', 'Male', '2000-01-01', 12, 2, 1, 13),
(259, ' ', 'Virek', 'Ten', 'default.png', 'Male', '2002-12-02', 10, 2, 1, 13),
(260, ' ', 'Daravichay', 'Pov', 'default.png', 'Male', '2003-02-01', 9, 2, 1, 13),
(261, ' ', 'Chanrotha', 'Peng', 'default.png', 'Male', '2000-03-03', 12, 2, 1, 13),
(262, ' ', 'Pileb', 'Tep', 'default.png', 'Male', '2000-09-07', 12, 2, 1, 13),
(263, ' ', 'Lat', 'Pov', 'default.png', 'Male', '2001-12-25', 11, 2, 1, 13),
(264, ' ', 'Chandaneth', 'Sok', 'default.png', 'Female', '2004-09-23', 8, 2, 1, 13),
(265, ' ', 'Sokunmele', 'Men', 'default.png', 'Female', '2007-08-11', 5, 2, 1, 13),
(266, ' ', 'Pisal', 'Ti', 'default.png', 'Male', '2003-06-30', 9, 2, 1, 13),
(267, ' ', 'Sovanda', 'Kroch', 'default.png', 'Male', '2000-10-28', 12, 2, 1, 13),
(268, ' ', 'Sreynech', 'Chan', 'default.png', 'Female', '2006-04-15', 6, 2, 1, 13),
(269, ' ', 'Sreypich', 'Tep', 'default.png', 'Female', '2006-04-12', 6, 2, 1, 13),
(270, ' ', 'Yalin', 'Van', 'default.png', 'Male', '2001-01-06', 11, 2, 1, 13),
(271, ' ', 'Solien', 'Sun', 'default.png', 'Female', '1999-09-09', 14, 2, 1, 13),
(272, ' ', 'Polla', 'Chey', 'default.png', 'Male', '1998-06-01', 15, 2, 1, 13),
(273, ' ', 'Voy', 'Tip', 'default.png', 'Male', '1998-07-02', 15, 2, 1, 13),
(274, ' ', 'Sreyroth', 'Van', 'default.png', 'Female', '2002-02-02', 10, 2, 1, 13),
(275, ' ', 'Sreypich', 'Van', 'default.png', 'Female', '2004-06-12', 8, 2, 1, 13),
(276, ' ', 'Sopheak', 'Phal', 'default.png', 'Female', '2000-09-21', 12, 2, 1, 11),
(277, ' ', 'Piseth Panha', 'Kem', 'default.png', 'Male', '1999-09-01', 13, 2, 1, 11),
(278, ' ', 'Sophyvatana', 'Tep', 'default.png', 'Male', '1999-01-28', 13, 2, 1, 11),
(279, ' ', 'Thathiny', 'Tep', 'default.png', 'Female', '2002-07-12', 10, 2, 0, 11),
(280, ' ', 'Suen', 'Sithysak', 'default.png', 'Male', '2002-10-20', 14, 2, 1, 11),
(281, ' ', 'Piza', 'Khy', 'default.png', 'Male', '1997-06-30', 15, 2, 0, 11),
(282, ' ', 'Kalin', 'Voung', 'default.png', 'Male', '1999-02-01', 13, 2, 1, 11),
(283, ' ', 'Piza', 'Khy', 'default.png', 'Male', '1997-06-30', 15, 2, 1, 11),
(284, ' ', 'Suen', 'Sithysak', 'default.png', 'Male', '2002-10-20', 14, 2, 0, 11),
(285, ' ', 'Thathiny', 'Tep', 'default.png', 'Female', '2002-07-12', 10, 2, 1, 11),
(286, ' ', 'Sophyvatana', 'Tep', 'default.png', 'Male', '1999-01-28', 13, 2, 0, 11),
(287, ' ', 'Piseth Panha', 'Kem', 'default.png', 'Male', '1999-09-01', 13, 2, 0, 11),
(288, ' ', 'Sopheak', 'Phal', 'default.png', 'Female', '2000-09-21', 12, 2, 0, 11),
(289, ' ', 'Sopheak', 'Phal', 'default.png', 'Female', '2000-09-21', 12, 2, 0, 11),
(290, ' ', 'Chantha', 'Soem', 'default.png', 'Female', '1994-02-01', 18, 2, 1, 12),
(291, ' ', 'Bunly', 'Neam', 'default.png', 'Male', '1989-12-04', 23, 2, 1, 12),
(292, ' ', 'Samnang', 'Nou', 'default.png', 'Male', '1993-09-04', 20, 2, 1, 12),
(293, ' ', 'Kakada', 'Duk', 'default.png', 'Male', '1993-08-07', 20, 2, 1, 12),
(294, ' ', 'Doeurn', 'Chev', 'default.png', 'Male', '1988-05-10', 24, 2, 1, 12),
(295, ' ', 'Chansim', 'Vourng', 'default.png', 'Male', '1994-04-02', 19, 2, 1, 12);

-- --------------------------------------------------------

--
-- Table structure for table `tbl_teachers`
--

CREATE TABLE IF NOT EXISTS `tbl_teachers` (
  `tea_id` int(11) NOT NULL AUTO_INCREMENT,
  `tea_name` varchar(250) NOT NULL,
  `tea_sex` varchar(10) NOT NULL,
  `tea_phone` varchar(250) NOT NULL,
  `tea_address` text NOT NULL,
  `tea_email` varchar(250) NOT NULL,
  `tea_description` text NOT NULL,
  `tea_position` varchar(250) NOT NULL,
  `tea_password` varchar(250) NOT NULL,
  `tea_status` int(11) NOT NULL DEFAULT '1',
  PRIMARY KEY (`tea_id`)
) ENGINE=InnoDB  DEFAULT CHARSET=utf8 AUTO_INCREMENT=12 ;

--
-- Dumping data for table `tbl_teachers`
--

INSERT INTO `tbl_teachers` (`tea_id`, `tea_name`, `tea_sex`, `tea_phone`, `tea_address`, `tea_email`, `tea_description`, `tea_position`, `tea_password`, `tea_status`) VALUES
(1, 'admin', 'Male', '0972 666 056', 'Phnom Pehn', 'sochy.choeun@gmail.comm', 'Trainer', 'Admin', '21232f297a57a5a743894a0e4a801fc3', 1),
(2, 'Yan Vannac', 'Male', '012 584 930', '#14Eo, St242,Doun Penh,PP,Cambodia', 'vannac.yan@gmail.com', 'From 2005', 'Admin', '827ccb0eea8a706c4c34a16891f84e7b', 1),
(3, 'Sineth', 'Female', '010696951', '', 'chansineth2008@gmail.com', '', 'Teacher', '604039b0b26d104d3ad66d99bd981622', 1),
(4, 'Liya', 'Female', '093 291 912', '', 'chengliya@ymail.com', '', 'Teacher', '83bf6caa59c17cd19dc94c7c7ee5f9ab', 1),
(5, 'Nich', 'Female', '092955289', '', 'ly.srey.nich@gmail.com', '', 'Teacher', '0fb51270e088823829a516f104d7bbce', 1),
(6, 'Lita', 'Female', '093323150', '', '', '', 'Teacher', 'd6022249ddb33ec5a4e89e31df57cc67', 1),
(7, 'Dara', 'Female', '012769315', '', '', '', 'Teacher', 'b6af3f19458ec8e6faff8ee1e0440ecb', 1),
(8, 'Piseth Lun', 'Male', '090311341', '', 'lunpiseth@gmail.com', '', 'Admin', '409e685e03177ec028e196f5d2603752', 1),
(9, 'Kate', 'Female', '1237', '', '', '', 'Teacher', '5be0a66b86dd75ac8ca69b73425e6c81', 0),
(10, 'tc sophea', 'Male', '', '', '', '', 'Teacher', 'dc65be99f8c6f6865715617955b85942', 1),
(11, 'Vannac Yan', 'Male', '012 58 49 30', '#14 Eo,St 242, Doun Penh , Phnom Penh, Cambodia.', 'vannac.yan@gmail.com', 'Two position teacher and Admin', 'Teacher', '3e0101ecf0d8427cf14f3f6dc2f0282d', 1);

-- --------------------------------------------------------

--
-- Table structure for table `tbl_terms`
--

CREATE TABLE IF NOT EXISTS `tbl_terms` (
  `ter_id` int(11) NOT NULL AUTO_INCREMENT,
  `ter_gen_id` int(11) NOT NULL,
  `ter_start_date` date NOT NULL,
  `ter_end_date` date NOT NULL,
  `ter_status` int(11) NOT NULL DEFAULT '1',
  `ter_name` varchar(11) NOT NULL,
  PRIMARY KEY (`ter_id`)
) ENGINE=InnoDB  DEFAULT CHARSET=utf8 AUTO_INCREMENT=12 ;

--
-- Dumping data for table `tbl_terms`
--

INSERT INTO `tbl_terms` (`ter_id`, `ter_gen_id`, `ter_start_date`, `ter_end_date`, `ter_status`, `ter_name`) VALUES
(1, 1, '2012-01-01', '2012-03-31', 1, 'Term 1'),
(2, 1, '2012-04-01', '2012-06-30', 1, 'Term 2'),
(3, 2, '2012-01-01', '2012-02-01', 1, 'Term 1'),
(4, 2, '2012-02-02', '2012-03-01', 1, 'Term 2'),
(5, 2, '2012-03-02', '2012-04-01', 1, 'Term 3'),
(6, 1, '2012-07-01', '2012-09-30', 1, 'Term 3'),
(7, 1, '2012-10-01', '2012-12-31', 1, 'Term 4'),
(8, 3, '2013-01-01', '2013-03-31', 1, 'Term 1'),
(9, 3, '2013-04-01', '2013-06-30', 1, 'Term 2'),
(10, 3, '2013-07-01', '2013-09-30', 1, 'Term 3'),
(11, 3, '2013-10-01', '2013-12-31', 1, 'Term 4');

-- --------------------------------------------------------

--
-- Table structure for table `tbl_workloads`
--

CREATE TABLE IF NOT EXISTS `tbl_workloads` (
  `wor_tea_id` int(11) NOT NULL,
  `wor_cla_id` int(11) NOT NULL,
  `wor_description` text NOT NULL
) ENGINE=InnoDB DEFAULT CHARSET=utf8;

--
-- Dumping data for table `tbl_workloads`
--

INSERT INTO `tbl_workloads` (`wor_tea_id`, `wor_cla_id`, `wor_description`) VALUES
(8, 3, ''),
(3, 3, ''),
(11, 2, ''),
(8, 8, ''),
(3, 14, ''),
(7, 12, ''),
(8, 11, ''),
(8, 15, ''),
(8, 16, ''),
(5, 5, ''),
(11, 1, ''),
(3, 4, ''),
(5, 6, ''),
(7, 7, ''),
(7, 9, ''),
(5, 13, ''),
(8, 10, '');
