-- phpMyAdmin SQL Dump
-- version 3.3.9
-- http://www.phpmyadmin.net
--
-- Host: localhost
-- Generation Time: Jun 25, 2012 at 01:33 AM
-- Server version: 5.5.8
-- PHP Version: 5.3.5

SET SQL_MODE="NO_AUTO_VALUE_ON_ZERO";


/*!40101 SET @OLD_CHARACTER_SET_CLIENT=@@CHARACTER_SET_CLIENT */;
/*!40101 SET @OLD_CHARACTER_SET_RESULTS=@@CHARACTER_SET_RESULTS */;
/*!40101 SET @OLD_COLLATION_CONNECTION=@@COLLATION_CONNECTION */;
/*!40101 SET NAMES utf8 */;

--
-- Database: `db_saa`
--
CREATE DATABASE `db_saa` DEFAULT CHARACTER SET latin1 COLLATE latin1_swedish_ci;
USE `db_saa`;

-- --------------------------------------------------------

--
-- Table structure for table `tbl_attendances`
--

CREATE TABLE IF NOT EXISTS `tbl_attendances` (
  `att_id` int(11) NOT NULL AUTO_INCREMENT,
  `att_stu_id` int(11) NOT NULL,
  `att_absent` int(11) NOT NULL,
  `att_date` date NOT NULL,
  `att_attended` int(11) NOT NULL,
  `att_description` text NOT NULL,
  PRIMARY KEY (`att_id`)
) ENGINE=InnoDB  DEFAULT CHARSET=utf8 AUTO_INCREMENT=328 ;

--
-- Dumping data for table `tbl_attendances`
--

INSERT INTO `tbl_attendances` (`att_id`, `att_stu_id`, `att_absent`, `att_date`, `att_attended`, `att_description`) VALUES
(1, 1, 1, '2012-03-30', 0, ''),
(2, 17, 1, '2012-03-30', 0, ''),
(3, 10, 1, '2012-03-30', 0, ''),
(4, 18, 1, '2012-03-30', 0, ''),
(5, 13, 1, '2012-03-30', 0, ''),
(6, 7, 1, '2012-03-30', 0, ''),
(7, 8, 1, '2012-03-30', 0, ''),
(8, 4, 1, '2012-03-30', 0, ''),
(9, 16, 1, '2012-03-30', 0, ''),
(10, 12, 1, '2012-03-30', 0, ''),
(11, 15, 0, '2012-03-30', 1, ''),
(12, 11, 0, '2012-03-30', 1, ''),
(13, 5, 1, '2012-03-30', 0, ''),
(14, 6, 0, '2012-03-30', 1, ''),
(15, 14, 0, '2012-03-30', 1, ''),
(16, 3, 0, '2012-03-30', 1, ''),
(17, 9, 0, '2012-03-30', 1, ''),
(18, 19, 0, '2012-03-30', 1, ''),
(19, 43, 0, '2012-04-02', 1, ''),
(20, 42, 0, '2012-04-02', 1, ''),
(21, 41, 0, '2012-04-02', 1, ''),
(22, 46, 0, '2012-04-02', 1, ''),
(23, 45, 0, '2012-04-02', 1, ''),
(24, 38, 0, '2012-04-02', 1, ''),
(25, 44, 0, '2012-04-02', 1, ''),
(26, 50, 0, '2012-04-02', 1, ''),
(27, 1, 0, '2012-04-02', 1, ''),
(28, 2, 0, '2012-04-02', 1, ''),
(29, 54, 0, '2012-04-02', 1, ''),
(30, 56, 0, '2012-04-02', 1, ''),
(31, 58, 0, '2012-04-02', 1, ''),
(32, 48, 0, '2012-04-02', 1, ''),
(33, 51, 1, '2012-04-02', 0, ''),
(34, 49, 1, '2012-04-02', 0, ''),
(35, 39, 1, '2012-04-02', 0, ''),
(36, 55, 1, '2012-04-02', 0, ''),
(37, 52, 1, '2012-04-02', 0, ''),
(38, 57, 1, '2012-04-02', 0, ''),
(39, 53, 1, '2012-04-02', 0, ''),
(40, 40, 1, '2012-04-02', 0, ''),
(41, 47, 1, '2012-04-02', 0, ''),
(42, 17, 1, '2012-04-24', 0, ''),
(43, 10, 1, '2012-04-24', 0, ''),
(44, 18, 1, '2012-04-24', 0, ''),
(45, 13, 1, '2012-04-24', 0, ''),
(46, 7, 1, '2012-04-24', 0, ''),
(47, 8, 1, '2012-04-24', 0, ''),
(48, 4, 1, '2012-04-24', 0, ''),
(49, 16, 1, '2012-04-24', 0, ''),
(50, 12, 1, '2012-04-24', 0, ''),
(51, 15, 1, '2012-04-24', 0, ''),
(52, 11, 1, '2012-04-24', 0, ''),
(53, 5, 1, '2012-04-24', 0, ''),
(54, 6, 1, '2012-04-24', 0, ''),
(55, 14, 1, '2012-04-24', 0, ''),
(56, 3, 1, '2012-04-24', 0, ''),
(57, 9, 1, '2012-04-24', 0, ''),
(58, 19, 1, '2012-04-24', 0, ''),
(59, 91, 0, '2012-04-24', 1, ''),
(60, 100, 0, '2012-04-24', 1, ''),
(61, 92, 0, '2012-04-24', 1, ''),
(62, 95, 0, '2012-04-24', 1, ''),
(63, 93, 0, '2012-04-24', 1, ''),
(64, 88, 0, '2012-04-24', 1, ''),
(65, 81, 0, '2012-04-24', 1, ''),
(66, 83, 0, '2012-04-24', 1, ''),
(67, 85, 0, '2012-04-24', 1, ''),
(68, 82, 0, '2012-04-24', 1, ''),
(69, 87, 1, '2012-04-24', 0, ''),
(70, 107, 0, '2012-04-24', 1, ''),
(71, 101, 0, '2012-04-24', 1, ''),
(72, 86, 1, '2012-04-24', 0, ''),
(73, 98, 0, '2012-04-24', 1, ''),
(74, 90, 0, '2012-04-24', 1, ''),
(75, 96, 0, '2012-04-24', 1, ''),
(76, 99, 0, '2012-04-24', 1, ''),
(77, 106, 0, '2012-04-24', 1, ''),
(78, 104, 0, '2012-04-24', 1, ''),
(79, 94, 0, '2012-04-24', 1, ''),
(80, 103, 1, '2012-04-24', 0, ''),
(81, 84, 0, '2012-04-24', 1, ''),
(82, 89, 0, '2012-04-24', 1, ''),
(83, 97, 0, '2012-04-24', 1, ''),
(84, 105, 0, '2012-04-24', 1, ''),
(85, 25, 0, '2012-01-18', 1, ''),
(86, 24, 0, '2012-01-18', 1, ''),
(87, 26, 0, '2012-01-18', 1, ''),
(88, 27, 0, '2012-01-18', 1, ''),
(89, 34, 0, '2012-01-18', 1, ''),
(90, 29, 0, '2012-01-18', 1, ''),
(91, 30, 0, '2012-01-18', 1, ''),
(92, 22, 0, '2012-01-18', 1, ''),
(93, 21, 0, '2012-01-18', 1, ''),
(94, 32, 0, '2012-01-18', 1, ''),
(95, 35, 0, '2012-01-18', 1, ''),
(96, 23, 1, '2012-01-18', 0, 'Permission he got sick'),
(97, 28, 0, '2012-01-18', 1, ''),
(98, 37, 0, '2012-01-18', 1, ''),
(99, 31, 0, '2012-01-18', 1, ''),
(100, 20, 0, '2012-01-18', 1, ''),
(101, 36, 0, '2012-01-18', 1, ''),
(102, 33, 0, '2012-01-18', 1, ''),
(103, 25, 0, '2012-01-25', 1, ''),
(104, 24, 0, '2012-01-25', 1, ''),
(105, 26, 0, '2012-01-25', 1, ''),
(106, 27, 0, '2012-01-25', 1, ''),
(107, 34, 0, '2012-01-25', 1, ''),
(108, 29, 0, '2012-01-25', 1, ''),
(109, 30, 0, '2012-01-25', 1, ''),
(110, 22, 0, '2012-01-25', 1, ''),
(111, 21, 0, '2012-01-25', 1, ''),
(112, 32, 0, '2012-01-25', 1, ''),
(113, 35, 0, '2012-01-25', 1, ''),
(114, 23, 1, '2012-01-25', 0, 'Permission he got sick'),
(115, 28, 0, '2012-01-25', 1, ''),
(116, 37, 0, '2012-01-25', 1, ''),
(117, 31, 0, '2012-01-25', 1, ''),
(118, 20, 0, '2012-01-25', 1, ''),
(119, 36, 0, '2012-01-25', 1, ''),
(120, 33, 0, '2012-01-25', 1, ''),
(121, 25, 1, '2012-02-08', 0, ''),
(122, 24, 0, '2012-02-08', 1, ''),
(123, 26, 0, '2012-02-08', 1, ''),
(124, 27, 0, '2012-02-08', 1, ''),
(125, 34, 1, '2012-02-08', 0, ''),
(126, 29, 0, '2012-02-08', 1, ''),
(127, 30, 1, '2012-02-08', 0, ''),
(128, 22, 1, '2012-02-08', 0, ''),
(129, 21, 1, '2012-02-08', 0, ''),
(130, 32, 1, '2012-02-08', 0, ''),
(131, 35, 1, '2012-02-08', 0, ''),
(132, 23, 1, '2012-02-08', 0, ''),
(133, 28, 1, '2012-02-08', 0, ''),
(134, 37, 1, '2012-02-08', 0, ''),
(135, 31, 1, '2012-02-08', 0, ''),
(136, 20, 0, '2012-02-08', 1, ''),
(137, 36, 0, '2012-02-08', 1, ''),
(138, 33, 1, '2012-02-08', 0, ''),
(139, 25, 0, '2012-02-15', 1, ''),
(140, 24, 0, '2012-02-15', 1, ''),
(141, 26, 0, '2012-02-15', 1, ''),
(142, 27, 0, '2012-02-15', 1, ''),
(143, 34, 0, '2012-02-15', 1, ''),
(144, 29, 1, '2012-02-15', 0, 'Many students went home because no class room'),
(145, 30, 1, '2012-02-15', 0, ''),
(146, 22, 1, '2012-02-15', 0, ''),
(147, 21, 1, '2012-02-15', 0, ''),
(148, 32, 1, '2012-02-15', 0, ''),
(149, 35, 1, '2012-02-15', 0, ''),
(150, 23, 1, '2012-02-15', 0, ''),
(151, 28, 1, '2012-02-15', 0, ''),
(152, 37, 0, '2012-02-15', 1, ''),
(153, 31, 1, '2012-02-15', 0, ''),
(154, 20, 0, '2012-02-15', 1, ''),
(155, 36, 1, '2012-02-15', 0, ''),
(156, 33, 1, '2012-02-15', 0, ''),
(157, 25, 1, '2012-02-22', 0, ''),
(158, 24, 1, '2012-02-22', 0, ''),
(159, 26, 0, '2012-02-22', 1, ''),
(160, 27, 0, '2012-02-22', 1, ''),
(161, 34, 1, '2012-02-22', 0, ''),
(162, 29, 0, '2012-02-22', 1, ''),
(163, 30, 0, '2012-02-22', 1, ''),
(164, 22, 1, '2012-02-22', 0, ''),
(165, 21, 1, '2012-02-22', 0, ''),
(166, 32, 0, '2012-02-22', 1, ''),
(167, 35, 1, '2012-02-22', 0, ''),
(168, 23, 1, '2012-02-22', 0, ''),
(169, 28, 1, '2012-02-22', 0, ''),
(170, 37, 1, '2012-02-22', 0, ''),
(171, 31, 0, '2012-02-22', 1, ''),
(172, 20, 0, '2012-02-22', 1, ''),
(173, 36, 0, '2012-02-22', 1, ''),
(174, 33, 0, '2012-02-22', 1, ''),
(175, 25, 0, '2012-02-29', 1, ''),
(176, 24, 0, '2012-02-29', 1, ''),
(177, 26, 0, '2012-02-29', 1, ''),
(178, 27, 0, '2012-02-29', 1, ''),
(179, 34, 1, '2012-02-29', 0, ''),
(180, 29, 0, '2012-02-29', 1, ''),
(181, 30, 1, '2012-02-29', 0, ''),
(182, 22, 1, '2012-02-29', 0, 'Permission he not well today'),
(183, 21, 0, '2012-02-29', 1, ''),
(184, 32, 1, '2012-02-29', 0, ''),
(185, 35, 1, '2012-02-29', 0, ''),
(186, 23, 1, '2012-02-29', 0, ''),
(187, 28, 1, '2012-02-29', 0, ''),
(188, 37, 0, '2012-02-29', 1, ''),
(189, 31, 0, '2012-02-29', 1, ''),
(190, 20, 0, '2012-02-29', 1, ''),
(191, 36, 0, '2012-02-29', 1, ''),
(192, 33, 0, '2012-02-29', 1, ''),
(193, 17, 1, '2012-05-23', 0, 'She leave from school'),
(194, 10, 0, '2012-05-23', 1, ''),
(195, 18, 0, '2012-05-23', 1, ''),
(196, 13, 0, '2012-05-23', 1, ''),
(197, 7, 0, '2012-05-23', 1, ''),
(198, 8, 0, '2012-05-23', 1, ''),
(199, 4, 0, '2012-05-23', 1, ''),
(200, 16, 0, '2012-05-23', 1, ''),
(201, 12, 0, '2012-05-23', 1, ''),
(202, 15, 0, '2012-05-23', 1, ''),
(203, 11, 0, '2012-05-23', 1, ''),
(204, 5, 0, '2012-05-23', 1, ''),
(205, 6, 0, '2012-05-23', 1, ''),
(206, 14, 0, '2012-05-23', 1, ''),
(207, 3, 0, '2012-05-23', 1, ''),
(208, 9, 0, '2012-05-23', 1, ''),
(209, 19, 0, '2012-05-23', 1, ''),
(210, 43, 0, '2012-05-30', 1, ''),
(211, 42, 0, '2012-05-30', 1, ''),
(212, 41, 0, '2012-05-30', 1, ''),
(213, 46, 1, '2012-05-30', 0, ''),
(214, 45, 0, '2012-05-30', 1, ''),
(215, 38, 0, '2012-05-30', 1, ''),
(216, 44, 0, '2012-05-30', 1, ''),
(217, 50, 1, '2012-05-30', 0, ''),
(218, 1, 0, '2012-05-30', 1, ''),
(219, 2, 0, '2012-05-30', 1, ''),
(220, 54, 0, '2012-05-30', 1, ''),
(221, 56, 0, '2012-05-30', 1, ''),
(222, 58, 1, '2012-05-30', 0, ''),
(223, 48, 0, '2012-05-30', 1, ''),
(224, 51, 0, '2012-05-30', 1, ''),
(225, 49, 0, '2012-05-30', 1, ''),
(226, 39, 0, '2012-05-30', 1, ''),
(227, 55, 1, '2012-05-30', 0, ''),
(228, 52, 0, '2012-05-30', 1, ''),
(229, 57, 1, '2012-05-30', 0, ''),
(230, 53, 0, '2012-05-30', 1, ''),
(231, 40, 0, '2012-05-30', 1, ''),
(232, 47, 1, '2012-05-30', 0, ''),
(233, 17, 1, '2012-05-30', 0, ''),
(234, 10, 0, '2012-05-30', 1, ''),
(235, 18, 0, '2012-05-30', 1, ''),
(236, 13, 1, '2012-05-30', 0, ''),
(237, 7, 0, '2012-05-30', 1, ''),
(238, 8, 0, '2012-05-30', 1, ''),
(239, 4, 0, '2012-05-30', 1, ''),
(240, 16, 0, '2012-05-30', 1, ''),
(241, 12, 0, '2012-05-30', 1, ''),
(242, 15, 0, '2012-05-30', 1, ''),
(243, 11, 0, '2012-05-30', 1, ''),
(244, 5, 0, '2012-05-30', 1, ''),
(245, 6, 0, '2012-05-30', 1, ''),
(246, 14, 0, '2012-05-30', 1, ''),
(247, 3, 1, '2012-05-30', 0, ''),
(248, 9, 0, '2012-05-30', 1, ''),
(249, 19, 0, '2012-05-30', 1, ''),
(250, 43, 0, '2012-06-06', 1, ''),
(251, 42, 0, '2012-06-06', 1, ''),
(252, 41, 0, '2012-06-06', 1, ''),
(253, 46, 1, '2012-06-06', 0, ''),
(254, 45, 0, '2012-06-06', 1, ''),
(255, 38, 1, '2012-06-06', 0, ''),
(256, 44, 0, '2012-06-06', 1, ''),
(257, 50, 1, '2012-06-06', 0, ''),
(258, 1, 0, '2012-06-06', 1, ''),
(259, 2, 0, '2012-06-06', 1, ''),
(260, 54, 0, '2012-06-06', 1, ''),
(261, 56, 0, '2012-06-06', 1, ''),
(262, 58, 1, '2012-06-06', 0, ''),
(263, 48, 0, '2012-06-06', 1, ''),
(264, 51, 0, '2012-06-06', 1, ''),
(265, 49, 0, '2012-06-06', 1, ''),
(266, 39, 1, '2012-06-06', 0, ''),
(267, 55, 0, '2012-06-06', 1, ''),
(268, 52, 0, '2012-06-06', 1, ''),
(269, 57, 0, '2012-06-06', 1, ''),
(270, 53, 0, '2012-06-06', 1, ''),
(271, 40, 0, '2012-06-06', 1, ''),
(272, 47, 0, '2012-06-06', 1, ''),
(273, 17, 1, '2012-06-06', 0, ''),
(274, 10, 0, '2012-06-06', 1, ''),
(275, 18, 0, '2012-06-06', 1, ''),
(276, 13, 1, '2012-06-06', 0, ''),
(277, 7, 0, '2012-06-06', 1, ''),
(278, 8, 0, '2012-06-06', 1, ''),
(279, 4, 0, '2012-06-06', 1, ''),
(280, 16, 0, '2012-06-06', 1, ''),
(281, 12, 0, '2012-06-06', 1, ''),
(282, 15, 0, '2012-06-06', 1, ''),
(283, 11, 1, '2012-06-06', 0, ''),
(284, 5, 0, '2012-06-06', 1, ''),
(285, 6, 0, '2012-06-06', 1, ''),
(286, 14, 0, '2012-06-06', 1, ''),
(287, 3, 0, '2012-06-06', 1, ''),
(288, 9, 1, '2012-06-06', 0, ''),
(289, 19, 0, '2012-06-06', 1, ''),
(290, 10, 0, '2012-06-13', 1, ''),
(291, 18, 0, '2012-06-13', 1, ''),
(292, 13, 0, '2012-06-13', 1, ''),
(293, 7, 0, '2012-06-13', 1, ''),
(294, 8, 0, '2012-06-13', 1, ''),
(295, 4, 0, '2012-06-13', 1, ''),
(296, 16, 0, '2012-06-13', 1, ''),
(297, 12, 0, '2012-06-13', 1, ''),
(298, 15, 0, '2012-06-13', 1, ''),
(299, 11, 0, '2012-06-13', 1, ''),
(300, 5, 0, '2012-06-13', 1, ''),
(301, 6, 0, '2012-06-13', 1, ''),
(302, 14, 0, '2012-06-13', 1, ''),
(303, 3, 0, '2012-06-13', 1, ''),
(304, 9, 0, '2012-06-13', 1, ''),
(305, 19, 0, '2012-06-13', 1, ''),
(306, 43, 0, '2012-06-13', 1, ''),
(307, 42, 0, '2012-06-13', 1, ''),
(308, 41, 0, '2012-06-13', 1, ''),
(309, 46, 1, '2012-06-13', 0, ''),
(310, 45, 1, '2012-06-13', 0, ''),
(311, 38, 1, '2012-06-13', 0, ''),
(312, 44, 0, '2012-06-13', 1, ''),
(313, 50, 0, '2012-06-13', 1, ''),
(314, 1, 0, '2012-06-13', 1, ''),
(315, 2, 0, '2012-06-13', 1, ''),
(316, 54, 0, '2012-06-13', 1, ''),
(317, 56, 0, '2012-06-13', 1, ''),
(318, 48, 0, '2012-06-13', 1, ''),
(319, 51, 0, '2012-06-13', 1, ''),
(320, 49, 0, '2012-06-13', 1, ''),
(321, 39, 0, '2012-06-13', 1, ''),
(322, 55, 1, '2012-06-13', 0, ''),
(323, 52, 0, '2012-06-13', 1, ''),
(324, 57, 0, '2012-06-13', 1, ''),
(325, 53, 0, '2012-06-13', 1, ''),
(326, 40, 0, '2012-06-13', 1, ''),
(327, 47, 0, '2012-06-13', 1, '');

-- --------------------------------------------------------

--
-- Table structure for table `tbl_classes`
--

CREATE TABLE IF NOT EXISTS `tbl_classes` (
  `cla_id` int(11) NOT NULL AUTO_INCREMENT,
  `cla_name` varchar(250) NOT NULL,
  `cla_student_number` int(11) NOT NULL,
  `cla_time` varchar(50) NOT NULL,
  `cla_description` text NOT NULL,
  `cla_age_leval` varchar(20) NOT NULL,
  `cla_gen_id` int(11) NOT NULL,
  `cla_status` int(11) NOT NULL DEFAULT '1',
  PRIMARY KEY (`cla_id`)
) ENGINE=InnoDB  DEFAULT CHARSET=utf8 AUTO_INCREMENT=17 ;

--
-- Dumping data for table `tbl_classes`
--

INSERT INTO `tbl_classes` (`cla_id`, `cla_name`, `cla_student_number`, `cla_time`, `cla_description`, `cla_age_leval`, `cla_gen_id`, `cla_status`) VALUES
(1, 'ISF 3C', 0, '03:04-04:05', '', '18', 1, 1),
(2, 'ISF 4B', 0, '03:04', '', '9-13', 1, 1),
(3, 'ISF 1D', 0, '04:00-5:00', '', '6', 1, 1),
(4, 'ISF 1E', 0, '00:00:00', '', '6', 1, 1),
(5, 'ISF 2F', 0, '04:00-5:00', '', '8', 1, 1),
(6, 'AZAHAR A', 0, '00:00:02', '', '14', 1, 1),
(7, 'AZAHAR B', 0, '00:00:03', '', '16', 1, 1),
(8, 'PN.A', 0, '04:00-5:00', '', '18-22', 1, 1),
(9, 'CKF', 0, '08:00-09:00', '', '12 13', 1, 1),
(10, 'AZIZA school C', 0, '08:00-09:00', '', '9-11', 1, 1),
(11, 'AZIZA school A', 0, '5:30-6:30', '', '10-15', 1, 1),
(12, 'AZIZA school B', 0, '6:30-7:30', '', '18-25', 1, 1),
(13, 'AZIZA school D', 0, '3:00-4:00', '', '10-20', 1, 1),
(14, 'T.G', 0, '1:30-2:30', '', '18-25', 1, 1),
(15, 'PN.B', 0, '3:00-4:00', '', '18-22', 1, 1),
(16, 'PN.C', 0, '3:00-4:00', '', '18-22', 1, 1);

-- --------------------------------------------------------

--
-- Table structure for table `tbl_concerns`
--

CREATE TABLE IF NOT EXISTS `tbl_concerns` (
  `con_id` int(11) NOT NULL AUTO_INCREMENT,
  `con_stu_id` int(11) NOT NULL,
  `con_unfocused` varchar(250) NOT NULL,
  `con_disruptive` varchar(250) NOT NULL,
  `con_withdrawn` varchar(250) NOT NULL,
  `con_improved` varchar(250) NOT NULL,
  `con_other_comment` text NOT NULL,
  PRIMARY KEY (`con_id`)
) ENGINE=InnoDB DEFAULT CHARSET=utf8 AUTO_INCREMENT=1 ;

--
-- Dumping data for table `tbl_concerns`
--


-- --------------------------------------------------------

--
-- Table structure for table `tbl_generations`
--

CREATE TABLE IF NOT EXISTS `tbl_generations` (
  `gen_id` int(11) NOT NULL AUTO_INCREMENT,
  `gen_year` varchar(20) NOT NULL,
  `gen_description` text NOT NULL,
  `gen_status` tinyint(4) NOT NULL DEFAULT '1',
  PRIMARY KEY (`gen_id`)
) ENGINE=InnoDB  DEFAULT CHARSET=utf8 AUTO_INCREMENT=4 ;

--
-- Dumping data for table `tbl_generations`
--

INSERT INTO `tbl_generations` (`gen_id`, `gen_year`, `gen_description`, `gen_status`) VALUES
(1, 'Yoga 2012', '', 1),
(2, 'test', '', 0),
(3, 'Yoga 2013', '', 1);

-- --------------------------------------------------------

--
-- Table structure for table `tbl_ngos`
--

CREATE TABLE IF NOT EXISTS `tbl_ngos` (
  `ngo_id` int(11) NOT NULL AUTO_INCREMENT,
  `ngo_name` varchar(250) NOT NULL,
  `ngo_address` text NOT NULL,
  `ngo_contact_person` varchar(250) NOT NULL,
  `ngo_url` varchar(250) NOT NULL,
  `ngo_email` varchar(250) NOT NULL,
  `ngo_description` text NOT NULL,
  `ngo_status` int(11) NOT NULL DEFAULT '1',
  `ngo_sdate` date NOT NULL,
  `ngo_edate` date NOT NULL,
  PRIMARY KEY (`ngo_id`)
) ENGINE=InnoDB  DEFAULT CHARSET=utf8 AUTO_INCREMENT=9 ;

--
-- Dumping data for table `tbl_ngos`
--

INSERT INTO `tbl_ngos` (`ngo_id`, `ngo_name`, `ngo_address`, `ngo_contact_person`, `ngo_url`, `ngo_email`, `ngo_description`, `ngo_status`, `ngo_sdate`, `ngo_edate`) VALUES
(1, 'PN', '#55 street 271', 'Sochy choeun', '', 'pn@pas.com', '', 1, '0000-00-00', '0000-00-00'),
(2, 'AZIZA School', '#9A, Street 370, BBK1, PP', '097 889 788 9', '', 'sotheasky@yahoo.com', '', 1, '0000-00-00', '0000-00-00'),
(3, 'ISF', '#52; street 77; BTP; PP', '012 500 375', '', 'kong_seiha001@yahoo.com', '', 1, '0000-00-00', '0000-00-00'),
(4, 'Riverkids Foudation', '#1882 Bis; st. 60; TSK; PP', '092 826 056', '', 'chhunsrun.cambodiaymca@gmail.com', '', 1, '0000-00-00', '0000-00-00'),
(5, 'CKF', '#06; st. 514; Psa Dermtkov; PP', '012 950 767', '', 'putsetmanagement@gmail.com', '', 1, '0000-00-00', '0000-00-00'),
(6, 'Transition Global', 'no', 'Ms. Sola', '092187073', 'sola@trasiitionglobal.org', '', 0, '0000-00-00', '0000-00-00'),
(7, 'AZAHAR', 'no', '090 311 341', '', 'lunpiseth@gmail.com', '', 1, '0000-00-00', '0000-00-00'),
(8, 'T.G', 'no', 'no', 'no', 'longsola@trainsitionsglobal.org', '', 1, '0000-00-00', '0000-00-00');

-- --------------------------------------------------------

--
-- Table structure for table `tbl_scores`
--

CREATE TABLE IF NOT EXISTS `tbl_scores` (
  `sco_id` int(11) NOT NULL AUTO_INCREMENT,
  `sco_stu_id` int(11) NOT NULL,
  `sco_effort` double NOT NULL,
  `sco_pe` double NOT NULL,
  `sco_progress` double NOT NULL,
  `sco_unfocused` int(1) NOT NULL,
  `sco_discruptive` int(1) NOT NULL,
  `sco_withdrawn` int(1) NOT NULL,
  `sco_improve` int(1) NOT NULL,
  `sco_comment` varchar(500) NOT NULL,
  `sco_ter_id` int(11) NOT NULL,
  PRIMARY KEY (`sco_id`)
) ENGINE=InnoDB  DEFAULT CHARSET=utf8 AUTO_INCREMENT=67 ;

--
-- Dumping data for table `tbl_scores`
--

INSERT INTO `tbl_scores` (`sco_id`, `sco_stu_id`, `sco_effort`, `sco_pe`, `sco_progress`, `sco_unfocused`, `sco_discruptive`, `sco_withdrawn`, `sco_improve`, `sco_comment`, `sco_ter_id`) VALUES
(1, 47, 10, 9, 9, 0, 0, 1, 1, 'Very good student, keep going on', 1),
(2, 40, 0, 0, 0, 1, 1, 1, 1, '', 1),
(3, 53, 0, 0, 0, 1, 1, 1, 1, '', 1),
(4, 57, 0, 0, 0, 1, 1, 1, 1, '', 1),
(5, 52, 0, 0, 0, 1, 1, 1, 1, '', 1),
(6, 55, 0, 0, 0, 1, 1, 1, 1, '', 1),
(7, 39, 0, 0, 0, 1, 1, 1, 1, '', 1),
(8, 49, 0, 0, 0, 1, 1, 1, 1, '', 1),
(9, 51, 0, 0, 0, 1, 1, 1, 1, '', 1),
(10, 48, 0, 0, 0, 1, 1, 1, 1, '', 1),
(11, 58, 0, 0, 0, 1, 1, 1, 1, '', 1),
(12, 54, 0, 0, 0, 1, 1, 1, 1, '', 1),
(13, 56, 0, 0, 0, 1, 1, 1, 1, '', 1),
(14, 2, 0, 0, 0, 1, 1, 1, 1, '', 1),
(15, 1, 0, 0, 0, 1, 1, 1, 1, '', 1),
(16, 50, 0, 0, 0, 1, 1, 1, 1, '', 1),
(17, 44, 0, 0, 0, 1, 1, 1, 1, '', 1),
(18, 38, 0, 0, 0, 1, 0, 0, 0, '', 1),
(19, 45, 0, 0, 0, 1, 0, 0, 0, '', 1),
(20, 46, 0, 0, 0, 0, 0, 0, 0, '', 1),
(21, 41, 0, 0, 0, 0, 0, 0, 0, '', 1),
(22, 42, 0, 0, 0, 0, 0, 0, 0, '', 1),
(23, 43, 0, 0, 0, 0, 0, 0, 0, '', 1),
(50, 108, 0, 0, 0, 0, 1, 0, 1, '', 1),
(51, 3, 7, 6, 5, 1, 0, 1, 0, '', 1),
(52, 4, 4, 3, 3, 1, 0, 1, 0, '', 1),
(53, 5, 2, 3, 2, 1, 1, 1, 0, 'He has very low energy and has difficulty  in participate.', 1),
(54, 6, 7, 8, 9, 0, 0, 0, 1, 'She is good at every things but a bit shy in some posture.', 1),
(55, 7, 2, 2, 1, 1, 1, 1, 0, 'She has very high energy but not engage.', 1),
(56, 8, 7, 6, 7, 0, 0, 0, 1, '', 1),
(57, 9, 4, 5, 3, 1, 1, 0, 0, '', 1),
(58, 10, 4, 5, 3, 0, 1, 0, 0, '', 1),
(59, 11, 5, 6, 4, 1, 0, 0, 1, '', 1),
(60, 12, 8, 7, 8, 0, 0, 0, 1, 'She is a good student. she like new postures.', 1),
(61, 13, 7, 6, 7, 0, 0, 0, 1, 'When he motivated he is the best student in class.', 1),
(62, 14, 3, 4, 2, 1, 0, 1, 0, '', 1),
(63, 15, 4, 5, 3, 1, 0, 1, 1, '', 1),
(64, 16, 7, 6, 8, 0, 1, 0, 1, '', 1),
(65, 18, 5, 6, 4, 1, 0, 0, 1, '', 1),
(66, 19, 6, 7, 7, 0, 0, 0, 1, '', 1);

-- --------------------------------------------------------

--
-- Table structure for table `tbl_students`
--

CREATE TABLE IF NOT EXISTS `tbl_students` (
  `stu_id` int(11) NOT NULL AUTO_INCREMENT,
  `stu_khmer_name` varchar(250) NOT NULL,
  `stu_first_name` varchar(250) NOT NULL,
  `stu_last_name` varchar(250) NOT NULL,
  `stu_photo` varchar(250) NOT NULL DEFAULT 'default.png',
  `stu_sex` varchar(10) NOT NULL,
  `stu_dob` date NOT NULL,
  `stu_age` int(11) NOT NULL,
  `stu_ngo_id` int(11) NOT NULL,
  `stu_status` int(11) NOT NULL DEFAULT '1',
  `stu_cla_id` int(11) NOT NULL DEFAULT '0',
  PRIMARY KEY (`stu_id`)
) ENGINE=InnoDB  DEFAULT CHARSET=utf8 AUTO_INCREMENT=296 ;

--
-- Dumping data for table `tbl_students`
--

INSERT INTO `tbl_students` (`stu_id`, `stu_khmer_name`, `stu_first_name`, `stu_last_name`, `stu_photo`, `stu_sex`, `stu_dob`, `stu_age`, `stu_ngo_id`, `stu_status`, `stu_cla_id`) VALUES
(1, '????', 'ou', 'sophea', 'IMG_2603.JPG', 'Male', '2000-03-08', 22, 1, 1, 1),
(2, '???????', 'Phan Mai', '?', 'Delphin.jpeg', 'Female', '2012-09-20', 12, 1, 1, 1),
(3, 'យុទ្ឋ ស្រីណាង', 'Sreynang', 'Yuth', 'default.png', 'Female', '2000-09-20', 12, 3, 1, 2),
(4, 'គឿង រច្ចនា', 'Rachana', 'Keourng', 'default.png', 'Female', '1998-04-19', 14, 3, 1, 2),
(5, 'កន សុផល', 'Sophal', 'Korn', 'default.png', 'Male', '2001-10-15', 11, 3, 1, 2),
(6, 'សំណាង សុភ័ក្រ្ត', 'Sopheak', 'Samnang', 'default.png', 'Female', '1998-10-02', 14, 3, 1, 2),
(7, 'ម៉ោង ផាន្នី', 'Phany', 'Morng', 'default.png', 'Female', '2000-10-02', 12, 3, 1, 2),
(8, 'គឹម ផលរ៉ាដា', 'Porlrada', 'Kem', 'default.png', 'Male', '2002-09-03', 10, 3, 1, 2),
(9, 'វ៉ាន់ តុលា', 'Tola', 'Van', 'default.png', 'Male', '2002-02-03', 10, 3, 1, 2),
(10, 'ហូត លីហួ', 'Lyhuo', 'Hot', 'default.png', 'Male', '2001-06-15', 11, 3, 1, 2),
(11, 'សឹម សីម៉េង', 'Simeng', 'Sim', 'default.png', 'Male', '1999-02-15', 13, 3, 1, 2),
(12, 'នី រតី្ត', 'Roitry', 'Ny', 'default.png', 'Female', '2002-08-17', 10, 3, 1, 2),
(13, 'ឡាយ ម៉េងលាភ', 'Meng Leap', 'Lay', 'default.png', 'Male', '0000-00-00', 11, 3, 1, 2),
(14, 'សាន ស្រីលួន', 'Srey Luon', 'San', 'default.png', 'Female', '2003-10-25', 9, 3, 1, 2),
(15, 'សាន សេងហៀង', 'Seng Heang', 'San', 'default.png', 'Male', '2001-09-28', 11, 3, 1, 2),
(16, 'ញ៉ែម រតនា', 'Ratana', 'Gnem', 'default.png', 'Female', '2000-12-05', 13, 3, 1, 2),
(17, 'ផាត់ កញ្ញា', 'Kanha', 'Phat', 'default.png', 'Female', '2000-04-03', 12, 3, 0, 2),
(18, 'លូវ ម៉ារា', 'Mara', 'Lov', 'default.png', 'Male', '2000-04-13', 12, 3, 1, 2),
(19, 'ពៅ ទ្រី', 'Try', 'Pov', 'default.png', 'Female', '2001-03-03', 11, 3, 1, 2),
(20, 'សន វ៉ាន់នី', 'Vanny', 'Sorn', 'default.png', 'Female', '0000-00-00', 10, 3, 1, 5),
(21, 'ខន រស្មី', 'Raksmey', 'Korn', 'default.png', 'Female', '2001-02-02', 11, 3, 1, 5),
(22, 'ពីង ពួង', 'Poung', 'Ping', 'default.png', 'Male', '2001-02-24', 11, 3, 1, 5),
(23, 'សល់ ស្គីន', 'Skin', 'Sorl', 'default.png', 'Male', '2001-04-11', 11, 3, 1, 5),
(24, 'ផល តារា', 'Dara', 'Phal', 'default.png', 'Male', '2001-04-20', 11, 3, 1, 5),
(25, 'ណា ឆានុន', 'Chanon', 'Na', 'default.png', 'Male', '2001-04-07', 11, 3, 1, 5),
(26, 'ម៉េន ដេត', 'Deth', 'Men', 'default.png', 'Male', '2001-03-07', 11, 3, 1, 5),
(27, 'ឌី ហ៊ន', 'Horn', 'Dy', 'default.png', 'Female', '2001-06-05', 11, 3, 1, 5),
(28, 'ហេង សុបិន', 'So Bin', 'Heng', 'default.png', 'Male', '1999-07-20', 13, 3, 1, 5),
(29, 'ញី ម៉ានាដ', 'Maneath', 'Khey', 'default.png', 'Female', '1999-06-24', 13, 3, 1, 5),
(30, 'ណុង ភារះ', 'Phearak', 'Nong', 'default.png', 'Male', '2001-06-01', 11, 3, 1, 5),
(31, 'ញឹម វណ្ណណេ្ណត', 'Vanneth', 'Nheom', 'default.png', 'Male', '2003-06-05', 9, 3, 1, 5),
(32, 'គ្រី រតនា', 'Ratana', 'Kry', 'default.png', 'Male', '2000-09-20', 12, 3, 1, 5),
(33, 'ឃុយ វិរះ', 'Virak', 'Khuy', 'default.png', 'Male', '2003-04-24', 9, 3, 1, 5),
(34, 'ដាន កូនីត', 'Konich', 'Dan', 'default.png', 'Male', '2002-09-11', 10, 3, 1, 5),
(35, 'សំ រិទ្ថី', 'Rithy', 'Sam', 'default.png', 'Male', '2003-06-24', 9, 3, 1, 5),
(36, 'ញ៉ែម វឌ្ឍនា', 'Vatana', 'Gnem', 'default.png', 'Male', '0000-00-00', 11, 3, 1, 5),
(37, 'ណាង វណ្ណះ', 'Vannak', 'Nang', 'default.png', 'Male', '2000-02-12', 12, 3, 1, 5),
(38, 'វីន លីណា', 'Lina', 'Vin', 'default.png', 'Female', '1998-03-04', 14, 3, 1, 1),
(39, 'ខាំ រិន', 'Rin', 'Kham', 'default.png', 'Female', '1998-11-27', 14, 3, 1, 1),
(40, 'លៃ​​ ធីប', 'Thip', 'Lei', 'default.png', 'Female', '0000-00-00', 12, 3, 1, 1),
(41, 'ប៉ឹង ខ្វាន់', 'Khvann', 'Peung', 'default.png', 'Male', '1999-07-05', 13, 3, 1, 1),
(42, 'គីម ខាវ', 'Khav', 'Kim', 'default.png', 'Male', '1998-10-21', 14, 3, 1, 1),
(43, 'គឿង ឆៃនុន', 'Chhailynon', 'Keourng', 'default.png', 'Male', '2001-10-08', 11, 3, 1, 1),
(44, 'នូ លីហាប់', 'Lyhap', 'Nu', 'default.png', 'Male', '1999-09-01', 13, 3, 1, 1),
(45, 'ញ៉ លក្ខិណា', 'Leakhena', 'Gnor', 'default.png', 'Female', '1998-06-01', 14, 3, 1, 1),
(46, 'ថា ឡេ', 'Le', 'Tha', 'default.png', 'Male', '2000-05-12', 12, 3, 1, 1),
(47, 'ថា វិសិដ្ឋ', 'Viseth', 'Tha', 'default.png', 'Male', '1988-11-08', 14, 3, 1, 1),
(48, 'កូយ រ៉ាភី', 'Raphy', 'Koy', 'default.png', 'Male', '1999-02-21', 13, 3, 1, 1),
(49, 'រឿន រ៉ាវី', 'Ravy', 'Reourn', 'default.png', 'Male', '2001-02-15', 11, 3, 1, 1),
(50, 'ថុន នីម', 'Nim', 'Thon', 'default.png', 'Male', '1999-08-04', 14, 3, 1, 1),
(51, 'យិន រ៉ាវិន', 'Ravin', 'Yin', 'default.png', 'Male', '0000-00-00', 11, 3, 1, 1),
(52, 'ប៉ិន ស្រីណា', 'Sreyna', 'Penn', 'default.png', 'Female', '2001-03-11', 11, 3, 1, 1),
(53, 'សំ ធានី', 'Theany', 'Aam', 'default.png', 'Male', '1998-10-01', 14, 3, 1, 1),
(54, 'ជួង ភីរក្ស', 'Phirak', 'Chuong', 'default.png', 'Male', '1998-04-13', 14, 3, 1, 1),
(55, 'តេង សុគា', 'Sokea', 'Teng', 'default.png', 'Female', '1999-07-06', 14, 3, 1, 1),
(56, 'ម៉េន ភ័ក្ក', 'Phirak', 'Men', 'default.png', 'Male', '1999-09-08', 14, 3, 1, 1),
(57, 'សំណាង ស្រីភ័ស', 'Sreyphors', 'Samnang', 'default.png', 'Female', '2003-12-04', 9, 3, 1, 1),
(58, 'ប្រុស រស្ឆី', 'Raksmey', 'Prosh', 'default.png', 'Female', '2001-12-13', 11, 3, 0, 1),
(59, 'រុំ ជូរី', 'Chury', 'Rom', 'default.png', 'Male', '2001-03-06', 11, 3, 1, 4),
(60, 'វិន ណារ៉ាកកវិ', 'Narakavei', 'Vin', 'default.png', 'Male', '2004-11-17', 8, 3, 1, 4),
(61, 'ហូត គឹមលាង', 'Kemleang', 'Hot', 'default.png', 'Female', '2004-09-14', 8, 3, 1, 4),
(62, 'ប្រាក់ លីយន់', 'Lyna', 'Prak', 'default.png', 'Female', '2004-04-22', 8, 3, 1, 4),
(63, 'តក់ ស្រីយន់', 'Sreyonn', 'Tork', 'default.png', 'Female', '2004-09-07', 8, 3, 1, 4),
(64, 'យ៉ាត សុជីតា', 'Sochyta', 'Yeat', 'default.png', 'Female', '2003-11-30', 8, 3, 1, 4),
(65, 'ពោន លីណា', 'Lina', 'Paun', 'default.png', 'Female', '2003-05-14', 9, 3, 1, 4),
(66, 'យ៉ាន វាសនា', 'Veasna', 'Yann', 'default.png', 'Male', '2003-12-12', 9, 3, 1, 4),
(67, 'ឃុយ ភារម្យ', 'Phearum', 'Khuy', 'default.png', 'Male', '2004-06-18', 8, 3, 1, 4),
(68, 'លី វិសាល', 'Visal', 'Ly', 'default.png', 'Male', '0000-00-00', 9, 3, 1, 4),
(69, 'មឿន លីអេង', 'Lyeng', 'Meourn', 'default.png', 'Male', '2003-03-24', 9, 3, 1, 4),
(70, 'សយ ស្រីណែត', 'Sreynath', 'Soy', 'default.png', 'Female', '2004-07-03', 8, 3, 1, 4),
(71, 'ហាច ស៊ាងហួរ', 'Seang Huo', 'Hach', 'default.png', 'Male', '0000-00-00', 9, 1, 1, 4),
(72, 'ផានរី្ លីឆាយហ្វង', 'Lychay Hvong', 'Phanri', 'default.png', 'Female', '2003-02-08', 9, 3, 1, 4),
(73, 'ជឿន ស្រីលាភ', 'Sreyleap', 'Cheoun', 'default.png', 'Female', '0000-00-00', 8, 1, 1, 4),
(74, 'ឡយ វ៉ាត', 'Vat', 'Loy', 'default.png', 'Male', '2004-09-21', 8, 3, 1, 4),
(75, 'ម៉េត សោភ័ណ្ដ', 'Saphorn', 'Samet', 'default.png', 'Female', '2003-08-28', 9, 3, 1, 4),
(76, 'ខន ស្រីនាង', 'Sreyneang', 'Khorn', 'default.png', 'Female', '2003-03-28', 9, 3, 1, 4),
(77, 'ហៀង សុវណ្ណរស្មី', 'Sovanrakmey', 'Heang', 'default.png', 'Female', '0000-00-00', 8, 3, 1, 4),
(78, 'សាន ស្រីណុច', 'Srey Much', 'San', 'default.png', 'Female', '2004-06-26', 8, 3, 1, 4),
(79, 'យុទ្ធ ប្រុសពេជ្រ', 'Pros Pich', 'Yut', 'default.png', 'Male', '2003-08-03', 9, 3, 1, 4),
(80, 'ដន ស្រីនែត', 'Sreyneth', 'Dorn', 'default.png', 'Female', '0000-00-00', 9, 3, 1, 4),
(81, 'ដឿន ឧត្តម', 'Oudom', 'Doeurn', 'default.png', 'Male', '1999-08-05', 13, 3, 1, 3),
(82, 'ហួន ភា', 'Pon', 'Huon', 'default.png', 'Male', '2001-08-06', 11, 3, 1, 3),
(83, 'ម៉ៃ ភា', 'Phea', 'Mai', 'default.png', 'Male', '2001-03-03', 11, 3, 1, 3),
(84, 'ប៊ុត ស្រីនីត', 'Sreynith', 'But', 'default.png', 'Male', '2001-11-03', 11, 3, 1, 3),
(85, 'ផុន ភាក់', 'Pheak', 'Phon', 'default.png', 'Male', '2001-02-17', 11, 3, 1, 3),
(86, 'រ៉េន្ត សំភស្ស័', 'Samphos', 'Ren', 'default.png', 'Male', '2001-11-27', 11, 3, 1, 3),
(87, 'ដឿន រដ្ដនា', 'Ratana', 'Doeurn', 'default.png', 'Female', '2001-03-03', 11, 3, 1, 3),
(88, 'ព្រឿង ម៉ាលីស', 'Malis', 'Proeurng', 'default.png', 'Female', '2001-07-10', 11, 3, 1, 3),
(89, 'គង់ ស្រីនីត', 'Sreynith', 'Kong', 'default.png', 'Female', '2003-06-23', 9, 3, 1, 3),
(90, 'ណុង សុខជា', 'Sokchea', 'Nong', 'default.png', 'Female', '2002-12-12', 10, 3, 1, 3),
(91, 'សែម ចាន់ណា', 'Channa', 'Sem', 'default.png', 'Male', '2002-09-15', 10, 3, 1, 3),
(92, 'ហ៊ាង គឹមហុង', 'Kem Hong', 'Heang', 'default.png', 'Female', '2003-05-23', 9, 3, 1, 3),
(93, 'ញី មករា', 'Makara', 'Nhi', 'default.png', 'Male', '2002-06-26', 10, 3, 1, 3),
(94, 'អូន ស្រីតូច', 'Srey Toch', 'Oun', 'default.png', 'Female', '2002-07-03', 10, 3, 1, 3),
(95, 'តុន គីមហួយ', 'Kemhuoy', 'Ton', 'default.png', 'Female', '2001-07-03', 12, 3, 1, 3),
(96, 'ឈឺន សុខា', 'Sokha', 'Chheourn', 'default.png', 'Male', '2003-11-01', 9, 3, 1, 3),
(97, 'យិន ស្រីវី', 'Sreyvi', 'Yin', 'default.png', 'Female', '0000-00-00', 9, 3, 1, 3),
(98, 'ម៉ាន់ សារឿន', 'Sareourn', 'Mann', 'default.png', 'Male', '2000-04-08', 12, 3, 1, 3),
(99, 'កន សុខណាន', 'Soknan', 'Korn', 'default.png', 'Female', '2004-02-05', 8, 3, 1, 3),
(100, 'ថា ដា', 'Da', 'Tha', 'default.png', 'Male', '2000-10-05', 12, 3, 1, 3),
(101, 'វុន សាលឿន', 'Saleourn', 'Vun', 'default.png', 'Female', '1999-10-15', 13, 3, 1, 3),
(102, 'អេង សុខឈីង', 'Sok Ching', 'Eng', 'default.png', 'Male', '2001-02-08', 11, 3, 1, 3),
(103, 'អូន ស្រីនាង', 'Sreyneang', 'Oun', 'default.png', 'Female', '2001-12-07', 13, 3, 1, 3),
(104, 'រឿង សុធា', 'Sothea', 'Reourng', 'default.png', 'Male', '2001-11-12', 11, 3, 1, 3),
(105, 'ណាង វណេ្ណត', 'Vanneth', 'Nang', 'default.png', 'Female', '0000-00-00', 9, 3, 1, 3),
(106, 'សុខ សោភា', 'Sorphea', 'Sok', 'default.png', 'Female', '2003-07-12', 9, 3, 1, 3),
(107, 'ដន រុង', 'Rong', 'Dorn', 'default.png', 'Male', '0000-00-00', 9, 3, 1, 3),
(108, 'ពិន សុផា', 'Sopha', 'Pin', 'default.png', 'Female', '0000-00-00', 14, 5, 1, 9),
(109, 'ហាច ស៊ាងហួរ', 'Seang Huo', 'Hach', 'default.png', 'Male', '2003-12-11', 9, 3, 1, 4),
(110, 'ជឿន ស្រីលាភ', 'Sreyleap', 'Cheoun', 'default.png', 'Female', '2004-08-26', 8, 3, 1, 4),
(111, 'យិន ស្រីវី', 'Sreyvi', 'Yin', 'default.png', 'Female', '0000-00-00', 9, 3, 1, 3),
(112, 'ណាង វណេ្ណត', 'Vanneth', 'Nang', 'default.png', 'Female', '2003-09-15', 9, 3, 1, 3),
(113, 'ហ៊ន សុងអី', 'Song ley', 'Horn', 'default.png', 'Female', '2002-02-02', 10, 7, 1, 6),
(114, 'ខុម ស្រីនាង', 'Srey Neang', 'Khom', 'default.png', 'Female', '2002-02-02', 10, 7, 1, 6),
(115, 'ឃុន នីតា', 'Nita', 'Khun', 'default.png', 'Female', '2002-02-02', 10, 7, 1, 6),
(116, 'ឃុន រ៉ាទី', 'Raty', 'Khun', 'default.png', 'Female', '2002-02-02', 10, 7, 1, 6),
(117, 'កោះ សាមិច', 'Samich', 'Kos', 'default.png', 'Female', '2002-02-02', 10, 7, 1, 6),
(118, 'លីម ស្រីលក័្ខ', 'Srey Leak', 'Lim', 'default.png', 'Female', '2002-02-02', 10, 7, 1, 6),
(119, 'លី ស៊ីវម៉េង', 'Seavmeng', 'Ly', 'default.png', 'Male', '2002-02-02', 10, 7, 1, 6),
(120, 'សំ សុខរៀន', 'Sok Rourn', 'Som', 'default.png', 'Male', '2002-02-02', 10, 7, 1, 6),
(121, 'ស្រី សុវណ្ណនាថ', 'Sovan Neat', 'Srey', 'default.png', 'Female', '2002-02-02', 10, 7, 1, 6),
(122, 'ថន ចំរុង', 'Chomrong', 'Thoun', 'default.png', 'Male', '2002-02-02', 10, 7, 1, 6),
(123, 'ធឿន សិធីម', 'Sothim', 'Theun', 'default.png', 'Male', '2002-02-02', 10, 7, 1, 6),
(124, 'វ៉ាត ស្រីលីន', 'Srey Lin', 'Vat', 'default.png', 'Female', '2002-02-02', 10, 7, 1, 6),
(125, 'វ៉ាត ស្រីពៅ', 'Srey pov', 'Vat', 'default.png', 'Female', '2002-02-02', 10, 7, 1, 6),
(126, 'ណេត សុធី', 'Sothy', 'Netn', 'default.png', 'Male', '1998-09-11', 14, 7, 1, 7),
(127, 'ណេត សុឡាន', 'Solan', 'Neth', 'default.png', 'Female', '1996-01-09', 16, 7, 1, 7),
(128, 'លីម ស្រីលាភ', 'Srey leap', 'Lim', 'default.png', 'Female', '1994-03-08', 18, 7, 1, 7),
(129, 'ម៉េង សុផាន់ម៉ៃ', 'Sophanmay', 'Meng', 'default.png', 'Female', '1995-05-07', 13, 7, 1, 7),
(130, 'គីម ឡេង', 'Leng', 'Kim', 'default.png', 'Male', '1993-06-05', 19, 7, 1, 7),
(131, 'ម៉េង ស្រីរត្ថ័', 'Srey Roth', 'Meng', 'default.png', 'Female', '1995-10-08', 17, 7, 1, 7),
(132, 'កែវ ស្រីមុំ', 'Srey Mom', 'Keo', 'default.png', 'Female', '1994-06-07', 18, 7, 1, 7),
(133, 'ផល្លា ទីលីន', 'Tylin', 'Phalla', 'default.png', 'Male', '1994-08-11', 18, 7, 1, 7),
(134, 'ហុក វាសនា', 'Veasna', 'Hok', 'default.png', 'Male', '1994-11-22', 18, 7, 1, 7),
(135, 'លី ឃុនវារះ', 'Khunvireak', 'Ly', 'default.png', 'Male', '1994-05-02', 18, 7, 1, 7),
(136, 'សំ តរាវីរះបុត្រ', 'Davanvirakboth', 'Sam', 'default.png', 'Male', '2002-02-07', 10, 7, 1, 7),
(137, 'ពិន សុផា', 'Sopha', 'Pin', 'default.png', 'Male', '1998-06-01', 14, 5, 1, 9),
(138, 'ផល្លី មករា', 'Makara', 'Polly', 'default.png', 'Male', '1997-01-07', 15, 5, 1, 9),
(139, 'ពយ សុខយី', 'Sokyi', 'Poy', 'default.png', 'Male', '1996-01-26', 16, 5, 1, 9),
(140, 'ធក់ ខុម', 'Khom', 'Chork', 'default.png', 'Male', '1987-12-03', 25, 5, 1, 9),
(141, 'ម៉ែន ចិន', 'Chen', 'Men', 'default.png', 'Male', '1997-01-15', 15, 5, 1, 9),
(142, 'ហួន សុបញ្ញា', 'Sopanha', 'Houn', 'default.png', 'Male', '1998-12-18', 14, 5, 1, 9),
(143, 'គី កែវ', 'Kov', 'Ki', 'default.png', 'Female', '1997-01-05', 15, 5, 1, 9),
(144, 'ប៉ាង សុខខេត', 'Sokket', 'Phang', 'default.png', 'Female', '2002-01-01', 7, 5, 1, 9),
(145, 'ហែម សុខឃីម', 'Sokhim', 'Hem', 'default.png', 'Female', '1999-09-01', 13, 5, 1, 9),
(146, 'ពុធ ផានិត', 'Phanith', 'Put', 'default.png', 'Male', '1999-09-18', 13, 5, 1, 9),
(147, 'បូ ស្រីល័ក្ខ', 'Srey Leak', 'Bo', 'default.png', 'Female', '1998-01-01', 14, 5, 1, 9),
(148, 'ញិល ចាន់ដឿន', 'Chandoeak', 'Nhel', 'default.png', 'Male', '1991-01-01', 21, 5, 1, 9),
(149, 'ពិន សុភា', 'Sophea', 'Pin', 'default.png', 'Male', '1993-07-08', 19, 5, 1, 9),
(150, 'ធី ឡៃអាន', 'Liyoan', 'Te', 'default.png', 'Female', '1997-06-14', 15, 5, 1, 9),
(151, 'យឿង សុខរាន់', 'Sokran', 'yeng', 'default.png', 'Female', '2002-01-01', 12, 5, 1, 9),
(152, 'គិន ផានុង', 'Phanonb', 'Kin', 'default.png', 'Male', '1995-08-08', 18, 5, 1, 9),
(153, 'ផាត មាន', 'Moan', 'Phat', 'default.png', 'Male', '1994-10-25', 18, 5, 1, 9),
(154, 'ណយ ឈុរិ', 'Chury', 'Nuy', 'default.png', 'Male', '2012-01-14', 12, 5, 1, 9),
(155, 'សាមសុ្​ក្រដាលី', 'Sokdalin', 'Sam', 'default.png', 'Female', '2001-08-17', 11, 2, 1, 10),
(156, 'សាមសុ ក្រដាលី', 'Sokdaly', 'Sam', 'default.png', 'Female', '2003-10-10', 9, 2, 1, 10),
(157, 'ខៀវ រចនា', 'Rachana', 'Khiev', 'default.png', 'Female', '1999-03-17', 14, 2, 1, 10),
(158, 'សុភា នីតា', 'Nita', 'Sope', 'default.png', 'Female', '2002-03-04', 10, 2, 1, 10),
(159, 'សុខ សេនមនោរម្យ', 'Kenmonorom', 'Sok', 'default.png', 'Male', '2003-03-29', 9, 2, 1, 10),
(160, 'វ៉ាត សុផាតា', 'Socheata', 'Vath', 'default.png', 'Female', '2001-05-03', 11, 2, 1, 10),
(161, 'អ៊ំ ចិត្រា', 'Chetra', 'UM', 'default.png', 'Male', '1999-01-01', 22, 1, 1, 8),
(162, 'កេរត្ត៍ រចនា', 'Rachana', 'Khe', 'default.png', 'Male', '1999-01-01', 22, 1, 1, 8),
(163, 'ភ័ណ មាណ', 'Mala', 'Phoun', 'default.png', 'Male', '1999-01-01', 22, 1, 1, 8),
(164, 'មេត្តា', 'Metta', 'Chut', 'default.png', 'Male', '1999-01-01', 22, 1, 1, 8),
(165, 'សាម', 'Sam', 'Koun', 'default.png', 'Male', '1999-01-01', 22, 1, 1, 8),
(166, 'យស ច័ន្ទមេសា', 'Chanmesa', 'Yos', 'default.png', 'Male', '1999-01-01', 22, 1, 1, 8),
(167, 'នាង សុភណ្ឌ័', 'Sopan', 'Nhean', 'default.png', 'Male', '1999-01-01', 22, 1, 1, 8),
(168, 'កែន គីវ', 'Kiv', 'Ken', 'default.png', 'Male', '1999-01-01', 22, 1, 1, 8),
(169, 'ផីម តិច', 'Tet', 'Chim', 'default.png', 'Male', '1999-01-01', 22, 1, 1, 8),
(170, 'លន់ ស៊ីឈីម', 'Sichoeum', 'Lon', 'default.png', 'Male', '1999-01-01', 22, 1, 1, 8),
(171, 'សូម៉ាច នារី', 'Nary', 'Somrach', 'default.png', 'Male', '1999-01-01', 22, 1, 1, 8),
(172, 'ចាន់ សារ៉ាត់', 'Sarat', 'Chan', 'default.png', 'Male', '1999-01-01', 22, 1, 1, 8),
(173, 'ស្រុង វរលក៍', 'Voleak', 'Srong', 'default.png', 'Male', '1999-01-01', 22, 1, 1, 8),
(174, 'សូរី សុគន្គារា', 'Sokuntheara', 'Sory', 'default.png', 'Male', '1999-01-01', 22, 1, 1, 8),
(175, 'អេង ផល្លី', 'Phally', 'Eng', 'default.png', 'Male', '1999-01-01', 22, 1, 1, 8),
(176, 'ពៅ សុភព', 'Sopheap', 'Pov', 'default.png', 'Male', '1999-01-01', 22, 1, 1, 8),
(177, 'ម៊ែន អមរ៉ា', 'Amara', 'Men', 'default.png', 'Male', '1999-01-01', 22, 1, 1, 8),
(178, 'ឈុន ដាណែត', 'Danet', 'Chhoun', 'default.png', 'Male', '1999-01-01', 22, 1, 1, 8),
(179, 'សុទ ស្រីរ័ត្ន', 'Sreyrath', 'Soth', 'default.png', 'Male', '1999-01-01', 22, 1, 1, 8),
(180, 'លង ស្រីងីន', 'Sreytin', 'Long', 'default.png', 'Male', '1999-01-01', 22, 1, 1, 8),
(181, 'ផា ស្រីមុំ', 'Sreymom', 'Chea', 'default.png', 'Female', '1999-01-01', 22, 1, 1, 8),
(182, 'ផា ផល្លី', 'Phally', 'Chea', 'default.png', 'Male', '1999-01-01', 22, 1, 1, 8),
(183, 'ខែ សុខលីន', 'Soklin', 'Khal', 'default.png', 'Male', '1999-01-01', 22, 1, 1, 8),
(184, 'ចេង ផល្លី', 'Phorly', 'Chhen', 'default.png', 'Male', '1999-01-01', 22, 1, 1, 8),
(185, 'សន សីលា', 'Seyla', 'Sorn', 'default.png', 'Male', '1999-01-01', 22, 1, 1, 8),
(186, 'ស៊ីន ឡែហៀក', 'Laiheak', 'Sun', 'default.png', 'Male', '1999-01-01', 22, 1, 1, 15),
(187, 'ស៊ីម ស៊ីនឿន', 'Sinoeurn', 'Sim', 'default.png', 'Male', '1999-01-01', 22, 1, 1, 15),
(188, 'ឆេង សុនលី', 'Sovannara', 'Chhom', 'default.png', 'Male', '1999-01-01', 22, 1, 1, 15),
(189, 'ផុំ សុវណ្ណារី', 'Sounly', 'Chhang', 'default.png', 'Male', '1999-01-01', 22, 1, 1, 15),
(190, 'វង្ស ចាន់ធូ', 'Chanthou', 'Vong', 'default.png', 'Male', '1999-01-01', 22, 1, 1, 15),
(191, 'ថាន វិបុល', 'Vibol', 'Than', 'default.png', 'Male', '1999-01-01', 22, 1, 1, 15),
(192, 'ហេង ចាន់ដា', 'Chanda', 'Heng', 'default.png', 'Male', '1999-01-01', 22, 1, 1, 15),
(193, 'ឃួថ ឌឹម', 'Doeun', 'Koch', 'default.png', 'Male', '1999-01-01', 22, 1, 1, 15),
(194, 'សឿន ចាន់នី', 'Channy', 'Sooeun', 'default.png', 'Male', '1999-01-01', 22, 1, 1, 15),
(195, 'ខាន ដារ៉ា', 'Dara', 'Khan', 'default.png', 'Male', '1999-01-01', 22, 1, 1, 15),
(196, 'រស់ សាវតា', 'Saokea', 'Ros', 'default.png', 'Male', '1999-01-01', 22, 1, 1, 15),
(197, 'មឿន ស្រីមុំ', 'Sreymom', 'Moeun', 'default.png', 'Male', '1999-01-01', 22, 1, 1, 15),
(198, 'សេន សុខហេង', 'Sokheng', 'Sen', 'default.png', 'Male', '1999-01-01', 22, 1, 1, 15),
(199, 'ខេន សារឿន', 'Sareoun', 'Ren', 'default.png', 'Male', '1999-01-01', 22, 1, 1, 15),
(200, 'សឿន មុំ', 'Mom', 'Soeung', 'default.png', 'Male', '1999-02-01', 22, 1, 1, 15),
(201, 'ហ៉ន សុផល', 'Sophal', 'Horn', 'default.png', 'Male', '1999-01-01', 22, 1, 1, 15),
(202, 'ផន សុផារី', 'Sothary', 'Phorn', 'default.png', 'Male', '1999-01-01', 22, 1, 1, 15),
(203, 'ធី លីណា', 'Lina', 'Ty', 'default.png', 'Female', '1999-01-01', 22, 1, 1, 15),
(204, 'សេក សុបញ្ញា', 'Sophanna', 'Sek', 'default.png', 'Male', '1999-01-01', 22, 1, 1, 15),
(205, 'សុភត្រ្តី', 'Sophea', 'Chhuon', 'default.png', 'Male', '1999-01-01', 22, 1, 1, 15),
(206, 'វង់ ធីតា', 'Tynay', 'Vong', 'default.png', 'Male', '1999-01-01', 22, 1, 1, 15),
(207, 'ចាន់ វីដា', 'Vida', 'Chan', 'default.png', 'Female', '1999-01-01', 22, 1, 1, 15),
(208, 'ឈីវ ពិដោរ', 'Pidor', 'Chhiv', 'default.png', 'Male', '1999-01-01', 22, 1, 1, 15),
(209, 'សេង ថែណា', 'Thaina', 'Seang', 'default.png', 'Female', '1999-01-01', 22, 1, 1, 15),
(210, 'អ៊ួ សុភា', 'Sophea', 'Ou', 'default.png', 'Female', '1999-01-01', 22, 1, 1, 15),
(211, 'សួន សិរីរ័ត្ន', 'Sereiroth', 'Soun', 'default.png', 'Female', '1998-08-20', 14, 2, 1, 11),
(212, 'សុភា ហុកលី', 'Hokly', 'Sophea', 'default.png', 'Male', '1997-04-20', 14, 2, 1, 11),
(213, 'ឆន ស្រីរ័ត្ន', 'Sreyroth', 'Chon', 'default.png', 'Female', '1995-09-12', 16, 2, 1, 11),
(214, 'នឿន ចិត្រា', 'Chetra', 'Noeun', 'default.png', 'Male', '1999-01-03', 13, 2, 1, 11),
(215, 'កូវ កូលបុត្រ', 'kolboth', 'Kov', 'default.png', 'Male', '1998-07-31', 14, 2, 1, 11),
(216, 'អ៊ុង ប៉ូគាង', 'Pokeang', 'Ung', 'default.png', 'Male', '1999-01-01', 22, 1, 1, 16),
(217, 'អ៊ំ ដាលីន', 'Dalin', 'Um', 'default.png', 'Female', '1999-01-01', 22, 1, 1, 16),
(218, 'នឹម ទិត្យសកិ្ត', 'Tetyasak', 'Nem', 'default.png', 'Male', '1999-01-01', 22, 1, 1, 16),
(219, 'មិច តុលា', 'Tola', 'Mech', 'default.png', 'Male', '1999-01-01', 22, 1, 1, 16),
(220, 'អ៊ឹម ស៊ីរឹម', 'Sirem', 'Em', 'default.png', 'Male', '1999-01-01', 22, 1, 1, 16),
(221, 'ហឿន គន្ធា', 'Kunthea', 'Hoeung', 'default.png', 'Male', '1999-01-01', 22, 4, 1, 16),
(222, 'យន​ ស៊ីនុច', 'Sinot', 'Yun', 'default.png', 'Male', '1999-01-01', 22, 1, 1, 16),
(223, 'ហឿន គន្ធា', 'Kunthea', 'Hoeung', 'default.png', 'Male', '1999-01-01', 22, 1, 1, 16),
(224, 'ហេង ស្រីលីន', 'Sreylin', 'Heng', 'default.png', 'Female', '1999-01-01', 22, 1, 1, 16),
(225, 'ផេង សុផាន់ម៉ែ', 'Sophany', 'Pheng', 'default.png', 'Female', '1999-01-01', 22, 1, 1, 16),
(226, 'សាយ យ៉ាន', 'Yan', 'Say', 'default.png', 'Male', '1999-01-01', 22, 1, 1, 16),
(227, 'ប៊ន ពេង', 'Pen', 'Pon', 'default.png', 'Female', '1999-01-01', 22, 1, 1, 16),
(228, 'សេង ចាន់ហេង', 'Chanheng', 'Sen', 'default.png', 'Male', '1999-01-01', 22, 1, 1, 16),
(229, 'ផឹម់ សុភ័ក្រ្ត', 'Sopheak', 'Chhem', 'default.png', 'Male', '1999-01-01', 22, 1, 1, 16),
(230, 'ហេង រដា', 'Ratha', 'Heng', 'default.png', 'Male', '1999-01-01', 22, 1, 1, 16),
(231, 'ព្រក ស្រីមុំ', 'Sreymom', 'Prak', 'default.png', 'Female', '1999-01-01', 22, 1, 1, 16),
(232, 'នាថ ឧស្សាហ៍', 'Usa', 'Neat', 'default.png', 'Male', '1999-01-01', 22, 1, 1, 16),
(233, 'នី ស្រីពេជ្រ', 'Sreypech', 'Ny', 'default.png', 'Female', '1999-01-01', 22, 1, 1, 16),
(234, 'គង់ វាសនា', 'Veasna', 'Kong', 'default.png', 'Male', '1999-01-01', 22, 1, 1, 16),
(235, 'ស្រី វិឆឹយ', 'Vichhay', 'Serey', 'default.png', 'Male', '1999-01-01', 22, 1, 1, 16),
(236, 'ភព', 'Pheas', 'Phoub', 'default.png', 'Male', '1999-01-01', 22, 1, 1, 16),
(237, 'រឿន', 'Roeum', 'Sriep', 'default.png', 'Male', '1999-01-01', 22, 1, 1, 16),
(238, 'ចាន់ នី', 'Channy', 'Ben', 'default.png', 'Female', '1999-01-01', 22, 1, 1, 16),
(239, 'ហួន ថិត្រា', 'Chantha', 'Houn', 'default.png', 'Male', '1999-01-01', 22, 1, 1, 16),
(240, 'ម៉ៃ ចាន់ធា', 'Chathea', 'Mal', 'default.png', 'Male', '1999-01-01', 22, 1, 1, 16),
(241, 'ខេម រា', 'Kamara', 'Khlan', 'default.png', 'Male', '1999-01-01', 22, 1, 1, 16),
(242, 'កូត ស្រីនាង', 'Srey Neang', 'Kot', 'default.png', 'Female', '1995-01-20', 18, 8, 1, 14),
(243, 'អន ស្រីអូន', 'Sreyoun', 'On', 'default.png', 'Female', '1995-02-01', 18, 8, 1, 14),
(244, 'មាន ហេង', 'Heang', 'men', 'default.png', 'Female', '1995-01-01', 18, 8, 1, 14),
(245, 'ស្រី កញ្ញា', 'Kanha', 'Srey', 'default.png', 'Female', '1995-01-01', 18, 8, 1, 14),
(246, 'ផេង លី', 'ly', 'peang', 'default.png', 'Female', '1997-03-03', 16, 8, 1, 14),
(247, 'សុទ្ធ ចានធឿន', 'Ten', 'Sokchan', 'default.png', 'Female', '1995-03-10', 18, 8, 1, 14),
(248, 'យុន សៀងនៃ', 'Seangnai', 'Yun', 'default.png', 'Female', '1992-09-06', 21, 8, 1, 14),
(249, 'ម៉ូវ ធីតា', 'Tida', 'mov', 'default.png', 'Female', '1994-01-01', 19, 8, 1, 14),
(250, 'លូន ស៊ីនួន', 'Sinoun', 'Lone', 'default.png', 'Female', '1995-04-13', 18, 8, 1, 14),
(251, 'លី ស្រីយ៉ា', 'Sreyya', 'Li', 'default.png', 'Female', '1996-12-09', 17, 8, 1, 14),
(252, 'សម្យត្តិ ល័ក្ខណា', 'Leakkana', 'Sombat', 'default.png', 'Female', '1997-03-23', 16, 8, 1, 14),
(253, 'ចាន់ ប៉ុលបញ្ញា', 'Bolbanha', 'Chan', 'default.png', 'Female', '2004-11-30', 8, 2, 1, 13),
(254, 'ផល សូចាន់បូរី', 'Sochanborey', 'Pol', 'default.png', 'Female', '2005-07-23', 7, 2, 1, 13),
(255, 'គង់ ចាន់ភក្ដី', 'Chanpekdey', 'Kung', 'default.png', 'Male', '2005-01-12', 7, 2, 1, 13),
(256, 'ទី ពិសី', 'Pisey', 'Ti', 'default.png', 'Female', '2003-12-01', 9, 2, 1, 13),
(257, 'គឹមចាន់ តារារស្មី', 'Dararsmey', 'Kemchan', 'default.png', 'Female', '2003-03-01', 9, 2, 1, 13),
(258, 'នូ វង្ស', 'Vung', 'Nu', 'default.png', 'Male', '2000-01-01', 12, 2, 1, 13),
(259, 'ធឿន វីរះ', 'Virek', 'Ten', 'default.png', 'Male', '2002-12-02', 10, 2, 1, 13),
(260, 'ពៅ ដារាវីច្ឆ័យ', 'Daravichay', 'Pov', 'default.png', 'Male', '2003-02-01', 9, 2, 1, 13),
(261, 'ពាង ចាន់រដ្ថា', 'Chanrotha', 'Peng', 'default.png', 'Male', '2000-03-03', 12, 2, 1, 13),
(262, 'ទេព ហ្វីលីប', 'Pileb', 'Tep', 'default.png', 'Male', '2000-09-07', 12, 2, 1, 13),
(263, 'ពៅ ឡាច', 'Lat', 'Pov', 'default.png', 'Male', '2001-12-25', 11, 2, 1, 13),
(264, 'សូខ ចាន់ដាណែត', 'Chandaneth', 'Sok', 'default.png', 'Female', '2004-09-23', 8, 2, 1, 13),
(265, 'មឿន សុគន្ធមាលា', 'Sokunmele', 'Men', 'default.png', 'Female', '2007-08-11', 5, 2, 1, 13),
(266, 'ទី ពីសាល', 'Pisal', 'Ti', 'default.png', 'Male', '2003-06-30', 9, 2, 1, 13),
(267, 'ក្រូច សុវាន់ដា', 'Sovanda', 'Kroch', 'default.png', 'Male', '2000-10-28', 12, 2, 1, 13),
(268, 'ចាន់ ស្រីណិច', 'Sreynech', 'Chan', 'default.png', 'Female', '2006-04-15', 6, 2, 1, 13),
(269, 'ទេព ស្រីពេជ្រ', 'Sreypich', 'Tep', 'default.png', 'Female', '2006-04-12', 6, 2, 1, 13),
(270, 'វ៉ាន់ យាលីន', 'Yalin', 'Van', 'default.png', 'Male', '2001-01-06', 11, 2, 1, 13),
(271, 'ស៊ុន សូលីអ៊ីន', 'Solien', 'Sun', 'default.png', 'Female', '1999-09-09', 14, 2, 1, 13),
(272, 'ជ័យ ផល្លា', 'Polla', 'Chey', 'default.png', 'Male', '1998-06-01', 15, 2, 1, 13),
(273, 'ទេព វយ', 'Voy', 'Tip', 'default.png', 'Male', '1998-07-02', 15, 2, 1, 13),
(274, 'វាន់ ស្រីរត្ថ័', 'Sreyroth', 'Van', 'default.png', 'Female', '2002-02-02', 10, 2, 1, 13),
(275, 'វាន់ ស្រីពេជ្រ', 'Sreypich', 'Van', 'default.png', 'Female', '2004-06-12', 8, 2, 1, 13),
(276, 'ផល សូសុភក្រ័', 'Sopheak', 'Phal', 'default.png', 'Female', '2000-09-21', 12, 2, 1, 6),
(277, 'គិម ពិសិដ្ថបញ្ហា', 'Piseth Panha', 'Kem', 'default.png', 'Male', '1999-09-01', 13, 2, 1, 6),
(278, 'ទេព សុភីវឌ្ឍនា', 'Sophyvatana', 'Tep', 'default.png', 'Male', '1999-01-28', 13, 2, 1, 6),
(279, 'ទេព ថាថិនី', 'Thathiny', 'Tep', 'default.png', 'Female', '2002-07-12', 10, 2, 1, 6),
(280, 'សឿន សិទ្ធិសក័', 'Suen', 'Sithysak', 'default.png', 'Male', '2002-10-20', 14, 2, 1, 6),
(281, 'ឃី ភីហ្សា', 'Piza', 'Khy', 'default.png', 'Male', '1997-06-30', 15, 2, 1, 6),
(282, 'វួង កាលីន', 'Kalin', 'Voung', 'default.png', 'Male', '1999-02-01', 13, 2, 1, 11),
(283, 'ឃី ភីហ្សា', 'Piza', 'Khy', 'default.png', 'Male', '1997-06-30', 15, 2, 1, 11),
(284, 'សឿន សិទ្ធិសក័', 'Suen', 'Sithysak', 'default.png', 'Male', '2002-10-20', 14, 2, 1, 11),
(285, 'ទេព ថាថិនី', 'Thathiny', 'Tep', 'default.png', 'Female', '2002-07-12', 10, 2, 1, 11),
(286, 'ទេព សុភីវឌ្ឍនា', 'Sophyvatana', 'Tep', 'default.png', 'Male', '1999-01-28', 13, 2, 1, 11),
(287, 'គិម ពិសិដ្ថបញ្ហា', 'Piseth Panha', 'Kem', 'default.png', 'Male', '1999-09-01', 13, 2, 1, 11),
(288, 'ផល សូសុភក្រ័', 'Sopheak', 'Phal', 'default.png', 'Female', '2000-09-21', 12, 2, 1, 11),
(289, 'ផល សូសុភក្រ័', 'Sopheak', 'Phal', 'default.png', 'Female', '2000-09-21', 12, 2, 0, 11),
(290, 'សិម ចាន់ថា', 'Chantha', 'Soem', 'default.png', 'Female', '1994-02-01', 18, 2, 1, 12),
(291, 'នីម ប៊ុនធី', 'Bunly', 'Neam', 'default.png', 'Male', '1989-12-04', 23, 2, 1, 12),
(292, 'នូវ សំនាង', 'Samnang', 'Nou', 'default.png', 'Male', '1993-09-04', 20, 2, 1, 12),
(293, 'ដុក កក្កដា', 'Kakada', 'Duk', 'default.png', 'Male', '1993-08-07', 20, 2, 1, 12),
(294, 'ចឿវ ដៀន', 'Doeurn', 'Chev', 'default.png', 'Male', '1988-05-10', 24, 2, 1, 12),
(295, 'វ៉ង ចាន់សីម', 'Chansim', 'Vourng', 'default.png', 'Male', '1994-04-02', 19, 2, 1, 12);

-- --------------------------------------------------------

--
-- Table structure for table `tbl_teachers`
--

CREATE TABLE IF NOT EXISTS `tbl_teachers` (
  `tea_id` int(11) NOT NULL AUTO_INCREMENT,
  `tea_name` varchar(250) NOT NULL,
  `tea_sex` varchar(10) NOT NULL,
  `tea_phone` varchar(250) NOT NULL,
  `tea_address` text NOT NULL,
  `tea_email` varchar(250) NOT NULL,
  `tea_description` text NOT NULL,
  `tea_position` varchar(250) NOT NULL,
  `tea_password` varchar(250) NOT NULL,
  `tea_status` int(11) NOT NULL DEFAULT '1',
  PRIMARY KEY (`tea_id`)
) ENGINE=InnoDB  DEFAULT CHARSET=utf8 AUTO_INCREMENT=12 ;

--
-- Dumping data for table `tbl_teachers`
--

INSERT INTO `tbl_teachers` (`tea_id`, `tea_name`, `tea_sex`, `tea_phone`, `tea_address`, `tea_email`, `tea_description`, `tea_position`, `tea_password`, `tea_status`) VALUES
(1, 'admin', 'Male', '0972 666 056', 'Phnom Pehn', 'sochy.choeun@gmail.comm', 'Trainer', 'Admin', '21232f297a57a5a743894a0e4a801fc3', 1),
(2, 'Yan Vannac', 'Male', '012 584 930', '#14Eo, St242,Doun Penh,PP,Cambodia', 'vannac.yan@gmail.com', 'From 2005', 'Admin', '827ccb0eea8a706c4c34a16891f84e7b', 1),
(3, 'Sineth', 'Female', '010696951', '', 'chansineth2008@gmail.com', '', 'Teacher', '604039b0b26d104d3ad66d99bd981622', 1),
(4, 'Liya', 'Female', '093 291 912', '', 'chengliya@ymail.com', '', 'Teacher', '83bf6caa59c17cd19dc94c7c7ee5f9ab', 1),
(5, 'Nich', 'Female', '092955289', '', 'ly.srey.nich@gmail.com', '', 'Teacher', '0fb51270e088823829a516f104d7bbce', 1),
(6, 'Lita', 'Female', '093323150', '', '', '', 'Teacher', 'd6022249ddb33ec5a4e89e31df57cc67', 1),
(7, 'Dara', 'Female', '012769315', '', '', '', 'Teacher', 'b6af3f19458ec8e6faff8ee1e0440ecb', 1),
(8, 'Piseth', 'Male', '090311341', '', 'lunpiseth@gmail.com', '', 'Admin', 'd3eb9a9233e52948740d7eb8c3062d14', 1),
(9, 'Kate', 'Female', '1237', '', '', '', 'Teacher', '5be0a66b86dd75ac8ca69b73425e6c81', 0),
(10, 'tc sophea', 'Male', '', '', '', '', 'Teacher', 'dc65be99f8c6f6865715617955b85942', 1),
(11, 'Vannac Yan', 'Male', '012 58 49 30', '#14 Eo,St 242, Doun Penh , Phnom Penh, Cambodia.', 'vannac.yan@gmail.com', 'Two position teacher and Admin', 'Teacher', '3e0101ecf0d8427cf14f3f6dc2f0282d', 1);

-- --------------------------------------------------------

--
-- Table structure for table `tbl_terms`
--

CREATE TABLE IF NOT EXISTS `tbl_terms` (
  `ter_id` int(11) NOT NULL AUTO_INCREMENT,
  `ter_gen_id` int(11) NOT NULL,
  `ter_start_date` date NOT NULL,
  `ter_end_date` date NOT NULL,
  `ter_status` int(11) NOT NULL DEFAULT '1',
  `ter_name` varchar(11) NOT NULL,
  PRIMARY KEY (`ter_id`)
) ENGINE=InnoDB  DEFAULT CHARSET=utf8 AUTO_INCREMENT=12 ;

--
-- Dumping data for table `tbl_terms`
--

INSERT INTO `tbl_terms` (`ter_id`, `ter_gen_id`, `ter_start_date`, `ter_end_date`, `ter_status`, `ter_name`) VALUES
(1, 1, '2012-01-01', '2012-03-31', 1, 'Term 1'),
(2, 1, '2012-04-01', '2012-06-30', 1, 'Term 2'),
(3, 2, '2012-01-01', '2012-02-01', 1, 'Term 1'),
(4, 2, '2012-02-02', '2012-03-01', 1, 'Term 2'),
(5, 2, '2012-03-02', '2012-04-01', 1, 'Term 3'),
(6, 1, '2012-07-01', '2012-09-30', 1, 'Term 3'),
(7, 1, '2012-10-01', '2012-12-31', 1, 'Term 4'),
(8, 3, '2013-01-01', '2013-03-31', 1, 'Term 1'),
(9, 3, '2013-04-01', '2013-06-30', 1, 'Term 2'),
(10, 3, '2013-07-01', '2013-09-30', 1, 'Term 3'),
(11, 3, '2013-10-01', '2013-12-31', 1, 'Term 4');

-- --------------------------------------------------------

--
-- Table structure for table `tbl_workloads`
--

CREATE TABLE IF NOT EXISTS `tbl_workloads` (
  `wor_tea_id` int(11) NOT NULL,
  `wor_cla_id` int(11) NOT NULL,
  `wor_description` text NOT NULL
) ENGINE=InnoDB DEFAULT CHARSET=utf8;

--
-- Dumping data for table `tbl_workloads`
--

INSERT INTO `tbl_workloads` (`wor_tea_id`, `wor_cla_id`, `wor_description`) VALUES
(5, 7, ''),
(7, 6, ''),
(8, 3, ''),
(3, 3, ''),
(5, 9, ''),
(8, 4, ''),
(11, 2, ''),
(8, 8, ''),
(3, 14, ''),
(8, 13, ''),
(7, 12, ''),
(8, 11, ''),
(5, 10, ''),
(8, 15, ''),
(8, 16, ''),
(5, 5, ''),
(11, 1, '');
